+0451197399
0 09 944678 2
0 440 20615 4
0 907 062 008
0/330/25864/8
00000000
000000000
0000000000
00000000000
0000000000000
0000000010
0000000020
0000000030670
0000000054690
0000094072
0001047973
0001061615
000123361
0001643118
0001660128
0001711105
0001713345
0001841777
0001846086
0001857134
0001900277
0001961721
000200092
0002158673
0002169290
0002172755
0002210843
000221122X
0002215470
000221847X
000222318
0002228033
0002240688
0002241471
0002245019
0002245841
0002246244
0002247267
0002253151
0002254484
0002255995
0002256029
0002256606
0002256622
0002257114
0002257548
0002257610
0002258021
000225820X
000225882X
0002259001
0002259060
0002259923
0002261324
0002310694
000232539X
0002555565
0002557029
0002571579
0002713713
000276983II20
0003022870
0003701131
0004102169
0004586298
000458726X
0004700953
0004703669
0004703898
0004707710
00059139
0006117252
000611962X
0006127754
0006130712
0006132138
000613551X
0006136753
0006140238
0006144500
0006148891
0006149995
0006150624
0006154964
0006155839
0006156347
0006157149
000615929X
0006161820
0006162746
0006163351
0006163815
0006164897
000616529X
000616532X
0006165400
0006165516
0006165591
0006166512
0006167004
0006167926
0006168000
000616918X
0006170064
0006170374
0006171109
0006171168
0006171680
0006172768
0006173527
0006173543
0006174094
0006174353
0006174426
0006174434
0006174558
000617468X
0006174795
0006174817
000617499X
0006175007
000617501
0006176607
0006177018
0006177395
0006178006
0006240038
000624565X
0006267904
0006268501
0006270182
0006329101
0006329527
000633203X
0006338267
0006341942
0006361684
0006363062
0006365094
0006365280
0006367534
0006367763
0006370497
0006370527
0006373380
0006378870
0006379540
0006384129
0006386040
0006392938
00064409422
000644714620
000646466
0006470041
0006470351
0006472427
0006472613
0006473016
0006475329
0006475973
0006476007
000647618X
0006477143
0006477216
000647859X
0006478670
0006478719
0006478727
000647876X
0006479154
0006479286
0006479367
0006479499
0006479553
0006479650
0006479677
0006479758
000647988X
0006480217
0006480365
0006480918
0006481213
0006481566
0006482058
0006482066
0006482120
0006482139
0006482245
0006482783
0006482880
0006483003
0006483224
0006483704
0006483801
000648381X
0006485014
0006485251
000648526X
0006485855
0006485979
0006490018
0006490344
0006490352
0006490395
0006493548
0006493580
000649644X
0006496598
0006496946
0006497683
0006497721
0006497802
000649806X
0006498140
0006498221
0006498329
0006498396
0006498485
000649885X
0006499155
0006499414
000649983X
0006510086
0006510183
0006510345
000651040X
0006510469
0006510590
0006511120
0006511155
000651118X
0006511252
0006511376
0006511481
0006511651
0006511821
0006511848
0006511910
0006511929
0006512046
0006512054
0006512070
0006512089
0006512135
0006512178
0006512240
0006512321
0006512666
0006513077
0006513123
0006513204
0006513239
0006513417
0006513557
0006513751
0006513840
0006513905
0006513980
0006514006
000651412X
0006514219
0006514286
0006514324
0006514340
0006514375
0006514391
0006514774
0006514812
0006514855
0006530400
0006530672
0006531156
0006531768
0006531903
0006540449
0006543073
0006543545
0006544827
0006545173
0006545793
0006545807
0006545874
0006546838
0006547346
0006547583
0006547834
0006548180
0006548350
0006548539
0006548598
0006548814
0006550169
0006550436
0006550487
0006550517
000655068
0006550681
0006550894
0006551033
0006551092
0006551238
0006551270
0006551599
0006551815
0006552064
0006552250
0006552412
0006626874
0006645097
0006704298
0006712185
0006716636
0006716644
0006716660
0006716679
0006716687
0006717659
0006717667
0006722253
000672296
0006723845
0006724159
0006727492
000672843X
0006728537
0006728677
0006728774
0006728790
000673024
0006730515
0006741940
0006743242
0006743455
0006743463
0006744192
0006744214
0006744249
0006746039
0006746047
0006746624
0006747000
0006749135
0006749143
0006749151
0006749291
0006750133
0006751121
0006751229
0006753973
000675399X
0006754023
0006754155
0006754252
0006754279
0006754783
0006755186
0006755291
0006910645
0006912133
0006913822
0006915132
0006915647
0006915728
0006916147
0006918697
0006924581
0006925200
0006925596
0006925995
0006928110
0006928137
0006932126
0006939449
0006944035
0007100221
0007100442
000710068X
0007101937
0007102887
0007106130
0007107838
0007108265
0007108273
0007109075
0007109520
0007110049
0007113080
000711463X
0007118619
0007118627
0007120664
0007120680
000712113X
0007121253
0007123280
0007123809
0007123817
0007123825
0007123833
0007124007
000712728
0007127286
0007127758
0007128665
0007128959
000712970X
0007129718
0007129726
0007130317
0007131453
0007133340
0007134479
0007135718
0007137311
000713746X
0007137648
0007137699
0007137702
0007139276
0007140676
0007141858
0007142528
0007144415
0007146329
0007146353
000714637X
0007147295
0007149123
0007149220
0007149247
0007149603
0007150474
0007154534
0007154836
0007156103
0007158033
0007158750
000716002X
0007162510
0007171722
0007172826
0007627270
0007630212
0007659547
0007661525
000767242X
00094536
00099179145
00099551101
000_222_777
00108191
0012245121223
00126345
00140459
00176628
001942303250
0020125305
0020238401
002040400X
0020409206
0020427107
0020442408
002044250
0020449313
0020517602
0020518102
0020552009
0020631502
0020698402
0020794304
0020794401
0020812108
0020868308
002089130X
0021804850
00225755
00230102
0023054506
0023242205
0023401354
0023607807
0023625600
0023720808
0024096229
0024115118
0025045407
0025182005
0026258102
0026365588
00264770
0026866528
0026890356
0026892219
0027000303
00276022
002817982
0028603400
002860444X
0028604563
0028610741
0028616111
002861673
002862226X
002862869
0028636198
0028638913
0028639227
0028642635
0029359406
0030031842
0030045622
0030046181
003004622X
0030051436
0030078156
0030145023
0030145139
0030151015
0030181011
0030195160
0030200784
0030249864
0030254264
0030343984
0030469341
0030520037
003054520X
0030573122
0030576687
0030597838
0030624363
0030630134
0030632536
0030635519
0030748828
0030753740
0030803012
0030957656
0030965268
003098632X
0034472272
003453549310
0039272044
0041320182
0043091105
0044403224
0044406150
0044407726
0044409575
0045300232
004641004X
0048090131
0048231398
0048231541
0048231878
0048231886
0048232300
0048232815
0048233404
0049280392
0050034669
0050035479
0050042874
006000438Y
0060008296
0060011939
0060080841
0060083425
0060085894
006009480X
0060096195
0060110317
0060113146
0060119039
0060130210
0060132620
0060136847
0060139129
0060151056
0060157186
0060160136
0060163623
0060164832
0060175532
0060177276
0060186658
0060191872
006019443X
006019491
0060195544
0060195703
006020656X
0060278250
0060391103
0060391448
0060391502
0060392827
0060393823
0060414758
006050225
0060510323
0060518049
006052258
0060525681
0060541628
0060543884
0060551704
0060554185
0060556862
0060557109
0060557117
006055780X
006056489X
0060575557
0060591706
0060591838
0060594330
0060639024
0060668296
0060803525
0060804955
0060805137
0060805188
0060805463
0060806532
0060806745
006080694X
0060807695
0060809027
0060809884
006083093X
0060900075
006090349X
0060903538
0060907002
0060907851
0060907894
0060908335
006091282
0060913185
0060915234
0060915757
0060920114
0060921056
0060921145
0060922532
0060926317
0060926422
0060926430
0060926848
0060926864
0060927208
0060928336
0060928778
0060929510
006093008X
0060930128
0060930497
006093053
0060930535.
0060931914
0060932759
0060932767
0060932813
0060934719
0060935464
0060936231
0060936355
0060937866
0060951273
0060951281
0060951303
0060951311
0060951605
0060952431
0060954639
0060955465
0060955775
0060959576
006096393X
0060964332
0060969164
0060970790
0060971088
0060972874
0060974524
0060974729
0060975504
0060975849
006097673
0061000035
0061000876
0061000957
0061001082
0061002070
0061002615
0061002690
0061007641
0061008893
0061009059
0061012491
0061013668
0061020192
0061020400
0061030635
0061030864
0061040177
006104234X
0061042781
00610524
0061054151
0061054186
0061054437
0061054836
0061056677
0061060003
0061060119
0061060356
0061060933
0061061468
0061064130
0061065854
0061065919
0061073628
006108235X
0061082392
0061082406
0061090409
0061092541
006109367X
0061094595
0061097640
0061098877779
0061099260
0061099317
0061099422
0061319708
0061319791
006183608
00625021820
0062508148
0062511408
0062513362
0062517392
0062520059
0062546880
0062700464
0062720163
0062720465
0062737554
0062755218
006312095X
006393823
0064400484
00644005650
0064402754
0064402835
006440336
0064403548
0064404250
006440630
0064406326
0064406962
0064407691
0064408566
0064409104
00644110870
006443149
0064470229
0064471837
00644722640
0064473795
0064600424
0064637204
006471209
0064929787
006515683
006754252
0067575986
0070116997
0070179565
0070239150
0070269637
0070455597
0070527865
0070539650
0070561362
0070561567
0071169490
007122039
0072317345
0072397268
0072411406
0072414286
0072559144
0072829311
0072919833
0073034738
0073972010
0073988693
0075536579
0075537117
00766526
0078812461
0079120989
0084230911X
00876532
00898910382
0090036506
009014001
0091059801
00913664057
0091402506
0091445701
0091522307
009159250X
0091723906
0091736366
0091736854
0091746752
0091764092
0091768314
0091768500
0091768772
009177925
0091779251
0091789273
0091791677
009179353X
0091794226
0091799511
0091800552
0091801184
0091801516
0091801702
0091812968
0091816238
0091816653
0091816971
0091827574
0091828163
0091828791
0091831121
0091831210
0091831628
0091832527
0091832667
0091833310
0091833396
0091834414
0091835165
0091835402
0091836727
0091837170
0091839378
0091839564
0091839572
0091839653
0091840775
0091863279
0091865158
0091867770
009186819X
0091870070
0091870119
0091870291
0091872626
0091874564
0091874777
0091876044
0091876923
0091877865
009187789X
0091878489
0091879167
0091879248
0091880963
0091881153
0091881188
0091881544
0091882737
0091884705
0091884713
0091885175
0091886570
0091887895
0091887976
009188800X
0091895820
009294710
0094579008
0094626405
0094674108
0094717907
009508946
009699419
00977319
0099062607
0099066300
0099066408
0099074001
0099086905
0099103915
0099104717
0099134012
0099143615
0099147815
0099152401
0099154102
0099159503
0099164523
0099171406
0099175428
0099178206
0099179512
009917961X
0099182718
0099183218
0099184427
0099189615
0099191903
0099193914
0099196514
0099199505
0099199815
0099203502
0099217007
0099218216
009922271X
0099222922
009922321X
0099224119
0099224216
009922562X
0099225727
0099227428
0099233010
0099234211
0099235005
0099241404
0099244721
0099249103
0099251523
0099251922
0099255030
0099255189
0099255197
0099256126
0099259214
0099261413
0099263815
0099264366
0099265303
0099266059
0099266245
0099266997
0099267543
0099267977
0099268345
0099268620
0099269473
0099271095
0099271451
0099271494
0099271532
0099272059
0099272326
009927454X
0099274639
0099275619
0099276186
0099276585
0099277131
0099277301
0099278359
0099278367
0099278669
0099279274
0099279282
0099281082
0099281716
0099282410
009928264X
0099282917
0099282941
0099283336
0099283360
0099283697
0099283891
009928393X
009928409X
0099284367
0099284383
0099284642
0099284650
0099284812
009928491X
0099285150
0099285231
0099285258
0099285320
0099285436
0099285460
0099285924
0099286068
0099286173
0099286386
0099286424
0099286432
0099286602
009928717X
0099287692
0099287862
0099287935
0099288028
0099288230
0099288451
0099288478
0099288524
0099288672
0099288702
0099288850
0099288893
0099289393
0099289520
0099289636
0099289687
0099289954
0099289962
0099294710
0099296802
0099297701
0099298007
0099301679
0099302470
0099304503
0099307308
0099312514
0099314118
0099314614
0099315203
0099319519
0099320819
0099322609
0099323109
0099326515
0099328208
0099329417
0099331209
0099340909
0099349906
0099359502
009936221X
0099365006
0099365618
0099366711
0099366819
0099369206
0099369303
0099373009
0099373106
0099377608
0099387913
0099388308
0099392402
0099394316
0099400006
009940057X
0099402521
0099404125
0099406063
0099406160
0099408627
0099409283
0099409739
009940978X
0099409879
0099409968
0099410176
0099410184
0099410192
0099410214
0099410303
0099410311
0099410362
0099410370
0099410397
0099410435
0099410761
009941077X
0099410869
0099410893
0099410923
0099411199
0099413973
0099414589
0099414597
0099414732
0099414740
0099414759
0099414783
0099414821
009941483X
0099415054
0099415186
0099415240
0099415372
0099415720
009941578X
0099416158
0099416174
0099416379
009941676X
0099416859
0099416883
0099418371
0099419785
0099420007
0099421267
0099421755
0099421813X
0099422042
0099422468
009942254
0099422689
0099422697
009942276X
009942410X
0099426196
0099426870
0099427230
009942777X
0099427788
0099427877
0099427958
0099427974
0099428210
0099428342
0099428369
0099428385
0099428393
0099428490
0099428512
0099428652
0099429071
0099429691
0099429799
0099429985
009943184X
0099433125
0099433311
0099433621
0099433826
0099435012
009943511X
0099435268
0099435446
0099435594
0099435683
0099436744
0099437104
0099437376
0099437546
0099437961
0099438569
0099439743
0099439964
0099440784
0099441594
0099442655
0099443007
0099443392
0099445425
0099445484
0099446782
0099447053
0099447304
0099447800
0099448424
0099448769
0099448823
0099449285
0099449943
0099450054
0099450259
0099450704
0099452294
0099455692
0099456001
0099456761
0099457180
0099457210
0099457776
009945792X
0099458128
0099458144
0099459329
0099461099
0099462044
0099462214
0099462281
0099462443
0099463415
0099463601
0099464810
0099465981
0099466279
0099469626
0099470101
0099470209
0099470446
0099472201
0099475014
0099476312
0099477319
0099479915
0099482002
0099485117
0099485206
0099485311
0099485419
0099486016
0099486601
0099488418
0099494108
0099496100
009950121X
0099502704
0099502909
0099503204
0099503913
0099504006
0099512009
009951320X
0099518015
0099521210
0099521318
009952340X
0099524309
0099525100
0099527308
0099531208
0099532816
0099533014
0099536404
0099538202
0099539500
0099544415
009955271X
0099552817
0099554003
0099555514
0099556316
0099565706
0099568802
0099571609
0099578115
0099588110
0099590913
0099591111
0099591812
0099593718
0099596601
0099598701
0099600714
0099600919
009960101X
0099603713
0099613808
0099617706
0099623404
0099635305
0099637812
0099638711
0099638819
0099641615
0099663619
0099664313
0099675404
0099678209
0099681803
0099682419
0099688905
0099689510
0099697602
0099698900
009970630X
0099706415
0099710013
0099716607
0099720310
0099727315
0099727404
0099727412
0099732114
0099738813
0099740915
0099742403
0099743213
009974371X
0099747200
0099751615
009975181X
0099754711
0099754819
0099754916
0099755017
0099755114
0099771012
0099772612
0099774909
0099778807
009977920X
0099780801
009978491
0099788810
0099794616
009979991X
0099800209
0099800403
0099830000
0099831902
0099836106
0099845008
0099865807
0099866005
0099866501
0099869705
0099877104
0099881403
0099887002
0099888300
0099888408
0099894904
0099908409
0099911701
0099916401
0099917807
0099929309
0099929600
0099932903
0099935007
0099935708
0099936909
009996290X
009996340X
0099964007
0099981106
0099992000
0099998408
0108520690
0115522263
0116703261
0127790608
013010532
0130113299
0130130745
0130139351
0130156841
013019946X
0130231169
0130306622
0130384887
0130408956
0130452963
0130464171
0130492701
0130558559
0130640158
0130796816
013087552X
013091259
0131146610
0131158589
01312186886
0131867199
0131872032
0131919660
0131983334
0131984860
0132309882
0132837064
0132883090
0132967812
0133043878
0133443345
013356360X
0133622290
0133835715
013385857X
013413964X
0134487206
0134689674
0134792475
013479771
0135412935
0135430267
0135605415
0136104517
0136110045
0136155596
0136190731
0136538258
013656562X
0136639488
0136643345
0136666343
0137552246
0137610726
0137996101
0138030995
0138887101
0139024379
0139245553
0139309756
0139619216
0139705821
0139841709
01400.11749
01400.12486
01400.13225
01400.13563
01400.23089
01400.31219
01400.40994
01400.44221
01400.59024
01400.77022
0140001979
0140003185
0140004564
0140004688
0140007148
0140007466
0140008217
0140008381
0140008535
0140009728
0140011528
0140011684
0140012133
0140012486
0140013997
0140014403
0140016821
014001751
0140017852
0140017895
0140018964
014001909X
0140019138
0140019863
0140019995
0140020268
0140021930
0140022317
014002235X
014002347X
0140023593
0140024018
0140024484
0140024492
0140024999
0140025405
0140025596
0140026363
0140026568
0140028285
0140028382
0140028668
0140029265
0140029524
0140029532
0140030743
01400307430
0140031189
0140031766
0140031928
01400322612
0140034447
0140036660
0140037268
014003840X
0140039589
014004020X
0140042326
0140043047
0140044051
0140044507
0140046569
014004891X
0140049401
0140051619
014005183X
014005264X
0140053166
0140053743
0140054324
0140056521
0140057242
0140057463
0140057579
0140059105
0140059598
0140059822
0140060057
0140060235
0140060266
0140060286
0140061258
014006205X
0140062106
0140062254
0140062602
0140063331
0140063838
0140063870
0140064745
0140064818
0140067280
0140067469
0140068058
0140069712
0140070966
0140072527
014007306X
0140073175
014007385X
0140074082
0140075771
0140075992
0140077413
014007760X
0140077928
0140080252
014008441X
0140084444
0140085335
0140086269
0140087184
0140087206
0140087877
0140087885
0140088199
014008827X
0140089713
0140089756
014009430X
0140096825
0140098208
0140098798
0140098860
01401.77396
01401.85232
0140101101
014010111X
0140102183
0140102620
014010362
0140104658
0140105832
0140108106
0140108319
0140108394
0140108920
0140109595
014010979X
0140111581
014011324X
0140113878
0140115455
0140118047
0140118365
0140118608
0140118993
014011906
0140119205
0140120831
0140121145
0140121722
0140123717
0140124640
0140124993
0140126716
0140126894
0140127186
0140128204
0140130888
0140132015
014013204X
0140132910
0140133429
0140133941
0140134360
0140136088
014013784X
014013798X
0140141588
0140143882
0140145931
014014658X
0140150749
0140152148
0140153195
0140153896
0140154027
0140154272
0140156968
0140157727
0140159673
0140161252
0140165525
0140167773
0140168885
0140169601
0140170812
0140170839
0140171231
014017186X
0140172734
0140173927
0140175393
0140175431
0140175695
0140177043
0140177394
0140177906
0140180184
0140180486
0140180648
0140181555
0140181881
014018211X
0140182349
0140183590
014018368X
0140183922
0140184104
0140184732
0140184937
0140185690
0140186395
014018709
0140188223
0140188606
014018998X
0140190562
0140192239
0140195793
01402.71902
01402.75630
01402.75649
0140205284
0140207341
0140212965
014021649
014022304
0140224831
0140228349
0140231315
0140231617
0140231862
0140232311
0140232478
0140232834
0140232877
0140233989
0140234136
0140234721
014023604X
0140236139
0140237496
014023750
014023750X
0140238948
014023974X
0140240098
0140241078
0140241167
0140241639
0140241663
0140242996
0140244662
0140244891
0140245324
0140247637
0140250395
0140250549
0140251235
014025160X
0140252258
0140252924
0140254420
01402545440
0140254641
0140255788
0140256024
0140256113
0140257144
0140258418
0140258574
0140258590
014026020X
0140260498
0140261508
0140262156
0140262474
0140263179
0140263829
0140263896
0140264183
0140264736
0140266070
0140267239
0140268006
014026992
0140270361
0140270361902
0140271287
0140271791
0140271805
0140271813
0140271937
0140272062
0140272178
0140273824
0140274057
014027409X
0140274103
0140274316
014027460X
0140275398
0140275649
0140275991
0140276009
0140276335
0140276351
0140276513
0140276521
0140276726
0140276793
0140277021
014027703X
0140278737
0140278753
0140278761
014027877X
0140278788
014027927
0140279407
0140279415
0140279652
0140280391
0140280685
0140280960
0140281533
0140281878
0140282203
0140282688
0140282785
0140283501
0140283706
0140284222
0140285601
0140286268
0140286977
0140287019
0140287930
0140288953
0140290737
0140291725
0140292098
014029211X
0140292179
0140292225
0140292683
0140293507
0140294007
0140294562
0140294902
0140295941
014029628
014029726X
0140297405
0140297782
0140297790
0140299904
01403.02042
01403.09128
0140300732
0140301100
0140302050
0140303413
0140303626
0140305025
0140306013
0140306854
0140306943
0140309012
0140309314
0140310584
0140310754
0140311181
0140311750
0140312609
0140312641
0140312978
014031556X
0140315977
0140315993
0140317309
014031752
0140318143
0140318291
0140318356
0140319077
0140321497
0140321829
0140322078
0140322094
014032397X
014032462
0140324623
014032559X
0140326499
0140327770
014032871
0140340009
0140340718
0140341773
0140341781
0140343717
0140344764
0140346260
0140346341
0140347968
0140348263
0140348522
0140349472
0140350004
0140350098
0140360344
0140361472
0140363254
0140363424
014036454
0140365702
014036675X
014036689X
0140367454
0140368213
0140368965
0140369015
0140369104
0140369252
0140369325
0140369910
0140371540
0140371567
0140371796
0140372334
0140373136
0140373209
0140373624
0140375171
0140375767
0140376380
0140377336
0140379444
01403798501
0140379851
0140380191
0140380353
014038572
0140386262
0140386270
0140386637
0140387994
0140388125
0140390464
0140390480
01404.32639
014040001X
0140421483
0140421750
0140430032
0140430059
0140430067
0140430113
0140430121
0140430180
0140430229
0140430288
0140430296
0140430350
0140430474
0140430636
0140430725
0140430822
014043089X
0140431071
0140431357
0140431586
0140431713
0140433139
0140434003
0140434151
014044.0100
0140440623
0140441557
0140441573
0140441654
0140442979
014044369X
014044386X
0140445978
0140466835
014048.1346
014048.1354
0140480153
014048048X
0140480617
0140482202
0140501738
0140510133
0140511687
0140512276
0140523693
014056182X
0140580255
0140586520
0140620117
0140620133
0140620141
014062015X
0140620168
0140620176
0140620184
0140620257
0140620273
014062029
0140620303
014062032X
0140620338
0140620451
014062046X
0140620486
0140620540
0140620567
0140620583
0140620613
0140620656
0140620788
0140620796
0140620826
0140620877
0140620958
0140621008
0140621091
0140621148
0140621199
0140621229
0140621253
0140621415
014062161X
0140621679
0140621725
0140621733
0140621741
0140621806
0140621903
0140621970
0140622012
0140622020
0140622039
0140622055
0140622071
0140622152
0140622195
0140622217
0140622225
0140622381
0140622535
0140622578
0140622780
0140707123
014070714X
0140807039
0140814361
0140815031
014081793X
0140861041
0140862919
0140863222
0140863281
0140865519
0140865756
014086637X
0140868895
0140869115
01410.0018X
0141000848
0141001240
0141001658
0141002603
0141003375
0141004312
0141004789
0141005688
014100648X
0141006870
0141006978
014100858X
014100892X
0141009160
014101038X
0141010827
0141010843
0141010878
0141011513
0141011548
0141011904
0141011947
0141012250
0141012420
0141012641
0141013109
0141014741
0141015624
0141016434
0141016582
0141018216
01410342826
0141181214
0141181494
0141182474
0141182490
0141182539
0141182563
0141182571
0141182601
0141182636
0141182709
0141183101
0141183454
0141184256
0141185260
0141185627
0141300477
0141302828
0141304871
0141304898
0141305061
0141305576
014130689
0141309431
0141309911
014131088
0141311282
0141311304
0141311436
0141311916
0141311959
0141312122
0141312130
0141312521
0141314818
0141314915
0141315482
0141315970
0141328718
0141439319
0141439769
0141801972
0141802812
0141803037
01420000981
0142001384
014200174
0142004286
0142301655
0143000993
0143001566
0143003011
0143012711
014366020444
014501668
014504894
0146000064
0146000145
014600017
0146000250
0146000277
0146000447
0146000501
0146000552
0146000579
0146000587
0146000625
0146001079
0146001621
014600163X
0146001915
0146001958
0146002032
0146003128
0146003241
014600373X
0146621482
0151006849
0151172331
0151740313
0151829756
0152000860
0152002405
0152167110
0153117346
015334850X
0153351454
0153471573
0153536411
015371123X
015412151550
0155013459
0155025384
0155054236
0155082434
0155137905
015541352X
015558366150
0155770810
0155802372
0155826069
01559027830
0156007517
0156013893
0156013924
0156013983
0156027321
0156030209
0156148501
0156260328
015644450X
0156445441
0156551381
0156628635
0156899825
0157175308
015732295710
0159011353
0160519800
0170054233
0171020010
0175560064
017602087X
0176034153
0176073795
0176330402
018629111340
018759897060
018846151550
01908780672
0192713434
0192720589
0192731254
0192750526
0192750585
0192751395
0192770969
0192771043
0192781170
0192810545
0192810847
0192814486
0192815008
019281513X
0192815148
0192815431
0192815466
0192818147
0192818155
0192818252
0192829602
0192833383
0192834851
0192835084
0192835181
019283584X
0192875892
0194216373
0194216403
019421673X
0194219321
019422693X
0194227073
0194228169
019423035X
0194230759
019424217X
0194242226
019424282X
0194312828
0194335607
0194371417
0195003438
0195012410
0195016459
0195016521
0195017854
0195027183
0195052161
0195133129
019519988X
0195402030
0195404882
0195407563
0195407857
0195536878
0195546644
0195805763
0195813898
0195854004
019678974
0198320221
0198607024
0198611315
0198770863
020042775
0201000237
0201042274
0201043823
0201118637
0201139898
0201432889
0201539926
020177125X
0201896834
0205077331
0205080014
0205086802
0205313426
0205330738
0207131961
0207133832
0207149127
0207151555
0207157545
0207157758
0207167303
0207175098
0207178941
0207184984
0207189331
0207190569
020719078X
0207191158
0207191433
0207197792
0207197911
0211107835
021758578
0218140915
0219764110
0222691247
0224018558
0224020404
0224021656
0224028367
0224032879
0224035878
0224037498
0224041185
022404270X
0224043439
0224043846
0224044044
0224046918
0224050036
0224050397
0224050559
0224051083
0224051245
022406004X
0224060058
022406103
0224061089
0224061267
0224062255
0224062387
0224063782
0224064916
0224073087
0224606352
022530102190
0226143244
0226307786
0226307859
0226469409
0226534154
0226702812
0226719731
0231041527
0231067313
0231072996
0232519250
0233969020
0233977740
0233983198
0233985514
0233990550
023399226X
0237521768
0241002508
0241002869
0241105935
0241123968
0241130336
0241139554
0241139988
0241140935
0246137339
0252013964
0253188709
025320660X
0256023379
0256036608
0256115893
0256156034
0261102214
0261102311
0261102354
0261102370
0261102737
0261103253
0261103547
0261103628
0261107237
0261660682
0261660748
0261661787
0261662066
026166378X
0261664190
0261664271
0261666428
0261666614
0261669168
0261671103
0261673955
0262520443
0263716048
0263718808
0263734943
0263738604
026373918
0263743047
026374311X
0263746607
026374874X
0263757951
0263760480
0263767736
0263768147
0263768694
0263768996
026379850X
0263823229
0263826988
0263827399
0263827445
0264669886
0271684097
0271772837
02750225305
0276000803
0276421205
0276421930
0276425855
0276426762
0276427335
0276428153
0277300594
0283063300
0283986107
0283988681
0283990481
0283994029
0285628070
0285629298
0285631039
028563223X
0285634291
028563450X
028606639
0286133059
02903081457
0290620040
029270769X
0292710658
029271534X
0292755651
0292760280
0292765495
0292785143
029398006999
0297786024
0297788043
029779440X
0297829742
0297833626
029783634X
0297836358
0297836366
0297836374
0297836382
0297836412
0297843036
03.7156.7
0300076754
0300084293
0301982229
030371706
0304344494
0304351679
0304354767
0304364967
0306406861
0306804948
0307001202
0307001261
0307010+880
0307010708
0307015033
0307021459
030702377X
0307029395
0307055396
0307059820
0307060837
0307090515
0307101312
0307101614
0307101770
0307105504
0307112039
0307119556
030712133X
0307127095
0307127969
0307128539
0307130924
0307140148
0307159906
0307165477
0307168549
0307177092
0307190986
0307199088
0307213064
0307215148
0307215210
0307215229
0307215881
0307216012
0307216209
0307216233
0307216330
0307222519
030724706
0307248038
0307257282
0307261050
030727635X
0307302105
0307602230
030760263X
0307617149
0307681027
0307681157
0307681181
0307701034
0307701042
0307701115
0307701174
0307701182
0307701190
0307701204
0307995046
0310210127
0310226554
0310257123
0310268001
0310269318
0310270421
0310275121
0310277825
0310318025
0310320925
0310373115
0310373816
0310466628
0310467020
0310468728
0310515114
0310711118
0310902622
0310903823
0310906520
0310916534
0310926653
0310928044
0310945666
0310980755
0310981107
0312003129
0312003420
0312005598
0312005679
0312008465
0312021739
0312078889
0312082274
031210104X
0312112203
0312113102
0312115288
031211558X
0312118279
0312148496
0312152639
0312154305
0312171617
0312180160
0312183844
0312185863
0312187947
0312192843
0312193068
0312195826
0312200196
0312203039
0312205406
0312205465
0312206291
0312216130
0312216599
0312241704
0312242530
0312243022
0312245459
0312252943
0312253737
0312265840
0312265867
0312270178
0312270453
0312275285
0312280637
0312305664
0312319142
0312394195
0312420145
0312421435
031242258X
0312436408
0312482051
0312484844
0312487975
0312498705
0312585365
0312631901
0312850956
0312855486
0312857063
0312858760
0312865031
031286535X
0312866100
0312868294
0312874278
0312890044
0312892217
0312902344
0312906366
0312909748
0312915438
0312915853
0312920598
0312922728
0312923376
0312923430
0312924208
0312924313
0312924607
0312926103
0312929013
0312930445
0312957955
0312964986
031296924
0312969899
0312971303
0312972849
031297493
0312976275
0312976844
0312979811
0312981546
0312983271
0312984294
0312987013
0312991738
0313229392
0313299908
0314023534
0314473572
031476271X
0314852514
0316058432
0316082759
0316087610
0316103098
0316112445
0316115452
0316142417
0316143464
0316154075
0316154601
0316158259
0316158402
0316170720
0316171476
0316173282
0316180661
0316184195
0316236683
0316281697
031628495
0316289124
0316289418
0316314803
0316316962
0316339873
0316346624
0316351679
0316353299
0316355208
0316358320
0316358371
0316358398
0316488399
031651191
0316517305
0316542253
0316555525
0316569321
0316578398
0316603287
0316606847
0316611107
0316613231
0316641685
0316648051
0316648167
0316648582
0316666346
0316693251
0316710571
0316724947
0316726036
0316726613
0316734357
0316735647
0316754315
031676948
0316769495
0316769568
0316777218
0316777730
0316779237
0316798118
0316806870
0316809063
0316846473
0316848727
0316849561
0316850799
0316854913
0316855995
0316857718
0316857793
0316859109
0316861634
0316876712
0316880159
0316880620
0316881813
0316882526
0316906271
0316925284
0316926051
0316926116
0316952664
0318636018
0321024087
0321060490
0329132679
0330020293
0330020358
0330021044
033002115X
0330021354
0330021400
0330022830
0330023055
0330025511
0330025805
0330026410
0330026623
0330027042
0330027840
0330028715
0330028839
0330029487
0330029509
0330029657
0330102214
0330103997
0330105396
0330105701
0330105973
0330107372
0330201700
0330233904
0330235435
0330236296
0330236474
0330237012
0330237268
0330237829
0330240587
0330240633
0330241184
0330241443
0330241532
0330242245
0330242334
033024308X
0330243322
0330243829
0330244086
0330244310
0330244914
0330246208
0330247093
0330247735
0330247999
0330248308
0330248332
0330248367
0330248561
033024887I
0330252429
033025278X
0330253069
0330253077
033025359X
0330253603
0330255797
0330255991
0330256203
0330256904
0330257064
0330258648
0330259482
033025975X
0330261878
0330262300
0330262939
0330263064
0330264001
0330264044
033026463X
0330265318
0330265563
0330266020
0330266357
0330266454
0330266624
0330266667
0330267396
0330267639
0330268325
033026916X
0330269186
0330269194
0330273930
0330274864
0330280031
0330281216
0330282514
0330282794
0330283014
0330283022
0330283375
033028407X
03302844142
0330285335
0330285521
033028620X
0330286404
0330287001
0330288369
0330290703
0330290819
0330291475
0330291971
0330293737
033029492X
0330295713
0330296108
0330296302
0330297228
0330297538
0330298739
0330299123
033029976X
0330300059
0330300709
0330300822
0330301276
0330301624
0330301721
0330302078
0330302434
0330302639
0330303759
0330303880
0330304348
0330305131
0330305603
033030660X
0330309552
0330309579
0330310402
0330310453
0330311735
0330311859
0330312367
0330313746
0330313991
0330315323
033031582
0330315846
0330315854
0330315870
0330316060
0330316117
0330316338
0330316710
0330316818
0330317202
0330319418
0330319655
0330319728
0330319922
0330320025
0330321293
0330321528
0330322443
0330323075
0330323121
0330324195
0330324861
033032635X
0330326430
0330326627
0330327542
0330327674
0330328565
0330328913
033032952
0330330861
0330331663
0330331779
0330331787
0330332651
0330333070
0330333402
0330334697
0330335065
0330335723
0330335804
0330336320
0330336363
0330336614
0330337041
0330337173
0330338501
0330339184
0330339672
0330340255
0330340395
0330342452
0330343467
0330344153
0330344293
0330344404
0330344625
0330345044
0330345249
0330346342
0330346911
0330347462
033034837X
0330348477
0330348906
033034935
0330351346
0330351699
033035180X
0330351834
0330352024
0330352512
0330352857
0330353284
0330354469
0330355279
0330356321
0330356607
0330357190
0330357417
0330360744
033036085X
0330362100
0330362704
0330362925
033036300X
0330363670
0330363719
0330364383
0330364472
0330364553
033036734X
0330367358
0330367455
0330369024
0330369032
0330369768
0330371258
0330371967
0330373234
0330373269
0330373447
0330375660
0330377183
0330379003
0330392417
0330392840
0330397257
0330397761
0330397796
0330397915
0330398083
033039908X
0330400061
0330400088
0330400207
0330400215
0330400967
0330411500
0330411748
0330412752
0330412965
0330413163
0330413201
0330413295
0330415077
0330415158
0330415441
033041836X
0330419145
033042002x
0330427660
0330480065
0330480081
033048172X
033048205
0330482068
0330482122
0330482173
0330482335
0330482475
0330482920
033048477X
0330485032
0330485180
0330485385
03304855390
0330486144
033048625X
0330487388
03304877965
0330488333
0330488570
0330489461
0330489658
0330489674
0330490443
0330490680
0330490877
0330490982
0330491202
0330491210
0330491229
0330491237
0330491431
033049189X
0330493744
0330500023
0330503049
0331561685
0333024515
0333097610
0333185153
0333230671
0333247795
0333278437
0333334027
0333344634
0333358503
0333361458
0333390083
0333408209
0333410386
0333414101
033341411X
0333490991
0333516265
0333533925
0333533984
0333595394
0333602250
0333632923
0333638409
0333638557
0333710525
0333711335
0333714482
0333738810
0333741676
0333761170
0333763777
0333764323
0333765571
0333766288
0333779606
0333781627
0333782666
0333782690
0333900812
0333902025
0333906306
0333931980
0334011698
0339143416
03395775396
0340010908
0340020326
0340032316
0340036753
0340040025
0340040181
0340042486
0340104317
034012508X
034012847X
0340129751
0340134690
034015098X
0340151110
0340158298
0340158344
0340162090
0340162791
0340168811
0340177926
0340186119
0340188022
0340188138
0340193212
034019815X
034020530X
0340209151
034021788X
0340227109
0340230282
0340232625
0340233990
034023475X
0340250607
0340250690
034025307X
0340255730
0340258292
0340258306
0340262605
0340265973
0340275324
0340276274
0340276630
0340277335
0340282010
0340329629
0340335017
0340337923
0340353317
0340367539
0340369078
0340373318
0340378492
0340385995
0340393004
0340393130
034040860X
0340412909
0340421274
0340425415
0340425636
0340428023
0340491817
0340493976
0340494344
0340494379
0340494832
0340496851
0340499087
0340511273
034051616X
0340521171
0340530855
0340535236X
0340542667
034054287X
034054886X
0340568895
0340569166
0340577118
0340580011
034058269
0340582693
0340586117
034059022X
0340592435
0340595507
034060428X
0340606517
0340606975
034060834X
0340608595
0340620811
0340621877
0340623330
034062471X
0340626585
0340628367
0340629681
0340634448
0340636092
0340638184
0340639806
0340640146
0340640871
0340646853
0340649305
0340654112
0340654236
0340654287
0340657499
0340657545
0340658169
0340660139
0340660147
0340660805
0340661224
0340671548
0340671777
0340672021
0340672765
0340672854
0340674334
0340674539
0340675144
0340680466
0340680601
0340680660
0340681470
0340682086
034068223X
034068271X
034068464X
0340685794
0340685964
0340689145
0340689625
0340696389
0340696443
0340696761
0340703490
034070750X
0340707909
0340710241
0340710292
0340713208
0340716002
0340716991
0340717610
0340718161
0340718196
034071820X
0340718269
0340718285
0340718684
0340718773
0340727071
0340728213
0340728884
0340728981
0340733292
034073339X
034073356X
0340733578
0340734701
0340738995
0340747978
0340748184
034074880X
0340750197
0340750529
0340750944
0340751673
034075706
0340765364
0340765593
0340766050
0340767405
034076788X
0340767944
0340767952
0340768010
0340769181
0340769203
034076998X
0340770457
0340770694
0340770724
0340770732
0340770848
0340771194
0340792965
0340818573
0340818670
0340818964
0340819006
0340819901
034082008X
0340820306
0340821132
0340822546
0340823046
0340823437
0340824425
0340824441
034082557X
0340825766
0340825928
0340825936
0340825987
0340826339
0340828900
0340830549
0340843497
0340854596
03408545960
0340855274
0340872233
0345015037
0345020065
0345235150
0345235169
0345240324
034524625X
0345248007195
0345249402
034525077X
0345251490
034525290X
0345253361
0345253450
0345253507195
0345253523
0345253892
0345254341
0345255232195
0345256085195
0345256123
0345256131
0345256530
0345256557
0345257111
034525743X
0345257596
0345258819
0345259521
0345260406
0345265606
0345271122
0345271599
034527170X
0345272552
0345273516
0345274180
0345275136
0345277740
0345278461
0345278674
034528089X
0345281527
0345281721
0345282140
03452822256
0345282647
0345282892
0345282930
0345284011
0345284267
0345284364
0345284631
0345286200
0345286480
0345286863
0345287401
0345287878
0345288866
0345289129
0345289226
0345289501
0345290240
0345293509
0345293711
0345294823
0345294904
0345294912
0345295064
0345295463
034529601X
0345296575
0345296591
0345296982
0345297504
0345298365
0345298616
0345300742
0345300912
0345301471
0345303318
0345304225
0345304543
0345304926
0345305477
0345305795
0345306252
0345306864
0345306929
0345308875
0345308921
0345309081
0345309200
0345311183
0345311965
034531252X
0345312694
034531386
0345314220
034531428
0345314476
0345315324
0345315588
0345316479
0345317424
0345317599
0345317769
0345318102
0345320204
0345321987
0345322460
0345323114
0345325818
0345327616
0345331486
0345332989
0345334841
0345335082
0345335287
0345335325
0345336984
034533762
0345339274
0345339738
0345340426
0345345621
0345349040
034535049
0345354658
0345357019
0345357191
0345364201
0345365704
0345365720
0345367359
0345368452
034537147X
034537150X
0345373391
0345374010
0345377788
0345378784
0345379632
0345380371
0345384369
03453844660
0345388895
0345391756
0345400062
0345401336
0345402383
0345421620
0345435001
0345435737
0345436121
0345439074
0345439325
034543943
0345440412
034544194X
0345442989
034544686
0345447220
0345448898
0345448928
0345450221
0345452364
0345455711
034545737
0345459393
0345459407
0345465636
0345465644
0349100640
0349101779
0349102155
0349102708
0349103232
0349103313
0349105103
0349105414
0349105529
0349105863
0349106002
0349106673
034910672X
0349108145
0349108307
0349108390
0349108854
034910896X
0349109117
0349110506
0349110859
0349111650
0349112592
0349112770
0349113149
0349114501
0349114749
0349114773
0349114859
0349114900
0349114943
0349115001
0349115052
0349115214
0349116180
0349116652
034911675X
0349117004
0349117047
0349131627
034991401218
0351173463
035230409X
0352305312
0352309350
0352314788
0352321121
0352323108
0352328592
0352395060
0352397438
035332306X
0355310306
0356206521
0357325444
0358509456
0361027974
0361074662
0370014170
0370303954
0370307038
0370307143
0370310330
0373005628
037301325095
0373013655
037301760X
0373018185
0373020015
0373020082
0373020295
0373020694
0373020732
0373021194
0373021623
0373021704
0373021968
0373022026
0373022409
0373022638
0373022778
0373022786
0373023480
0373024525
0373024606
0373024622
0373024738
0373025092
0373025335
0373025548
0373026705
0373027168
0373027222
0373027516
0373028555
0373028849
0373029551
0373033834
037304048
0373046073
03730484188
0373052030
0373052146
0373052626
0373052995
0373053398
0373053509
0373053592
0373054122
037305470X
0373055587
0373055633
0373055692
037305629X
0373057113
0373057180
0373057296
0373057598
037305775X
0373057806
0373057814
0373057962
0373058179
0373058446
037306148X
0373061560
0373061757
0373063032
0373063040
0373063091
0373063105
0373063237
0373063296
0373070853
0373070942
0373071000
0373071248
0373071574
0373071655
0373071736
0373071809
0373071957
037307199X
0373072058
0373072077
0373072171
0373072430
0373072740
0373073100
0373073232
037307333X
0373073844
0373073976
0373074093
0373074131
0373074409
0373074565
037307462X
0373074646
0373074654
0373074743
0373074794
0373074921
0373074999
0373075022
0373075154
0373075294
0373075324
0373075502
0373075588
0373076975
0373077483
0373078072
0373078838
0373079850
0373080042
0373084420
0373085273
0373085400
0373085567
0373086768
0373087608
0373088825
0373089163
0373089171
037308935X
0373089554
0373089635
0373089678
0373089694
0373092237
0373092407
0373092601
0373092636
0373092644
0373092652
0373092687
0373092830
0373093101
0373093128
0373093187
0373093292
0373093535
0373093551
0373094264
037309440X
037309468X
037309471X
0373094736
0373094868
0373094949
0373095023
0373095139
0373095163
0373095198
037309521X
0373095333
037309535X
0373095392
0373095414
0373095465
0373095821
0373095880
0373095945
0373095961
037309597X
0373096224
0373096291
0373096313
0373096399
0373096461
0373096496
0373096518
0373096682
0373096828
0373097042
0373097182
0373097301
0373097417
0373097654
0373097670
0373097832
0373097921
0373097980
0373098022
0373098189
0373098340
0373098391
037309843X
0373098499
0373098537
0373098596
0373098669
0373098804
0373103808
0373103840
0373104790
0373104804
0373104804175
0373104839
0373104944
0373105150
0373105290
0373105320
0373105703
0373107196
0373107323
0373107447
0373108060
0373108850
0373109067
0373110219
0373112777
0373115970
0373117167
037315223X
0373152531
0373152949
0373153295
0373153309
0373153376
0373155977
0373159854
0373159889
037315996X
0373160372
037316064X
0373160674
0373160720
0373160844
0373162391
0373162707
0373163010
0373163363
0373163541
0373164238
0373165579
0373165838
0373167164
037316950
037316971X
0373170165
0373172400
0373174071
0373174365
0373180985
0373181019
0373181205
0373186959
0373187041
0373190565
0373191189
037319191X
0373191936
0373191979
0373192142
0373200544
0373200765
0373218397
0373218958
0373219199
0373220383
0373221304
0373222084
0373222696
0373222882
0373225628
0373226780
037322687
03732277011
0373240228
0373240260
0373240295
0373240880
0373244134
0373251092
0373251149
037325184X
0373252102
0373252153
0373253168
0373254415
0373255411
0373256442
0373257295
037325897
0373259638
0373259743
037325986745
0373260547
0373270011
037327002X
0373270089
0373270127
0373270186
0373270232
0373270283
0373270305
037327047X
037327201
0373272308
0373280025
0373280165
037328019X
0373286260
0373286937
0373287380
0373288212
0373290861
037329163
0373301510
0373301553
0373303092
0373303343
0373303351
037330336X
0373303378
0373303408
0373303416
0373303475
0373304021
037330403
0373304056
037330417X
0373304196
037331003X
0373310145
0373310196
0373310226
0373311109
0373311176
0373311389
0373311419
037331163X
0373311737
0373311745
0373312008
0373312245
0373312296
0373320132
0373440715
037344124X
0373441436
0373471513
0373471548
0373471572
0373471610
0373471661
0373471777
0373471793
0373471874
0373482345
0373482353
0373482620
0373482639
0373483066
0373483597
0373483600
0373484232
037350067X
0373500866
0373501056
0373508247
037357049X
0373582781
0373586302
0373586698
0373587414
0373588577
0373589891
0373593058
037360071
0373610734
0373610777
0373611803
0373611897
0373612818
0373612826
0373612834
0373613814
037361386
0373614462
0373614470
037362204X
0373625375
037362719X
0373630336
0373630468
0373630697
0373630700
0373630719
0373630727
0373631278
0373631286
0373631308
0373631820
0373650108
0373652208
0373652224
0373652232
0373652275
0373652291
0373652305
0373652348
0373652364
0373652372
0373652380
0373690975
0373691033
037370013X
0373700164
0373700180
0373700326
037370044X
0373700652
0373701306
0373701748
0373702175
0373702213
0373702248
037370240X
0373702418
0373703090
0373703384
0373703996
0373705735
0373706006
0373706413
0373706898
0373707126
0373707215
0373707649
0373707657
0373707975
0373708165
0373708386
037370853X
0373762065
0373762623
0373763611
0373764774
0373790309
0373790910
0373791127
0373806647
0373806655
037380685X
0373806892
0373807066
0373809190
0373809441
037380945X
0373810156
0373810431
0373810482
0373821867
0373822456
0373822545
037382260X
0373822618
0373822626
0373822766
0373822790
0373822804
0373822901
0373822952
0373825978
0373842291
0373880030
0373880375
0373880421
0373885016
0373890036
0373898487
0373970013
037397017X
0373970447
0373970463
037397048X
0373970978
0373971222
0374111197
037415351
037438706
0374419302
0374423075
0374423296
0374435251
0374465363
0374480095
0374518173
0374518688
0374519994
0374521409
0374521719
0374522103
0374524521
0374525641
0374525749
0374527628
0375403825
0375405658
037540662X
0375408290
0375409386
0375415696
0375415726
0375416218
0375416641
0375417184
0375417206
0375419411
0375433465
0375480095
0375500693
037550186
0375505652
0375505873
0375507639
0375701478
037570305
03757037640
0375704795
0375705457
037570650X
0375707530
0375708413
0375719350
0375724761
037572578
0375725865
037575698
0375763376
0375806369
0375806377
0375806393
0375814469
0375814574
0375814833
0375815783
0375821708
0375828796
0375970060
0376013265
0376020407
0376029129
0376038845
0376044314
0379111446
0380000029
0380000059
0380000458
0380000830
0380000881
038000293
0380003120
0380003783
0380004933
0380005816
038000609X
0380007126
0380007789
0380007959
0380008696
0380008718
0380008947
0380009099
0380009560
038000982X
0380010216
0380011468
0380011719
038001503
0380016451
0380016702
038001677X
0380017040
0380017458
0380017792
038001782
0380017822
0380018160
038001842X
0380365251
0380366657
0380404109
0380414759
038042150
0380430185
0380441314
0380452030
0380452782295
0380473658
0380476967
0380480662
0380484218
0380508567
0380510944
0380541718
0380541971
0380542706
0380543616
0380556812
03805616X
0380580993
0380606402
0380607077
0380614162
0380641623
038067033X
0380698501
0380699974
0380700581
0380701006
0380701715
038070174X
0380701766
0380703440
0380703858
0380704765
0380705354
0380707527
038070827
0380708272
0380708469
038070854X
0380709120
038070949X
0380709570
0380709902
0380709937
0380709953
038071132X
0380711516
038071152
0380711982
0380712202
0380712520
0380713853
0380715325
0380717077
0380718235
0380718286
0380719320
038071938X
038072099X
0380721643
0380727439
0380750899
0380751712
0380752107
0380752298
0380752875
0380755750
0380755890
0380756226
0380756250
0380757745
0380757966
0380758016
0380758466
0380758490
0380760061
0380760843
0380762250
0380762676
0380762897
0380762900
0380763117
0380763222
0380763338
0380763591
0380763982
038076413X
038076525X
0380765314
0380765810
0380767368
0380767619
0380767627
0380768003
0380768224
038076864X
0380768658
0380768666
0380770601
038077139X
0380771535
0380771608
0380771829
0380772574
0380773767
0380773988
0380775255
0380776022
0380778734
038077884X
0380779749
0380779846
0380779854
0380780216
0380780917
0380783606
038078431X
0380785358
0380785757
0380786230
0380789647
038079019
0380791854
0380791983
0380794284
0380794594
038079487X
038079562
0380796988
0380797526
0380797992
038079828X
0380798484
038079960
0380802821
0380804557
0380805685
0380806142
0380808536
0380810433
0380812525
0380817691
0380818191
0380838400
0380841789
0380841940
0380861240
038086231X
0380865610
038086777X
0380868849
0380872218
0380873877
0380877759
0380893002
0380894998
0380895897
0380896117
038089632X
0380896850
0380896869
0380897466
0380898179
0380898551
038089887X
0380976552
038097729X
0380978857
0382069978
0382148266
0383157878
0384814994
0385007728
0385009917
0385020171
0385035551
0385036213
0385041837
0385056745
0385075138
0385077253
0385087330
0385089694
0385090013
0385092881
0385096291
0385096615
0385111746
0385126344>>5
0385134681
0385135025
038514251X
0385148380
0385152183
0385170602
0385175345
0385182228
0385185022
0385185162
0385185499
0385190697
0385199384
0385246331
0385254229
0385258224
0385258461
0385258488
0385259174
0385259387
0385259409
0385259417
0385270399
0385272324
0385283741
0385288581
0385293542
0385295316
0385299079
0385313632
0385317387
03853222160
0385335075
0385336837
038540882X
0385409559
0385410441
0385415451
038541546X
0385423977
0385473109
0385473117
0385478372
0385482485
0385484135
038549081
0385496486
0385496494
038550120
038550313X
0385513224
0385600151
0385601026
0385601255
0385601883
038560243X
0385602642
0385603401
0385604726
0385605110
0385605331
03856053310
0385606672
0385607369
0385607741
0385658117
0385658184
0385658605
0385658737
0385660146
038572084X
0385721153
0385721234
0385721633
0385=426151
0391987430
0393009424
0393022358
0393043886
0393087050
039309040X
0393091198
0393091252
039309251
0393092569
0393093832
0393093883
0393096084
0393096238
039330549X
0393307921
0393309215
0393900711
0393951375
0393959333
0393960188
0393961451
0393964817
0393968081
0393973042
0393973573
0393973832
0393975681
039397569X
0393978982
0394174305
0394174585
0394220455
0394221028
0394222083
0394222326
0394223152
0394223519
0394223802
0394227344
039428013X
0394280199
0394280210
0394280741
0394281225
0394281519
0394281780
0394281802
0394281829
0394281977
0394332695
0394341686
0394374215
0394400623
0394412710
0394412877
0394429974
0394448588
0394468074
0394478878
0394490967
0394493613
0394496272
0394496302
0394512006
0394513258
0394522907
0394529383
0394533917
0394537238
0394545826
0394556178
039455695X
0394573579
0394579186
039458192X
0394586077
0394620143
0394700139
0394701496
0394702891
0394704665
0394710584
0394711068
0394712595
0394714202
0394714423
0394716271
0394717058
0394718917
0394718925
0394719891
0394724550
0394726685
0394727177
0394732588
0394736303
0394736796
0394746651
0394749650
0394801962
0394815610
0394821998
0394832493
039483959X
039484078X
0394845501
0394846753
0394854837
0394854934
0394859561
0394861558
0394885066
039489118X
0394926269
0395081831
0395159938
0395169658
0395185599
039520366X
0395257301
0395258251
0395267188
0395270669
0395272211
0395283493
0395286298
0395305462
0395317096
0395329353
0395346460
0395359481
0395432138
039546811
039548930X
0395500761
0395582962
0395669588
0395670519
039567753X
0395688612
0395700701
0395712556
0395735969
0395857929
0395866642
0395868270
039587514
0395876125
0395904331
0395920663
0395931800
0395958474
0395960088
0396070043
0396082866
0397005334
0397011032
0397323972
039911727X
0399119507
0399126635
0399127119
039912747X
0399128492
0399131515
0399133909
0399134409
0399135863
0399141154
0399141359
039914370X
0399147284
0399147330
0399147364
039914823X
0399150803
0399151176
0399219928
0399224432
0399504427
0399505288
0399506438
0399508430
0399514473
0399518509
0400228859
0404014208
0404614817
040900468
040919741
040919742
0411005012
041315310X
0413310108
041333970X
0413365301
0413404307
0413411109
0413417808
0413494101
0413531309
0413535606
0413562905
041358240X
0413589307
0413603601
0413650103
0413740900
0413742504
0415002478
0415026830
041502692X
0415027101
0415110874
0415110882
0415120896
0415301815
0415525698
0415901510
0416072208
0416101607
0416102220
0416140327
0416193994
0416195261
0416196195
0416196772
0416469604
041651670X
0416530508
0416542905
0416551009
041662300X
0416829104
0416866204
0416876706
041688470
0416886000
0417010605
0417021402
0417031408
0417072805
0422689410
0423188179
0424174344
0425+124819
0425033090
0425034038
0425034054
0425036499
0425038203
0425039102
0425039226
0425039587
0425041913
0425042723
0425043045
0425044440
0425044602
0425045439
0425045447
0425046028
0425046354
0425046451
0425046850
0425047520
0425048527
0425048578
0425049264
0425050793
0425051811
0425051854
0425052222
0425052478
0425054810
0425055337
0425056589
0425058425
0425058603
042505862X
0425059502
0425061191
0425061701
0425062430
0425064115
0425064638
0425064905
042506591X
0425067572
042506817X
0425068323
0425072622
0425074501
0425076660
0425076695
0425076717
0425082202
0425083861
0425084035
0425085295
0425086593
0425086852
0425086860
0425087859
0425090787
042509104X
0425091082
042509281X
0425093476
0425093891
0425095096
0425095584
0425095908
0425097609
0425099350
0425099601
0425100413
0425101452
0425101455
042510172X
0425104044
0425104060
0425105210
0425106802
0425108449
0425111962
0425115585
0425115801
0425116883
042511774X
0425118703
0425121305
0425121631
0425121828
0425122611
0425123111
0425123200
0425124355
0425125483
0425126048
0425126773
0425126994
0425127729
0425128164
0425128792
0425128938
0425128946
0425128997
0425129004
0425129039
0425129551
0425129756
0425130703
0425132617
0425133834
0425133869
0425142485
0425143686
0425144305
0425144429
0425145654
0425147622
0425150143
0425153975
0425155056
042515861
0425161994
0425168069
0425173755
0425178765
042517890
04251840
042519163X
0425195473
04252540
0426105834
0426116909
0426117034
0426198603
0426200497
0426200543
0426201388
0426201507
042620171X
0426202902
0426203534
0426204018
0426204026
0427004616
04316540
0432534220
0432566840
0433398485
0434003484
0434003921
0434003964
043400538X
043400779X
0434008443
0434009105
0434009199
0434009598
0434010006
0434011975
0434017884
0434111589
043429067X
0434475521
043457743X
0434703184
0434973203
0435117383
0435121526
0435123106
0435150790
0435230603
0435272128
0435272365
043527242X
0435272640
0435901265
0435901362
0435984012
0436199939
043620052X
0436201356
0436202875
0436203928
0436204169
0436204894
0436205823
0436206161
0436256630
0436425807
0436445026
0436598760
04372029
0439010691
0439011582
0439012961
0439013070
0439013914
043904399
043905656
043905871
0439064872
0439082439
0439082455
0439095085
0439108381
0439113105
0439113156
0439115469
0439128455
0439130735
043913224X
0439135036
0439135087
0439136369
0439136660
0439137373
043913957
0439139600
0439148030
0439161169
0439165709
043917595X
0439178819
0439179629
0439188539
0439199735
0439206472
043920688
0439207304
0439215986
0439221889
0439223377
0439231531
0439236533
0439236584
0439239214
0439240271
0439244196
0439253225
0439270618
0439285127
0439286182
0439288568
0439295017
0439295025
0439297710
0439298032
0439305691
0439316294
0439316308
0439316316
0439325498
0439326451
0439329019
0439339952
0439341205
0439343607
043934445X
0439352908
0439356008
043935675X
043936213
043936213X
043936213x
0439366771
0439375428
0439382386
0439405483
043942089X
0439424690
0439425093
0439434548
0439436559
0439441439
043944165X
0439443369
043945073X
043945462X
0439458056
0439460816
0439460824
0439485908
0439488400
043949687X
04395075209
0439530962
0439551234
0439557046
0439559553
0439573882
0439576415
0439576520
0439577527
0439977479
0439978645
0439981638
0439992419
043999358X
044000386
0440005868
0440008379
0440014131
0440060990
0440080959
044008962X
0440091330
0440092876
0440102286
0440102944
0440103665
0440104327
0440106478
0440107016
0440107350
0440107407
0440108454
0440109078
0440109353
0440111935
0440112052
0440112184
0440112834
0440112885
04401145465
0440115159
0440116139
0440117526
0440117569
0440117585
0440117925
0440118484
0440118697
0440118743
0440118905
0440119766
0440120497
0440120918
0440120942
0440122090
0440124980
0440125669
044012753X
044012820X
0440128609
0440129125
0440129664
0440129818
0440129907
0440129958
0440133688
0440136458
0440139791
0440139880
0440139953
0440141168495
0440141273
0440141915
0440142032
0440143691
0440144876
0440145716
0440147360
0440148138
0440149983
044015023X
044015314X
0440154243
044015538X
0440155967
0440156092
0440156637
0440156778
0440158605
0440159008
0440159083
0440159695
0440162297
0440164605
0440166950
044016754X
0440167809
0440170982
0440171172
044017158X
044017242X
0440173780
044017399X
0440174317
0440174570
0440176212
0440178061
0440178215
0440178649
0440178924
0440182344
0440182816
044018391X
0440185009
0440185971
0440186374
0440192072
0440193567
044019492X
0440197066
0440204712
0440204739
0440204941
0440205492
0440205492595
044020562
0440205875>>3
0440206049
0440206154
044020729
0440207525
0440208653
0440208823
0440208823328
044020884X
044020898
0440209153
0440210321
0440210380
0440210917
0440212758
0440213584
0440214386
0440216257
0440216648
0440216915
0440218071
0440221595
044022506X
0440225124
044022604X
04402266860
044022840
044023610X
0440236703
0440236983
044023722
044025701
044028513
0440295300
0440295653
044029568
0440295726
0440295807
044029584X
044029584x
0440295858
044029598X
0440296064
0440296072
044031488
0440324971
0440384974
0440401321
0440401585
044040228X
0440403278
0440407028
0440408539
0440415160
0440416655
0440435072
0440436834
04404398844
0440442508
0440442648
0440468019
0440468027
0440474655
0440477093
0440479002
0440500702
0440501148
0440529298
044053349X
0440550939
0440703568
0440800013
044080177X
0440802059
0440802091
0440803039
0440830451
0440840104
0440840368
0440840880
0440841216
0440843367
0440843561
0440844681
0440846358
0440847338
0440847982
0440862795
0440862809
0440863112
0440863341
0440863384
044086366X
0440863775
0440864143
0440900131
0440900189
0440900425
0440900468
0440902290
0440910102
0440910587
044091082X
0440920833
0440943582>>2
0440945151
0440961327
0440967694..3
0440980801
0440982391
0440982693
044098324X`
044100186
044100282X
0441003257
0441003400
0441004229
0441005705
0441006116
0441006485
0441006817
0441006841
044100693
0441007570
0441007961
0441008615
044100962X
0441011667
0441011691
0441017681
04410238800
0441029205
0441049095
0441049125
0441053971
0441054633
0441068812
0441079008
044107958X
0441103707
0441115985
0441166601
0441180744
0441184812
0441217729
0441218504
0441227449
0441234224
0441240712
0441240941
0441240976
044126192X
0441294677
044132231X
0441322379
0441338518
0441344119
0441371574
044144525X
0441478069
0441484921195
0441515304
0441518575
0441535046
044155282X
0441555195
0441555217
0441571018
0441586139
044164449X
0441662633
0441663974
0441670695
0441693237
044172351
0441750184
044175418X
0441756808
0441758878
0441775659
0441776094
0441780520
0441783058
0441791239
0441800408
0441805914
0441813100
0441814638
0441845630
0441854435
044187133
0441873618
0441940005
0442216270
0442223277
044225914
0442292767
04431056250
0445006226
0445031956
0445042710
0445044454
0445046619
044508376X
0445086165
0445086203
0445409185
0445409215
044609617
0446222194
0446300292
0446300551
0446300675
0446300853
0446301353
0446302686
0446303194
0446304255
0446305618
0446305669
0446306428
0446306541
044630784X
0446308250
044631078
0446311332
0446313106002
0446314137
0446314145
0446314668
0446322490
0446322563
0446323268
0446323829
0446324191
0446324388
0446327182
0446329142
0446329258
0446329835
0446340952
0446341436
0446341622
0446341932
0446343099
0446343277
0446343455
0446345873
0446349135
044635098=2
0446353485
0446354678005
0446356018
0446356573
0446356913
0446357251
0446357650
0446357693
0446358754
0446359408
0446360074
0446360945
044636214X
0446362190
0446363251
0446377635
0446379565
0446387207
0446389722
0446393049
0446394599
0446400351
0446512435
0446512583
0446512877
0446512966
0446513660
0446515051
0446518344
044651862
0446520802
044652231
0446523372
0446592676
0446593664
0446599611
0446600792
0446601241
0446602124
0446602833
0446603392
0446603511
0446604658
0446605360
0446605484
0446605654
0446606383
0446608645
044660940
0446610399
0446610550
044661095X
0446611239
0446611867
0446612707
0446613266
0446613436
0446615145
0446667900
0446670111
0446670251
0446670537
0446671223
0446671746
0446672211
0446672289
0446672351
0446673544
0446673560
0446674249
0446674338
0446674362
0446674575
0446675334
0446676950
0446678651
0446679593
0446690511
0446691798
0446692638
0446693332
0446718505
0446764922125
0446799211
0446813621
0446814369
0446814377
0446814679
0446817775
0446824631
0446827045
0446827126
0446829773
0446847909
0446848433
0446890499
0446892041
0446893242
0446895725
0446896268
0446903523
0446909130
0446909203
0446909629
0446911585
0446912506
0446912816
0446914754
0446914770
0446921793
0446924687
0446936758
0446940038
044694050X
0446940550
0446941034
0446942065
0446942472
0446944645
0446946710
0446951455
0448022516
0448057956
0448095068
0448095076
0448095092
0448095122
0448095246
0448095319
0448095416
0448095459
0448115042
0448126346
044813540X
044814056X
0448144581
0448149559
044815689X
0448165333
0448180502
0448405016
04489505X
0449003787
0449005658
0449006778
0449006824
044902684175
044906530
0449123812
0449124118
0449124185
0449125661
0449125688
0449126102
044912617X
0449126560
0449127621
0449128725
0449130045
0449133419
0449134059
0449136140
0449136418
0449137244
0449139026
0449139077
0449139883
0449140911
0449142213
0449143457
0449144402
0449147509
0449200019
044920040X
0449200558
044920085X
0449200892
0449201066
0449201430
0449203425
0449203433
0449204464
0449205037
0449205827
0449206106
0449206971
0449207668
0449210324
0449210499
0449210529
0449211541
0449212416
0449212505
0449212645
0449212831
0449213110
0449213242
0449214524
0449215393
0449216594
0449216934
0449218430
0449218686
0449218929
0449219313
0449219348
0449219526
0449219801
0449220001
0449220249
0449223604
0449224619
0449227359
0449228754
0449228878
0449228932
044922905X
0449229459
0449230198
0449230260
0449230570
0449230643
0449231135
0449231364
0449231550
0449231763
0449231887
0449231984
0449232034
0449232077
0449232131
0449232212
0449232263
0449232859
0449232921
0449233642
0449233766
0449234657
0449234924
0449234940
0449235122
0449235483
0449235599
0449235769
0449235858
0449236102
0449236315
0449236471
0449236552
0449236951
0449236978
0449237605
0449237869
0449238083
0449238121
0449238385
0449238628
0449238768
0449239330
0449239748
0449239926
0449239985
0449240193
0449240401
0449240576
0449241807295
0449242161
0449242765
0449243338
0449243648
0449243672
0449244008
0449244121
0449244431
0449244679
0449244741
0449245551
0449300145
0449300277
0449500012
0449500020
0449500063
0449500071
0449500144
0449500217
0449501086
0449501132
0449501744
0449502007
0449502015
0449502031
0449502147
0449502155
0449502775
0449502899
0449503038
0449503143
04497002766
0449701328
0449702936
0450003523
0450006964
0450015394
0450022439
0450027120
0450027368
0450036499
0450040186
0450041904
0450042685
0450046036
0450049701
0450053474
0450054519
0450056619
0450056791
0450057690
0450057941
0450058808
0450058832
045011844
045039249X
0450397076
0450417395
0450421600
0450488357
0450493555
0450494756
0450508145
045052468X
0450531201
045053717X
0450537374
0450542882
0450547434
0450559904
0450571130
045057458X
045057735X
04505826235
0450608484
0450610098
0451074971
0451077385
0451078187
0451078810
0451081641
0451082125
0451087488
0451091639
0451091655
0451091817
0451094417
0451098633
0451110293
0451110773
0451114493
0451115457
0451115473
0451116240
0451117611
0451117735
0451118189
0451120035
0451120531
0451120647
0451121309
0451121902
0451122453
0451122941
0451123840
0451124499
0451124693
0451124995
0451125290
0451125509
0451125541
0451125576
0451125630
0451125746
0451126025
0451126165
0451126513
0451127528
0451127986
0451128362
0451128559
0451129768
0451129946
0451130529
0451130537
0451131088
0451131622
0451132378
0451133935
0451135199
0451135202
0451135555
0451135849
0451135865
0451136039
0451137639
0451138260
0451140354
0451140400
0451141393
0451141482
0451142187
0451143302
0451144864
0451144872
0451144929
0451145372
0451145577
0451145658
0451146093
0451146913
0451147316
0451147367
0451148033
0451148223
0451148533
0451149513
0451150252
0451150678
0451151437
0451151763
0451152328
0451152506
0451153413
0451153707
0451154126
0451154924
0451155653
045115575750
0451156455
0451156498
0451158717
0451159829
0451162145
0451163028
0451163060
0451163095
0451163559
0451166302
0451166434
0451166787
0451166973
0451167406
0451167708
0451167716
0451168089
0451168364
0451169166
0451169689
0451170539
0451170547
0451170628
0451170644
0451171268
0451172221
0451173082
0451174097
0451174704
0451175980
0451178971
0451180054
0451181808
0451182650
0451182677
0451182952
0451183134
0451183142
0451183274
0451183975
0451184386
0451184432
0451184440
0451185897
0451186117
0451193237
0451195124
0451195752
0451195868
0451197275
0451197399
0451198131
0451198611
0451198875
0451202376
0451202538
0451202732
0451204506
0451204530
0451205146
0451205332
0451205596
0451206533
0451206657
0451400216
0451400399
0451400402
0451400720
0451400739
0451400941
0451401247
0451401301
0451401816
0451402324
0451402472
0451404424
0451405323
0451405447
0451408314
0451410378
0451450256
0451450736
0451450787
0451450825
0451450876
0451451120
0451451457
0451451481
0451451783
0451452972
0451453026
0451453689
0451454812
0451454952
0451456076
0451456203
0451457056
0451510550
0451517407
0451518144
0451518462
0451518667
0451519191
0451519671
0451519795
0451520831
0451521234
0451521293
0451522397
0451522664
0451522796
045152315
0451523660
0451523881
0451524985
0451525086
0451525663
0451526066
0451526082
0451526295
0451526562
0451526708
0451526759
0451527593
0451527666
0451528387
0451528921
0451620461
0451623762
0451625927
0451626702
0451626710
0451627555
0452005434
0452008336
0452008859
0452010136
0452010748
0452152984
0452180727
0452262003
0452262828
0452263492
0452266629
0452267370
0452268192
0452273056
0452275849
0452277205
0452278449
0452278899
0452278902
04522791860
0452279577
0452279615
0452280621
0452281229
0452281725
0452282157
0452282428
0452283930
0452284236
0452284724
0453007864
0453009220
0454576210
045L523369
0460008374
0460012886
0460014331
0460024434
0460070371
0460117645
0460870912
046087135
0460879235
0460905589
046123460
0465037712
0465070663
0466365386
0466612545
047102211X
0471035327
0471154962
0471531553
0471884553
0473028204
0473083817
0473099977
0484105940
0485550016
0486212688
0486227987
0486228029
0486273776
0486287564
0486289877
0486428591
04864Q4277
0491012209
0491026927
049130204
05.247IV71569
0500011931
0500014809
0500021058
0500050848
0500200394
0500200580
0500201846
0500203458
0500237549
0500271593
0500272425
0500280665
050059001X
050086010943
0505512386
0505515253
0505515563
0505516101
0505516292
0505516462
0509603868
0509674331
05148801400
0515032964
0515033401
051503486X
0515035084
0515035831
0515039853
0515039926
0515051136
0515051284
0515053880
0515054011
0515054437
0515056561
0515056952
0515059080
0515059293
0515059447
0515061328
051506324X
0515065412
0515068691
0515068853
0515070718
0515072672
0515075981
0515076333
0515078670
051507912X
0515080756
0515081205
051508400X
0515084174
0515084891
0515087254
0515087491
0515087629
051508994X
051509017
0515090379
051509160
0515092630
0515094641
0515095125
0515095524
0515098426
0515101028
0515105910
0515106607
0515107271
0515107603
051511640
0515118397
0515120044
0515123498
05162443314
051700061X
051700819X
0517025302
0517029618
0517053586
0517077612
0517082381
0517100894
0517101386
0517122707
0517138522
0517142147
0517189542
0517189585
0517189844
0517205424
0517205769
0517209039
0517250233
0517263025
0517263076
0517270803
0517336367
0517359820
0517362422
0517375931
0517490048
051749078
051752810X
0517536242
0517536420
0517543346
0517549913
0517551454
0517554399
0517567377
0517567768
0517569620
0517590441
0517606100
0517615452
0517617765
0517618338
051788206X
0517885042
051854878
0520014502
0520019059
0520021622
0520024788
0520047478
0520206207
0521073707
0521095034
052124104706
05212722505
0521293669
0521316987
0521366844
0521453979
0521485622
0521634970
052166618X
0521943388
0522143278
0523004788
0523006365
0523006403
0523008473
0523009151
0523009933
0523400721
0523403542
0523403879
052340395X
0523405014
0523405421
052341112X
0523414277
0523414838
0523414889
052341658X
0523417489
0523418043
0523418086
0523419252
0523419562
052342048X
0523423349
0523424515
0523425252
0523485107
052348576X
0523490828
0525167153
0525169954
0525176306
0525243704
0525248781
0525459243
0525473076
0525475613
0525481567
0525481931
0525937684
0525940631
0525941169
052594527
0525946500
0528844520
0528844601
0528913662
0531150259
0533012606
0533029738
0533101727
0533124549
0533130980
0533154346
0533211358
0533233661
0533274295
0533274503
0533289322
0533586130
0534005411
0534031773
0534082262
0534362192
0534519792
0534548040
0534556698
0534568890
053457078X
053460871X
0535569910
0536005796
0536597073
0538124415
0550101063
0550207481
0551016450
055166500X
0552015008
0552075701
0552082511
0552084190
0552085618
0552087661
0552088803
0552090344
0552090832
0552091219
0552093580
0552093734
0552094501
0552096377
0552097403
0552097551
0552098965
0552102202
0552102776
0552102970
0552104272
0552104558
0552106291
0552106615
0552107387
0552107735
055210827
0552108812
0552108847
0552110205
0552116106
0552117811
0552118176
0552119806
055212138X
0552122009
0552123676
0552124737
0552124753
0552124761
0552124869
0552125229
0552125504
0552125547
0552125695
0552126403
0552126799
0552127248
0552127280
0552128481
0552128908
0552130168
0552130214
0552131059
0552131067
0552131075
0552131342
0552131393
0552132217
0552132640
0552132810
055213290X
0552133264
0552133566
0552133795
0552134600
0552134619
0552134627
0552134635
0552134643
0552134651
0552134783
0552135267
0552135690
0552135720
0552135771
0552136441
0552136484
0552136654
0552136824
0552136832
055213703
0552137030
0552137316
0552137480
0552138339
055213841X
055213841x
0552138916
0552139262
0552140171
0552140287
0552140295
0552140384
055214052X
0552140643
0552140708
0552141178
0552141313
0552141437
0552141550
0552141615
0552142026
0552142085
0552142239
0552142247
0552142352
0552142379
0552142506
0552142522
0552142573
0552142719
0552143235
0552143294
0552143324
0552143545
055214357
0552143758
0552144169
0552144266
0552144959
0552145084
0552145319
0552145424
0552145637
0552145971
055214598X
0552146048
0552146080
0552146099
0552146102
0552146137
055214614
0552146145
0552146153
0552146161
0552146641
0552146684
0552146730
0552146978
0552147125
0552147389
05521474419
055214746X
0552147656
0552147664
0552147680
0552147788
0552148024
0552148032
0552148040
0552148059
0552148075
0552148083
0552148091
0552148105
0552148113
0552148199
0552148407
0552148504
0552148776
0552148784
0552148822
0552148997
0552149020
0552149241
0552149489
0552149519
0552150061
0552150215
0552150436
0552150533
0552150827
0552151599
05521520827
0552524530
0552524565
055252526X
0552525863
0552525952
0552526150
0552526495
0552527408
0552527459
0552527521
0552527742
0552529680
055254521X
0552545465
0552546283
0552546321
0552546933
0552547050
0552547093
0552547166
0552547336
0552547492
055254793X
0552547964
0552549053
0552770000
0552770884
0552771015
0552771058
0552771090
0552771104
0552771643
0552771821
0552771856
0552991260
0552991406
0552992046
0552993360
0552993697
0552994103
0552994421
0552994707
0552994928
0552995061
0552995371
0552995835
0552995878
0552996009
0552996068
0552996092
0552996300
055299636X
0552996459
0552996467
0552996645
0552996696
055299670X
0552997021
0552997030
055299734X
0552997773
0552998052
0552998060
0552998176
0552998192
0552998303
0552998419
0552998443
0552998516
0552998621
0552998729
0552998834
0552998850
0552998877
0552998885
0552999571
0552999601
0552999652
0553023004
0553025171
0553027255
0553028669
0553028828
0553029002
05530506072
0553055011
0553055046
0553055062
0553055089
0553055208
0553055747
0553055763
0553055771
0553055844
0553055852
0553055879
0553055909
0553055917
0553055925
055305595X
0553055968
0553055976
0553057960
0553060562
0553060767
0553061291
05530694971
0553089447
05530895285
0553093770
0553097180
0553100629175
0553101676
0553102567
0553103415
0553103679
0553104071
0553104225
0553106880
0553108328
0553108425
0553111515
0553111671
0553112422
0553113313
0553113828
0553113925
0553115995
0553117971
055311820X
0553120832
0553121111
0553121456
0553121677
0553122711
0553122762
0553122819
055312420
0553124676
0553124773
0553125001
0553125931
0553126350
0553127280
0553127314
0553129007
0553129481
0553130285
0553130366
0553130986
0553131001
055313101X
0553131699
0553132857
0553133136
0553135791
0553136364
0553136410
0553137123
0553137905
0553138014
0553138286
0553138596
0553139088
055313972X
0553140779
0553142593
0553142747
0553143751
0553143964
055314488X
055314586X
0553145940
0553146572
0553147730
0553148141
0553148478
0553148915
055314894x
0553149148
0553149709
0553150499
0553151576
0553151746
0553154818
055315561X
055315611
055315639295
055315656X
0553156640
0553159631
0553171348
0553171542
05531732X
0553176064
0553176323
0553176463
0553176641
0553176900
0553176986
055317892X
0553178938
0553179713
0553197932
0553198211
0553198424
0553200267
0553200410
0553200488
0553200941
0553201344
0553201409
0553201433
0553202405
0553202960
0553203274
055320338X
0553204149
0553205625
0553205757
0553206575
0553206621
0553206664
0553206915
0553207792
055320789X
0553208152
0553208500
0553208551
0553208926
0553209299
0553209604
0553210033
0553210793
0553210882
0553211307
0553211358
0553211641
0553211757
055321179X
0553212117
0553212192
0553212656
055321369
0553215035
0553216163
0553216651
0553216716
0553217852
0553218255
055321831X
0553218999
0553219596
0553219944
0553225227
0553225642
0553225774
055322588X
055322686X
0553227092
0553227882
0553228013
0553228781
0553230360
0553231243
0553231480
0553232649
0553233432
0553233440
0553233912
055323420X
0553234684
0553235036
0553235184
055323546X
0553237209
0553237330
0553239252
0553239716
0553239767
0553239805
0553240390
0553240463
0553240633
0553241842
0553242660
0553242962
0553243055
0553243179
0553244140
0553244302
0553245015
0553245724
0553246070
0553246178
0553246666
0553246836
0553247182
0553247301
0553247530
0553247565
0553247727
0553247948
0553248987>>2
0553249002
0553250558
0553250655
0553250884
055325121X
0553251333
0553251570
0553251643
0553251694
0553252313
0553252526
0553252852
0553252909
0553253050
0553253514
0553253549
055325362X
0553254049
0553255819
0553255924
0553255975
0553256866
0553256920
055325846
0553258486
0553259571
0553259776
0553260690
0553260960
055326110X
055326141X
0553261797
0553262009
0553263021
0553263226
0553263587
055326463X
0553265547
0553265628
055326592X
0553266063
0553267450
0553267493
0553268120
0553268848
0553269283
0553269526
0553270060
0553270958
0553271547
055327242X
0553272608
0553274007
0553274341
0553274503
0553275534
0553276328
0553276743
0553276832
0553276867
0553277197
055327726X
0553277391
055327753
0553278223
055327824X>>3
0553278630
0553278681
0553279831
055328041350
0553280724
0553280821
0553281240
0553281542
0553281739
0553282107
0553282123
0553283695
0553284266
0553286064
055328620X
0553286226
055328715X
0553288660
0553289152
055329024X
0553290258
0553290916
055329170X
0553291890
0553292587
0553292641
0553292811
0553293850
0553296965
05532969981
055334109X
0553344196
055334465X
055334983X
0553400681
0553400746
0553401181
0553401637
0553403044
0553403052
0553403729
0553405705
0553406124
0553406167
0553406639
0553407201
0553407821
0553408054
0553408232
0553408461
0553409026
0553409328
0553409441
0553409468
0553440047
0553440136
0553440985
055344123X
0553441396
0553441531
0553441701
055344171X
0553441892
0553441965
0553442228
0553442457
0553442619
0553442821
055344283X
0553442856
0553443151
0553443488
0553445472
0553445987
0553450964
055345126X
0553452991
0553455486
0553470469
0553470531
0553470698
0553472836
0553473026
0553473255
0553474073
055347765X
0553478257
0553478966
0553479024
0553479180
0553480286
0553480502
0553480529
0553480537
055348531
0553485911
0553486568
0553492411
0553502352
055350259X
055350326
0553503707
0553504738
0553504894
0553504924
055350519X
0553505637
0553505890
0553505904
0553525654
0553526901
0553527207
0553527495
0553528041
0553541242
0553542834
0553550314
0553560735
0553561308
0553563130
0553563149
0553564730
0553566245
0553568736
0553568795
0553570463
0553572393
0553573411
0553574566
0553580914
0553581066
0553581260
0553583670
055358460
055358460X
055358636
0553665022
0553712802
055371337X
0553757075
0553801430
055381186X
0553811940
055381205X
0553812173
0553812386
0553812408
0553812653
0553812742
0553812912
0553812939
0553813021
0553813277
055381344
055381365X
0553813781
0553813935
055381429X
0553814494
0553815229
0553815504
0553840215
0563206896
056336260X
0563362839
0563363525
0563367121
0563371218
0563384956
0563405767
0563405848
0563461217
0563487801
0564094129
0568953089
0570038294
0570060834
0570061326
0571056865
0571058086
0571081789
0571081827
0571084834
0571087442
0571097103
0571105580
0571109071
0571117880
0571135390
0571137474/00
0571142206
0571145574
057114716X
0571151655
0571152236
0571154913
0571162746
0571162835
0571165265
0571165281
0571168612
0571173470
0571174450
0571177158
0571178235
0571178685
0571179363
0571179851
0571191290
0571191479
0571193889
0571194087
0571195636
0571198643
0571200362
0571200583
0571200737
057120175X
0571202314
0571203019
0571203841
0571203906
0571203965
0571205410
057120631X
0571206433
0571207553
0571209874
0571210775
0571214533
0571215173
0571215505
0571215513
0571216536
057121844X
0571218652
0571220460
0572011644
0572014708
0572018649
0573605769
0573680892
0573690103
057369088X
0575004630
0575013931
0575036605
057503811X
0575040696
057504070X
0575040726
0575041625
057504280X
0575051914
0575052015
0575053690
0575055553
0575055693
0575056355
0575057211
0575058331
0575059346
0575061030
0575063483
0575065338
0575068337
0575068604
0575071877
0575073624
057507454
0575075546
05752IV50664
0575400188
0575401125
0575401540
0575403284
0575600829
0575601558
0575602554
0576737098
058044345
0582018382
0582022568
0582022843
0582025060
0582084784
0582275237
0582275253
0582278465
058230203X
0582365740
0582402298
058240746X
0582416957
0582417740
0582417775
0582418305
058241945X
0582434475
0582434688
0582461464
0582494036
0582523184
0582525799
0582525896
0582526523
0582527112
0582527465
0582527872
058252798
0582528259
0582528380
0582528534
0582528909
0582529107
0582530083
058253009L
058253531X
0582541549
0582667305
0582739594
0582810728
0582869927
0583113443
0583116701
0583121225
0583121268
0583129293
0583136087
0583300324
0583300596
0583300693
0583307841
0583308023
0583337694
0584111479
0584311591
0586008357
0586010807
0586013555
0586020810
0586034862
0586035583
0586036059
0586036490
0586037438
0586037799
0586038604
0586043594
0586043608
0586043756
0586044345
0586044469
0586044698
0586044760
0586046526
058604681X
0586048065
0586049347
0586049762
0586052283
0586055274
0586056572
0586056998
058605808
0586058281
0586058494
0586058508
0586058605
0586061347
0586063188
0586063315
0586063706
0586064176
0586064303
0586064567
0586065032
0586065857
0586066659
0586066888
0586068961
0586070346
0586071156
0586071407
0586071652
0586072527
0586073760
0586074309
0586074724
0586081321
0586081410
0586086765
0586087060
0586087079
0586087133
0586089950
0586090452
0586090932
0586091580
0586091793
0586092056
0586092253
0586123147
0586200894
0586200967
0586201300
0586202064
0586203729
0586203796
0586204512
0586204822
0586204830
0586204849
0586204857
0586206086
0586207414
0586207872
0586207899
0586208194
0586208313
0586208887
0586208917
0586209492
0586209581
0586210687
0586210695
058621089X
0586211020
0586211527
0586211896
0586211977
058621285X
0586213147
0586213155
0586213333
0586213813
0586215220
0586215239
0586215247
0586217746
0586217835
0590002740
0590023608
0590025627
0590029215
0590030515
0590030523
0590031236
0590031325
0590031783
0590032259
0590034286
0590035584
0590044494
0590047116
0590047280
0590053698
0590061098
0590066935
0590085034
0590085301
0590087843
0590089099
0590091646
0590098497
0590098535
0590101293
0590102702
0590108395
0590108417
059010991
0590110039
0590111523
0590111647
0590111906
0590113143
0590113194
0590115294
0590118455
0590118501
059012384X
05901238785
0590129015
0590130986
0590131575
0590132059
0590132474
0590132733
0590133705
0590134191
0590135503
0590136739
0590137743
0590139215
0590139479
0590139487
059013972X
059014958X
0590149636
0590162438
0590163671
0590183729
059018749
0590191217
0590192566
0590193538
0590196456
0590196820
0590197150
059019772X
0590197967
0590203495
0590206591
0590213040
0590222791
0590223569
0590251600
0590252275
0590252380
0590254758
0590254774
0590254782
0590254790
0590254804
0590255088
0590257889
0590262386
0590264672
0590266047
0590291297
0590298356
0590309064
0590312642
0590312758
0590313312
0590313665
0590315668
0590315781
0590317237
0590317660
0590317687
0590320017
0590321277
0590321323
0590321366
0590322036
0590323873
059032389X
0590324306
0590325426
0590325582
0590326295
0590326376
0590330470
059033204X
0590332678
0590333704
0590334026
0590334913
0590337629
059035342
059035420
0590361007
059037043X
0590373617
0590396218
059039720B
0590400789
0590402781
0590402994
0590403168
0590403370
0590403540
059040394
0590404482
0590405314
0590407538
0590407716
0590407759
0590408771
0590410067
0590410474
0590411209
0590411772
0590412035
0590412515
059041268X
0590414356
0590414380
0590414976
0590415158
0590416405
059041714
0590418181
059041853X
0590419919
0590420542
0590422367
0590424300
0590425374
0590426052
059042761X
0590431862
0590431897
0590431951
0590432850
059043361X
059043439X
0590434500
0590434683
0590435418
0590435671
0590436368
0590436902
0590437194
0590437216
0590438069
0590438204
0590438999
0590442287
0590442570
0590443852
0590445502
0590446517
0590446525
0590447637
0590448188
0590449265
0590449664
0590450530
059045160X
05904526601
0590453157
0590454277
0590454455
0590459570
0590460757
0590460943
0590463578
0590464523
0590466852
0590467979
0590468194
059047264X
0590477420
059047877
059048141
059048141X
0590481517
0590487035
0590489399
0590494511
059049452X
0590510754
0590511890
0590519220
0590521012
0590538241
0590550020
059055042X
0590550594
0590552791
0590552880
0590552902
0590553100
0590554018
059055428X
0590554379
0590554387
0590554905
059055493X
0590555219
0590555847
059055624X
0590556606
0590557092
0590558463
0590559125
0590568752
0590619675
0590623966
059062808
0590629786
0590639137
0590664875
0590664883
0590682156
059068230X
0590690132
059069216
0590697781
05906991309
059070642X
0590709178
0590711733
0590712209
0590716131
0590718371
0590721917
0590722573
0590722719
0590722816
0590736442
0590740326
059076134X
0590761722
0590761730
0590762257
0590763717
0590763733
059076411X
0590765523
0590865986
0590877518
059087912X
0590880152
0590887653
0590907174
0590937766
0590939793
0590939882
0590939920
05909447110
059095976X
0590972081
0590972103
0590972146
0590975986
0590981820
059098182X
0590997343
059257013
0593010426
0593021223
0593023501
0593028015
0593037820
0593041259
0593044142
0593044258
0593044533
0593045424
0593046226
0593048059
059304813X
0593049683
0593050924
0595097081
0595132189
0595143350
0595221629
0595233635
0595256368
059525893X
0595271618
0595276954
0595290884
0596001088
06000602621
0600090383
0600200167
0600203387
0600204340
0600204677
0600204731
0600210813
0600345750
0600351750
0600363163
0600369269
0600382427
0600382443
060056682X
0600566854
0600568105
0600570088
0600570967
0600570975
0600571009
0600571025
0600572323
0600582035
0600583031
0600583058
0600586081
060058609X
0600586898
0600606317
0600909005
0601070704
060109207X
060256656
0603020631
0603032575
0603032664
0603032745
0603032893
0603032931
060303294X
0603032966
0603550622
0603550738
0603553338
0605515752
0606132953
0609808176
060981088X
0609899155
0613003225
0613033191
0613061551
0613282728
0614298458
0618061347
061807451
0618102256
0618108149
0618134700
061815082
0618170340
061823649X
0618246940
0618258027
0619016620
0619109688
062003615
0631133917
0631200975
0631979603
0641511213
0641556683
064400018
064400034
064400050
064400077
064400085
06440031X
0646060422
0646151835
0646265512
0646418432
064750572X
0648810387
06514251
065373106995
06550053
065656487876
0660185369
066410097X
0664207200
0664249876
0664325580
0666320040
06671823116
0668063947
0668150896
0669164062
0669246018
0669397172
0669399205
0669417416
066945530X
0670003344
0670040584
0670041475
0670043001
0670050199
0670520195
0670728139
067078222X
0670790974
0670812781
0670816264
0670819778
0670821969
0670824313
067083047
0670838985
0670851876
0670855987
0670856347
0670857009
0670858609
0670864587
0670865079
0670866717
0670870412
0670873594
0670874817
0670875880
0670876666
0670878235
0670883328
0670883387
0670884626
0670886475
0670887609
067089107X
0670891746
067089205X
0670892742
0670894168
0670907863
0670910791
067091133
067091133X
0670912212
0670913448
0670914592
0671001841BC
06710045490
0671004808
0671004980
0671008668
0671011367
0671014234
0671016008
0671016776
0671017845
0671018086
0671018124
0671022075
0671022229
0671023209
0671023616
0671024256
0671024906
0671026070
0671027387
0671032526
0671032585
0671033085
0671033328
0671037285
0671037528
0671039512
0671040480
067104334X
0671043811
0671046160
0671046551
0671047256
0671047922
0671086286
06710872672
0671204181
067121487X
0671217291
0671226932
0671230255
0671241990
0671242571
0671252240
0671255967
0671297759
0671309242
067131825X
067140072X
0671412957
0671415271
0671416359
0671416367
0671417614
067141786X
0671419056
0671419919
0671420747
0671420860
0671421611
0671422367
0671430653
0671430661
0671430742
0671431293
0671431412
0671432427
0671436007
0671439162
067143926X
0671440276
0671442260
0671442902
0671443542
0671443585
0671443755
067144378X
0671444832
0671444867
0671445863
0671447173
0671448129
0671448137
0671448315
067144834X
067144963X
0671450247
0671451820
067145188X
0671452665
0671454102
0671454358
0671459368
0671459627
0671461990
067146227X
0671464205
0671464752
0671465376
0671466801
0671466887
0671469622
0671469681
0671469835
0671471082
0671473662
0671474065
0671476211
0671477870
0671491067
0671492985
067149564X
0671495704
0671495917
0671496174
0671499173
0671499505
0671502239
0671502336
0671506331
0671507168
0671507222
0671507915
0671509756
0671516442
0671516728
0671519921
0671521500
0671522922
0671523724
067152549
0671526286
0671526812
0671530895
0671531360
0671531506
0671532278
067153291X
0671533290
0671533746
0671533789
0671533908
0671534076
0671535013
0671535471
0671535498
0671535676
0671535927
0671536389
0671536567
067153792X
0671540904
0671541072
0671542036
0671542141
0671542745
0671543032
0671546341
0671551388
0671551590
0671557378
0671558986
0671559370
0671559583
0671562452
0671570129
0671570331
0671570528
0671570625
0671570951
0671571079
0671571338
0671571362
0671571486
0671571567
0671571710
0671571761
0671571966
067157275X
0671573071
0671573098
0671573241
0671573802
0671576313
0671577042
0671577271
067157745X
0671577484
0671577816
0671578960
0671579010
067158037X
0671582151
0671582704
0671592300
0671600729
0671604139
0671606832
0671606875
0671611151
0671617486
0671618210
0671618733
067162301X
0671624466
0671627341
0671627759
0671629115
0671633260
0671633457
0671633910
0671634100
0671635867
067163688X
0671638173
067163951X
0671640585
0671640771
0671642561
067164257X
0671644572
0671645005
0671646168
0671646338
0671648772
0671657607
0671658093
0671658646
0671658921
0671661744
0671666231
067166641X
0671667351
0671668021
0671668307
0671672711
0671673866
0671674358
0671676350
0671677969
0671680277
0671680439
0671680684
0671684639
067168793X
067168812X
0671688855
0671693786
067169409X
0671695606
0671696009
0671696513
0671697951
067169863X
0671698842
0671701231
0671701258
0671701835
0671702890
0671702939
06717031231
0671704613
067170463X
0671704664
0671706020
0671706365
0671706659
0671707248
0671707701
0671719165
0671720317
0671720392
0671720597
0671720759
0671721569
067172262
0671722751
0671723677
0671725327
0671725505
0671725726
0671725920
0671726919
0671727842
0671729357
0671729489
0671729721
0671729918
0671730061
067173590X
0671736795
0671737473
0671737783
0671739948
0671741136
0671741454
0671742922
0671743279
0671743902
0671745212
067174920
0671756060
0671759558
0671765973
0671773410
0671773510
0671774670
0671775367
0671781138
0671781707
0671781812
0671782525
0671782681
0671784008
0671784595
0671784927
0671786024
0671787934
0671788027
0671788124
0671788477
0671793535
0671795236
0671797085
0671799959
0671800930
0671801112
0671806041
0671806769195
0671807234
0671807498
0671809865
0671810456
0671811916
0671812483
0671813765
0671814478
0671816381
067181740
067181740X
067181785X
067181883X
0671819712
0671821792
0671822101
0671822209275
067182239X
0671822454
0671823035
0671823884
0671824295
0671824813
0671825143
0671826662
0671826905
0671827480
0671827871
0671827936
0671827944
0671828029
0671828649
0671829602
0671830082
0671831593
0671832298
0671832417
0671832611
0671833073
0671834096
0671835327
0671836013
0671836082
0671836366
0671836765
0671850881
0671851802
0671851829
0671851888
0671852426
0671853481
0671854003
0671854674
0671855670
0671867407
0671868713
0671874861
0671874969
0671878867
0671881159
0671882775
0671884468
0671884492
0671885367
067188803X
0671890344
067189109X
0671894412
0671896717
0671896814
067189787X
0671897888
0671898574
067189859OBC
0671989264
0671999285
067223291X
0672504774
0672527294
0672722794
067310415X
067334577
0673350339
0673393178
067339879X
0673524841
0673733645
0673801012
0673817776
0673992004
0673992012
067399449X
0673995526
0674903714
0675205999
0676396860
0676600727
0676795234
0676970087
0676970656
0676970745
0676970885
067697094X
0676971105
067697113X
0676971288
0676971411
0676971423
0676971490
067697158X
067697175X
0676971768
0676971873
0676971946
0676971954
0676972152
0676972284
0676972411
0676972578
0676972594
0676972659
0676972802
0676972829
0676972853
0676972888
0676973094
0676973183
0676973221
0676973256
0676973345
0676973485
0676973604
0676973612
0676973620
0676973655
0676973779
0676973906
0676973949
0676974546
0676974597
0676974805
0676975372
0676975518
0676976107
0676976166
0676976816
0677829010
0679008535
0679017402
0679030441
0679030468
0679032983
0679140255
0679308539
0679308709
0679309411
067930942X
0679309454
0679309853
0679309977
067931007X
067931010X
0679310347
0679310452
0679310614
0679310711
0679310940
0679310991
0679311157
0679311270
0679311300
0679311408
0679311688
0679311718
0679311807
0679311831
0679312110
0679312420
0679312692
0679312951
0679402977525
0679417796
0679420231
0679422102
067942461X
0679425888
0679430504
0679433740
067943531X
067943559
0679438327
0679438335
0679438378
06794455226
0679447768
0679449205
0679450742
0679451722
0679457895
0679458174
0679459278
0679460055
0679460691
0679601325
067960135
0679722173
0679724575
06797253180
0679730559
067973477
067973529I
0679741305
0679763384
0679763671
0679777377
067978158
0679781587
0679783741
0679786694
067986427X
0679876596
0679889159
0679889167
0679894330
067`027581
0681006196
0681007982
068107468X
0681075147
0681115311
0681225106
0681270659
0681409665
0681417374
0681418206
0681606975
0681607114
0681889101
0681889527
068199052X
0681994940
0683079212
0684127822
0684139049
0684143127
068414848X
0684152738
0684153068
0684154900
0684158191
0684168391
0684169495
0684171600
0684171619
0684178869
0684189453
0684717603
0684718081
0684809303
0684816334
0684818302
0684818949
0684820773
0684826801.
0684829940
068483068X
0684833204
0684833395
0684834936
068484554
0684851458
0684851709
06848572820
0684858673
0684859335
0684860201
0684865718
0684866005
0684866579
0684870819
068487217
068487435006
0684878380684
068506106X
0685239330
0686359801
0686729080
0687159733
068716740X
0688000037
0688021549
0688032435
0688039200
0688046126
0688046940
068804784X
0688059147
068806552X
0688078958
0688102840
068810326X
0688110371
0688129102
0688163653
0688167414
0688167799
0688169066
068817508
0688175368
0688175376
0689112092
0689113617
0689206259
0689300069
068971260X
0689714335
068971482
0689804466
0689818769BC
0689826966
0689827067
068983392
06898395530
06898489919
068986020
0690008465
0690134509
0690270275
0691017840
0691020264
0691026157
0691089132
0694036251
0694056251
0694516201
0694516821
0694517798
069452008X
0694521310
0694521442
069452350X
0694524077
0694524654
0694525103
0694525790
0694525995
0694526215
069484267X
069540167X
0695458752
0696000415
0696000938
0696003554
0696004755
0696006707
0696017288
0696019892
0696023083
0696183005
0696201887
0696216566
0696450003
0697018083
069707837X
0697085775
0697385507
0697391876
0698107047
0698107489
0698112318
0698116844
070049300
0700603808
0701112719
0701129735
0701131926
0701137177
0701160888
0701165030
0701165154
070116638X
0701166398
0701166746
0701166878
0701167165
0701173734
070117403X
0701209968
0701512245
0702212318
070222118X
0702225584
0702226157
0702228087
0702228532
0702230472
070223236X
0702232548
0702807648
0702827142
0704300001
0704302012
0704308079
0704311461
0704311658
0704326485
0704332949
0704333392
0704338238
0704338505
0704339501
0704342065
0704342723
0704349264
0704380080
0704380110
0704381079
0704504634
0706351797
0706353811
0706353897
0706378547
0706406419
0706406915
0706411048
0706411749
0706413237
0706426657
0706430190
0708813445
0708814727
0708818889
0708819583
0708820891
0708821014
0708821715
0708823394
0708825362
0708827403
0708827438
0708828043
0708828264
0708828558
0708828698
0708830234
0708831478
0708831532
0708831702
0708833810
0708836100
0708840019
0708842410
0708843379
0708843506
0708849695
0708852408
0708860737
0708881084
0708881483
0708882102
0708882900
0708883079
0708883117
070890226X
0708905196
0708908357
0708911986
0708913962
0708932916
0708961274
0708969135
0708980848
0708981429
0709043759
0709151284
0709154771
0709400403
070970058X
0709701292
0709713754
070972093
070989068704
0710002440
0710202695
0710501412
0710502265
0710505302
0710506430
0710506996
0710507518
0711299110
0711800332
0711911118
0711912335
0711916462
0711917418
0711932786
071193391X
0711944261
0711968845
0711974594
0711998892
0712602143
0712602682
0712604790
0712610847
0712621865
0712623221
0712623582
0712634010
0712639160
0712646183
0712647198
071265013X
0712652329
0712653570
0712654518
0712655735
071265688X
0712657487
0712662294
071266808X
0712668152
0712670394
0712670440
0712670548
0712672389
0712672826
0712673172
0712674195
0712674993
0712676147
0712677100
0712678077
0712678263
0712678506
0712679278
0712694625
0712694854
0713113553
0713116765
0713621192
0713628936
0713628944
0713632879
0713633204
0713642556
0713651474
0713718625
0713719931
0713724048
0713913452
0713997613
0714120626
0714503118
0714528757
0714539139
0714824224
0714828149
0715393057
0715629379
0715807986
0716606887
0716613921
0716708299
0716721368
0716728419
0717117723
0717222977
0717281000
0717281299
0717284735
0717284972
0717287564
0717287963
0717289109
0718003586
0718137108
0718137396
0718137620
0718143418
0718145798
071814631X
071831006998
0718824369
0719030870
0719536324
0719541972
0720715296
0721404227
072140636X
0721407765
0721408672
0721409784
0721409881
0721411657
0721411878
0721415229
0721423418
072143584X
0721442714
0721443087
0721443435
0721443451
0721703410
0722104901
0722105584
0722105673
0722111142
0722121911
0722122098
0722122209
0722122233
0722122268
0722127545
0722134827
0722136870
0722143087
0722143206
0722147716
0722150954
0722151896
0722156154
0722156820
0722158956
0722160283
0722174268
0722175132
0722181167
0722181272
0722184514
0722194056
0722506627
0722511760
0722513585
0722515596
0722526520
0722527845
0722532938
0722533365
0722533942
0722534876
0722535201
0722536275
072253955
0722540442
072310551
0723205930
072320594
072320599X
0723215537
0723234825
0723234868
0723305528
0723306451
0723307415
0723543518
0725401362
0725404531
0726937339
0727005588
0727807501
0727816179
0727842234
0727843931
0727844091
07290000273
0730205746
0731808908
0731810309
0731810570
0732258669
0732259304
0732264472
0732265118
0732266610
0732267897
0732269695
0732269709
0732272637
0732274214
0732274826
0732277329
0732277469
0732278120
0732405637
0732710561
0732908183
0732908663
0732908728
0732910293
0732910854
0732910978
0732911168
0732911249
0732911419
0733303986
0733312349
0733500064
0733502377`
0733502849
0733504116
0733509010
0733511694
0733515711
0733520413
0733528058
0733533124
0733533507
0733537057
0733540406
0733540619
0733541321
0733542255
0733543480
0733543499
0733544177
0733544185
0733602711
073360286X
0733602886
0733602924
0733603920
0733604676
0733608671
0733609554
0733611842
0733612261
0733613063
0733613497
0733613985
0733615082
0733615120
0733616399
0733800424
0733801862
0733801900
0733802028
0734301472
0734501537
0736401202
0736412352
0736600949
0736603964
0736605029
0736605673
0736606378
0736608559
073661091X
0736618198
0736619410
0736625828
0736626158
0736628916
0736644962
0736647694
0736647732
0736651047
0736655220
0736655360
0738701270
0738704458
073880701X
0738841943
0739307320
0739307444
0739400479
0739400533
0739401548
0739403001
0739403184
0739405047
0739405527
0739406558
0739407228
0739407503
0739408259
0739411462
0739411543
0739413317
073941335X
0739414070
0739414305
0739418033
073942033X
0739423592
0739424106
0739424211
0739424343
0739424556
0739429736
0739432044
0739432885
0739434489
0739435140
0739437402
0739439642
0739441639
073944484
0740718886
0740724894
0740729314
0740735489
0741402823
0741410001
0741412942
0741414074
0743201372
0743204077
0743204239
0743204670
0743204700
0743205170
0743205251
0743207149
0743220374
0743222431
0743222806
074322311
0743224124
0743224132
0743229339
0743230051
0743233468
0743235185
0743239199
0743239261
074323992X
074324558X
074325547X
074340050X
074340078
0743405897
0743407685
0743408780
074340937
0743410505
0743412028
0743414993
0743415280
0743415299
0743415655
0743417178
0743422449
0743424387
0743428951
0743430468
074343059X
074343434
0743435710
0743436210
0743440404
0743448790
0743449371
0743449711
0743456254
0743457781
0743466985
0743467167
074346723X
0743471571
0743484185
0743484258
0743486226
0743500083
0743504623
0743506308
0743506669
0743509226
0743509978
0743517911
0743518152
0743525841
0743528220
0743528336
0743528557
0743529243
0743530209
0743530292
0743532430
074353364X
0744502985
0744509440
0744593670
0745119239
0745136060
0745313337
0746014279
0746019734
0746025521
0746052790
0747200378
0747204233
0747208778
0747209146
0747215863
0747220514
0747220573
0747222991
0747230447
0747231486
0747233446
0747233578
0747234205
0747234442
0747234744
0747234825
0747234892
0747235341
0747236461
0747237069
0747237263
0747238243
0747238251
0747238324
0747238642
0747238898
0747240086
0747241430
0747242127
0747242631
0747244839
0747244944
074724716
0747248087
074724944X
074724968
0747251002
0747251037
0747254176
0747254346
0747254850
0747255342
0747255911
0747256152
0747257698
0747257884
0747257892
0747257906
0747257949
0747258325
0747259216
0747259224
0747259658
0747260281
0747260400
0747261296
074726130X
0747262039
0747263035
074726368X
0747263698
0747263744
0747264449
0747266778
07472668
0747266832
0747266905
0747266913
0747266972
0747267294
0747267553
0747267685
0747268142
0747268304
0747268924
0747268932
0747270449
0747271429
0747271704
0747273014
0747273200
0747275203
0747279004
0747401004
0747403902
0747404402
0747404704
0747405530
0747405689
0747406383
0747407835
0747409870
0747411506
0747451006
0747509670
0747522030
0747522669
0747524467
0747525471
0747532745
0747534969
0747535484
0747536783
0747538484
074754073X
0747542155
0747542384
0747542821
0747542988
0747543224
0747544077
0747545693
074754624
074754624X
0747546290
0747546940
0747549508
0747549559
0747549605
0747550093
0747550999
0747551006
0747553408
0747553556
0747553947
0747554420
0747555680
0747556164
0747556903
0747557039
0747557276
074755837X
074756003X
0747560595
0747561516
0747561532
0747561605
0747561621
0747562598
074756342
0747563667
0747564132
0747564485
0747566534
074756695X
0747569401
0747569479
0747572852
074866145X
0749002131
0749002239
0749004991
0749005262
0749005475
0749300515
0749300531
0749300647
0749300663
0749301007
0749301341
0749301384
074930152X
074930166X
0749301759
0749302054
0749302127
0749302186
0749302224
0749302291
0749302658
0749303182
0749303506
0749303638
0749303808
0749305002
074930510X
0749305320
0749305401
074930541X
0749305436
0749305517
0749305649
0749305703
0749306084
0749306335
0749306386
0749306742
0749306785
0749307056
0749307382
0749307846
0749308524
0749308605
074931012X
0749311029
0749311193
0749311207
0749311614
0749312475
0749313323
0749313390
0749313528
0749313544
0749313978
0749314079
0749314095
0749314249
0749314710
074931530X
0749315598
0749315857
0749316527
0749316780
0749316810
0749316837
0749316861
0749317132
0749317442
0749317647
0749317655
0749317892
0749318023
0749318724
0749319054
0749319119
0749319291
0749319305
0749319542
0749320214
0749320249
074932032X
0749320591
0749320915
0749321377
0749322217
0749322330
0749322837
0749322845
0749323205
0749323256
0749323388
0749323418
0749323434
0749323485
0749323825
074932385X
0749324295
0749324392
0749324740
0749324791
0749326905
0749336129
0749336501
0749336552
074933665X
0749385359
0749386037
0749386460
0749386541
0749390336
0749390484
0749391111
0749391251
0749391308
0749391510
0749391685
0749391723
0749391731
0749391774
0749391790
0749391952
0749394064
074939465X
0749394927
0749395389
0749395508
0749395699
0749395850
0749395974
0749395990
0749396008
0749396059
0749396067
0749396547
0749396970
0749396997
0749397357
0749397365
074939739X
0749397543
0749397624
0749397675
0749397713
0749397837
0749397942
0749397950
0749397969
0749398078
0749398086
0749398159
0749398221
0749398434
0749398574
0749398744
0749399031
0749399074
074939921X
0749399236
0749399457
0749399627
0749399767
0749406623
0749502495
0749700831
0749701013
0749701374
0749702109
0749702702
0749702834
0749703121
0749703334
0749704632
0749707100
0749707232
074970831X
0749719257
0749719745
0749723262
0749723793
0749726687
0749726733
074972711X
0749728280
0749729082
0749733330
0749738359
0749744715
0749746114
0749805145
0749852283
0749902108
0749903333
0749903511
0749910097
0749930004
0749930055
0749930373
0749933267
0749934034
0750013176
0750015810
075050059X
0751304190
0751305022
0751305111
075130728
0751320005
0751333980
0751336807
0751355682
0751360007
0751371122
075150047X
0751500844
0751501107
0751504327
0751504386
0751504572
0751504947
0751505129
0751506605
0751506672
075150727X
0751507342
0751507652
0751508187
0751508810
0751508942
0751509337
0751509779
0751510084
0751512214
0751512478
0751514322
0751516309
0751516635
0751517216
0751517755
075151814X
0751519103
0751521051
0751521647
0751522805
075152350X
0751523895
0751524409
0751525499
0751525677
0751526444
0751527378
0751529680
0751530409
0751530433
075153045X
0751530476
075153062X
0751530948
075153140
0751531413
0751531545
0751531871
0751532061
075153241X
0751532843
0751533270
0751533599
075153398X
0752202847
0752208497
0752208543
0752213156
0752219308
0752222651
0752223461
0752223518
0752223941
0752224700
0752261738
075227192X
0752272233
075240265X
0752423010
0752500260
0752506846
0752508369
0752509276
075250942X
0752509470
0752509713
0752513850
0752515462
0752515470
0752515667
0752515713
0752515764
0752515829
075251587X
0752516140
0752516736
0752517724
0752517759
0752517775
0752517910
0752517929
0752517953
0752518356
0752521373
0752535129
0752536966
0752547631
0752551485
075255302X
0752553372
0752557106
0752561952
0752563149
0752564854
0752568337
0752576895
0752577786
0752577891
0752584278
0752585215
0752586726
075258927X
0752589717
0752590391
0752597558
0752599518
0752803476
0752803549
0752803727
075280913X
0752809423
0752809482
0752809563
0752810804
0752813366
0752814265
0752814354
0752817116
0752817337
075281754X
0752817566
0752817647
0752817892
0752825127
0752825151
0752825941
0752826220
0752826751
0752826824
0752826956
0752834045
0752834223
075283715
075283715X
0752837508
0752837648
0752838253
0752838717
0752842897
0752842986
0752843117
07528438733
0752844040
0752844083
0752844318
0752847333
0752847961
0752848229
0752848348
0752848666
0752849417
0752849840
0752851314
0752853716
0752857487
0752857681
0752862308
0752863916
0752903527
0752903586
0752904108
075299977X
0752999958
0753100193
0753105276
0753504057
0753505703
0753507579
0753703084
0753704218
0753704404
0753706563
075380039X
0753801582
0753804492
0753804719
0753804964
0753805421
0753807327
0753808587
0753809168
0753809885
0753811065
075381675
0754000052
0754000117
075411189X
0754807533
0755108876
0755109546
0755301897
0755301951
075530196X
0755302443
0755305256
0755307127
0755310144
0755312317
0756400929
0756401100
0758206380
0759631530
0760701067
0760701423
0760701784
0760702942
0760703086
0760703132
0760708142
0760708827
0760709319
076071200X
0760712018
0760712204
0760712263
0760713855
0760719470
0760720002
0760720177
0760720428
0760720495
076072105X
0760723303
0760723931
0760724962
0760725152
076072539X
0760726043
076072850X
0760733724
0760734585
0760734615
0760737789
0760741573
0760745560
0760745692
0760748934
076074906X
0760749213
0760750963
0760755213
0762188596
0762413646
0762703954
076287001X
0763403059
07636188292
07636241600
0763701793
076450486X
0764561006
0765109409
0765191121
0765340747
0765342987
0765343436
0765344424
0765345048
0765347539
0765416766
0766107647
0766107957
0766165876
0766606007
0767904184
0767904648
0767917243
0768321646
0768900506
0768905362
0769445049
0769612067
0769612725
0769626866
0770003397
0770101968
0770102018
0770103790
0770104835
0770104932
0770104983
0770105815
0770106331
0770109098
0770416292
077041656X
0770418686
0770420605
0770421156
0770421199
0770421377
0770421814
0770421857
0770422055
0770422063
0770422330
077042239X
0770422578
0770422632
0770422659
0770423000
0770423019
0770423345
0770424872
0770425518
0770425690
0770425984
0770426220
0770427103
0770427464
0770427472
0770427480
0770427847
0770428207
0770428231
077042824X
0770428274
0770428290
0770428479
0770428495
0770428517
0770428525
0770428649
0770428797
0770428819
0770428827
0770428916
0770428991
0770429033
0770429092
0770429114
0770429378
0770429556
0770509460
0770700241
0771006675
0771008074
0771008171
0771008198
077100821X
0771008597
0771010834
0771013639
077101631X
0771017049
0771017650
0771021178
0771022328
0771029551
0771030843
0771033273
0771033281
0771034415
0771034636
0771034687
0771034717
0771034806
0771034822
0771040741
0771041039
077105422X
0771056818
0771058837
0771058934
0771058942
0771060545
0771060548
0771061277
0771066651
0771066805
0771066937
0771067771
0771068611
0771068751
077106893X
0771069774
0771071477
0771071531
077107462X
0771074700
0771074719
0771075170
0771075804
0771079516
0771080662
077108580X
0771086512
0771086547
0771086717
077108692X
0771087373
077108756X
0771087918
0771098189
0771098758
0771098995
0771099509
0771099851
077109986X
0771099894
0771557000
0771570201
0771576226
0771590229
077159898X
0771704518
0772301034
0772516138
0772516146
0773670610
077368025X
077368039X
0773720286
0773731881
0773753478
0773754261
077375458X
0773755543
0773758887
0773762167
0773762949
0776601113
0778300277
0779513299
0780618548
078073006991
0781201535
0781400309
0781401429
0781405262
0781409756
0782480411
0783228473
0783890834
0784703450
0785108017
0785108335
0785211578
0785223134
0785255370
0785256652
0785272100
0785273603
0785275398
0785280308
0785300422
0785300430
0785300538
0785301461
0785311874
0785315314
0785324623
0785325271
0785355006
0785382186
0785817089
0785911227
0785914838
0786000619
0786010584
0786014261
078601427X
078603237
078611228X
0786202203
0786700807
0786703687
078670585X
0786706015
0786707925
0786709219
0786808012
0786813032
0786813857
0786817925
0786842423
0786843497
078684468X
0786845899
0786862200
0786864133
0786867329
078686947X
0786883480
0786885572
07868900002
0786890568
0786901128
0786901276
0786901381
0786902604
0786902620
0786902639
0786902647
0786904860
0786904984
078690514X
078690514x
0786905239
0786906812
0786906987
0786907630
0786907851
0786907878
0786911867
0786913142
0786913428
0786913657
078691436X
0786914394
0786915501
0786915889
0786916052
0786916354
0786916818
0786918071
078691811X
0786918179
0786918640
0786929081
0787100722
0787101117
0787101303
078710146X
078710566X
0787107093
0787108766
0787110833
0787111155
0787111759
0787119059
0787120944
0787121363
0787200123
078762764X
0787900727
0788702742
0788725165
0788744038
0789254484
0789306999
0789401762
0789411474
0789411520
078941452X
0789416743
0789435128
0789444305
0789466473
0789513005
0789708329
0790001799
0790003449
0790005646
0790008386
0790736527
0791718441
0792441915
0792455533
0792706765
079270875X
0793345691220
0793500176
0793521181
0793525861
0793800722
0793800935
0793800943
0793802598
0793805252
0793823781
0793828031
0796961290
0800620585
080063330X
0800700651
0800707702
0800751868
0800753569
080078025
0800781724
0800781775
0800786866
0800791096
0800792475
0800863100
080105060X
0801060621
0801095530
0801317894
0801422213
0801492823
0801494257
0801975891
0801978246
0802069347
0802115454
0802133290
0802150241
080240460X
0802450407
0802451780
0802484433
0802710611
0802710980
0802713394
0802766862
0802772439
0802772471
0802772528
0802772536
0802772544
0802775241
0802775802
0802776108
0802816614
0802839061
08028472
0802860192
0803115713
08033697
0803605862
080372697X
0803742894
080374806X
0803909918
0804001219
080400322X
0804101116
0804102309
0804103988
0804105260
080410603
0804106665
080410753
0804109419
0804113475
0804114854
080411498B
0804119798
0804160304
0804463433
0804606803
0804811547
0805204229
0805208593
0805208690
0805303405
080532562
0805951105
0806500042
0806504188
0806512709
0806515678
0806515767
0806515848
0806518316
0806520949
0806521287
0806625783
0806947683
0806953969
0806955228
0806968540
0806982276
0806984457
0806987510
0807032530
0807046116
0807060504543
080707103X
0807204684
0807205893
0807219967
0807281530
0807281751
0807281913
0808518410
0808577697
0809015587
0809103400
0809119897
0809121182
0809124416
0809247798
0809248107
0809415372
0809424037
0809448416
0809461676
0809461722
0809464837
0810111388
0810372193
0810398494
0810919621
0810921774
0810978717
081120068X
0811204154
0811415465
0811720179
0811727572
0811800652
0811803198
0811804577
0811805557
0811812308
0811814793
0811819353
0811824829
0811826007
0811826597
0811827413
0811830829
0811834492
0811835391
0811836924
0811837599
0811838889
08119072709
0812002318
0812003306
0812031261
0812081285
0812095367
0812097394
0812500156
0812500172
0812500296
0812502655
0812502795
0812504577
0812505042
0812506146
0812508424
0812508548
0812509145
0812509234
0812509463
0812509641
0812509900
0812510259
0812511751
0812511816
0812512456
0812513711
0812514009
0812515560
0812518969
0812519469
0812521269
0812521277
0812521390
0812522184
0812522397
0812524268
0812525205
0812530322
0812531256
0812535928
0812536738
0812539265
0812541626
0812545419
0812545427
0812548051
0812548094
0812548221
0812550285
0812550293
0812550730
0812550757
0812551281
0812551389
0812551478
0812551486
0812551494
0812551583
0812553314
0812553357
0812553896
0812554647
0812555198
0812557042
0812557948
0812558138
0812562712
0812564758
081256541X
0812565495
0812568141
0812568168
0812570812
0812570820
0812574737
081257639X
0812587251
0812589718
0812815343
0812880609
0812881850
0812881974
0812882776
0812885074
081296633X
0812=5459580
0813315840
0813430321
0813520614
0813908744
0814115761
0814141269
081445495X
0814616216
0814908640
0814909078
0815624123
081603849X
0816040591
0816307075
081631649X
0816319553
0816457050
0816704627
0816708010
0816708029
0816708541
0816708851
081671038
0816710384
0816714606
0816716765
0816720789
081672265
0816728089
0816731934
0816732434
081673710X
0816737215
0816742766
0816749531
081677014X
0817005595
0817007997
0819266228
0819310247
0819310441
0819815195
0819904848
0820004030
0820306878
0821115103
0821401971
0821700502
0821710001
0821711350
0821712594
0821712683
082171337X
082171399X
0821714422
0821715348
0821715917
0821716220
082171631X
0821716417
0821716468
0821716565
0821716700
0821716875
0821717030
0821717197
0821717383
0821717626
0821717847
0821718738
0821718894
0821719246
0821721666
0821722131
0821722239
0821722646
0821722921
0821723286
082172357X
0821724223
0821724304
0821725254
082172620X
0821726528
0821726668
0821726927
0821727427
0821727540
082172813X
0821728849
0821729764
0821730169
0821730770
0821731009
0821731084
0821731130
0821731173
0821731386
0821731793
0821732099
0821732226
0821732315
0821732587
0821732633
0821732730
0821733354
0821733370
0821733478
0821733648
0821733656
0821734008
0821734105
0821734121
0821734199
0821734466
0821734644
0821734660
082173475X
0821734911
0821734954
0821734989
0821735136
0821735330
0821735659
0821735837
0821737570
082173847X
0821738739
0821739484
0821739743
0821743155
08217460202
0821753053
0821754394
0821754777
0821755293
082175534X
0821755854
0821755897
0821756133
0821756141
0821756974
0821757326
0821757350
0821757725
0821757954
0821762176
0821763652
0821765450
0821765604
0821765817
0821766325
0821766716
0821767046
0821767534
0821771078
0821772147
0821772155
082177270
0821773682
0821799991
0822000466
0822007355
0822023024
0822437724
0822932571
0822957094
0823007421
082410014X
0824102347
0824713354
0825617790
0826943004
082760064X
0827601069
0827700954
0828009775
0828013535
0828108188
0829802827
0829806962
0830700285
0830701303
0830701885
0830702059
0830702547
0830702768
0830702776
0830704434
0830704531
0830705384
0830709959
0830709967
0830710019
0830714057
0830724893
0831400439
083148005991
0831700203
0831706813
0831711434
0831713631
0831739363
0831756381
0831774290
0831787872
083281641
0834118556
0834218674
0834300753
0834300761
0834300788
0834300796
083430080X
0834300818
0834300826
0834300834
0834300842
0834300850
0834300869
0834300877
0834300893
0835110532
0835504209
0835904288
083598592X
083616295
0836206940
0836218205
0836220676
0836228804
0836468730
0837104211
0837817714
0837818389
0837846374
0837876095
0837898587
0838481248
0839825137
0840712634
0840720335
084075681X
0840757255
0840768796
0840771649
0840772289
0840776446
0840795319
0840795955
084204825520
084207827420
084226554970
0842300457
084230214X
084230522X
0842307176
0842313362
084231816X
0842324518
084232576X
0842329072
0842329285
084233091420
0842332251
0842332847
0842333665
084233570B
0842337539
0842340432
0842342982
0842343288
0842345566
084234716X
084235462X
0842357971
0842360719
0842362290
0842382240
0842382372
08425327440
0843103663
0843110589
084311410X
0843141514
0843141808
084320370360
08432420
0843920831
0843921439
084392196X
0843922567
0843922702
0843922753
0843923199
0843923687
0843923776
0843923903
0843924039
0843925027
0843926287
0843926422
0843926821
0843931140
0843931248
0843931418
0843947888
0843949783
0843950463
084395103
0843951559
08440223889
0844200212
0844204013
0844239062
0844239453
0844252565
0844255475
0844278521
0844295582
0844408085
08464065X
08464423292
0847462544
084772040550
0847818969
084787108090
084788005060
0847899826
08480030178
084813012130
084813013290
084845086330
0848707001
0848710290
084871475X
0848716094
0848716493
0848719905
0848727002
084896696350
084921605190
084954891630
08495501260
084960756210
0849900972
0849903599
0849903653
0849928494
0849930715
0849931711
0849932637
0849938945
084993897X
0849941121
0849952174
0849982154
0849995485
0850253519
0850253861
0850302889
0850308240
085030895X
0850308992
0850314399
0850914574
0850977878
0851123287
0851225497
0851225535
0851315208
0851407102
0851702430
0851703003
0852235194
0852235485
0852235534
0852442009
0853157421
0853429189
085363078X
0854218807
0854327886
0854491104
0854560955
085456280X
0854781161
0854965939
0855634545
085572255X
0856401927
0856401943
0856480665
0856481815
0856540307
0858351986
0858470780
0859418383
0859720543
0859978524
0860070913
0860071294
0860073718
0860074382
0860075397
0860079163
0860079481
0860202380
0860202909
0860207242
0860653641
0860655970
0860680495
086068055X
0860680649
0860681297
0860681319
0860681335
0860681440
0860681467
0860681696
0860681904
0860682013
0860682544
0860683419
0860684938
086068511
0860685179
0860685225
0860688267
0860688666
0860689980
0860918572
0861012828
0861017277
0861047451
0861120426
0861120604
0861123530
0861123832
0861124251
0861216105
0861631226
0861631471
0861636090
0861636112
0861639162
0861881605
0861883233
0861888219
0862019192
0862416027
0862418925
0862640768
0862672449
0862880203
0862994780
0863112455
0863161286
0863189113
0863272231
0863278310
0863473997
0863475019
0863501184
086358067X
0863580912
086369182X
0863696716
0863697607
0863697674
0863698271
086379033X
0864115059
0864119569
0864380798
0864388772
0864423551
0864423632
0864424140
0864424299
0864550197
0864613326
086495008X
0865450579
0865470987
0865475571
0865580030
0865711534
0866116788
0866119108
0866119574
0866223622
0866225870
0866550763
0866837035
0867130768
0867210796
086724125X
0867604999
0867608730
086782783X
0868060658
0868180483
0868633712
0868634255
0869140450
0869142488
0869410157
087000123X
0870118242
0870410520
0870494724
0870650076
0870650092
0870650459
0870651749
0870865056
0870865110
0870865188
087100240X
087113375X
0871238969
0871241110
0871311909
0871401517
0871401525
0871564521
0871622726
0871969807
087197195X
0872030709
0872164500
0872165027
0872165272
0872167704
0872168255
0872169294
0872169324
0872169464
0872201562
087220216
0872237710
0872261344
0872262278
0872394069
0872494624
0872497658
0872860213
0872860744
0872860884
0872861554
0872862097
0873032519
0873033434
0873520009
0874060419
0874062497
087406273X
0874062888
087406290X
0874063051
0874063140
0874063396
0874063590
0874063957
0874064201
087406421X
0874065372
0874065917
0874068339
0874068541
0874068967
0874313759
0874340349
0874364353
0874493803
0874552591
0874631156
0874711711
0874742552
0874770297
0874771412
0874801281
0875020607
0875160468
0875160476
0875291252
0875296394
0875302092
0875346308
0875346316
0875346324
0875420923
0875421989
0875422616
0875422942
0875423248
0875426913
0875484468
087579159X
0875793908
0875797059
0875797326
0875798586
0875895816
0875964125
0876093152
0876636903
0876660782
0876665105
0876665229
0876666586
0876668902
0876852630
0876855966
0876857632
0877018928
0877205388
0877207585
087779913X
0877799180
0877846294
0877846391
0877931062
0877956324
0878100016
0878160965
087826311X
0878351302
0878351310
0878450726
0878485066
0878570624
0878570705
0878572104
0878577351
0878770305
0878770364
087877128X
0878771921
0878861211
0878861343
0878916016
0878916318
0879052686
087905283X
0879073234
0879320559
0879410094
0879514817
0879520388
0879737964
0879738588
0879752386
0879755008
0879757655
0879800119
087980212X
0879803584
0879817216
0879972734
0879973382
0879974435
0879976861
0879979062
0879979887
0880014105
0880015403
0880016884
0880210605
0880290919
0880297905
0880299193
0880324309
0880380624
0880381744
088038266X
0880382678
0880384433
0880386142824
0880386525
0880387165
0880387483
0880387734
088044208200
088044317250
088044443390
0880642408
0880702257
0880704705
0880704756
0880791411
0880793228
0880880996
088088455X
0880889306
088092075050
0880970790
0881254908
0881330388
0881330566
0881412257
0881501476
0881622400
0881841099
0881881171
0881889849
088207024X
0882070479
0882075837
0882077120
0882077961
0882141015
0882516004
0882549057
088270236X
0882702637
0882704214
0882705474
0882706772
0882707167
0882732862
0883367068
0883441047
0883445115
0883448017
0883455293
0883470365
0883470462
0883470799
0883472384
0883650215
0883658364
0883658461
0883686740
0883960044
088396631
0884042081
0884042847
0884043789
0884192113
0884413179
0884413365
08844279
0884760081
0884862097
0884894894
0884944379
0884945995
0886193540
0886461278
0886464846
0886466075
0886770750
0886770912
0886770920
0886771293
0886771854
0886772370
0886772397
0886773490
0886773598
0886773733
0886773741
0886773849
0886774039
0886774500
0886774616
0886774896
0886775957
0886777313
0886777402
0886777712
0886777801
0886778166
0886876583
0886877660
0886878470
0886878721
0886900921
0887230318
0887307280
0887621341
0887670032
0887680801
088768473750
0887846068
088798336340
08881832240
0888302525
0888332726
0888509375
0888509383
0888821247
0888888880
088891851
0888940068
0888946414
0888948085
0888948093
0888991487
0888993609
0889101078
0889321361
0889330034
0889610061
088982066X
0889995621
0890093911
0890430152
0890510571
089079698X
0890810613
0890811156
0890811407
0890815038
0890818592
0890818827
0890836078
0890836671
0890837503
0890838674
089083900X
0890842795
0891072632
0891072861
0891073000
0891074074
0891074171
0891074228
0891092994
0891093702
0891095578
0891095802
0891096124
0891343580
0891412360
0891740317
0891760296
0891872728
0891901639
0891904891
0891910980
0891912444
0892046732
0892130024
0892131187
0892131233
0892131284
0892434090
0892440384
0892552905
089256265X
0892741163
0892742062
0892745908
0892748656
0892749407
0892810165
0892812974
0892819820
0892836407
0892873833
0892962445
089296748X
0893010707
0893752053
0893753491
0893754064
0893754579
0893754633
0893756954
0893757497
0893757756
0893757764
0893758205
0893758299
0893758671
08938802178
08939373
0894101412
0894340182
0894710737
089471273X
0894718207
089471838X
0894801406
0894840053
0894864025
0894864416
0894866486
0894867598
0895298902
0895555344
0895770288
0895770601
089577223X
0895772590
0895773201
0895773376
0895773384
0895773740
0895773953
089577620
0895777320
0895860643
0895860724
0895861682
0895862530
0895870754
0895886634
0895942119
0895949091
0895963221
0896086283
0896100979
0896380653
0896590925
0896960900
0897298705
0897301455
089772027X
0897813596
0898155363
0898210976
0898400139
0898400309
0898400503
089845624X
089845865X
0898459796
0898658586
089870524X
0898790948
0898791464
0898791669
0898792231
0898798507
0898852587
0899062857
0899091679
0899448793
0899548318
0899683517
0900751169
0901825166
0902920111
0903355272
090414755X
0904521044
0904681351
0905483286
0906336252
0906399319
0906500370
0906710073
0906710510
0906710618
0906969778
0907040713
0907337228
0907337252
090827243X
0908643306
0908643411
0908643993
0908676093
0908676711
0908704372
0908802862
0908990375
0909486727
090968913
0910034532
0910147140
0910158703
0910293066
0910367329
0910395365
0911449027
0911954775
0912301449
0912310782
0912365285
0912500255
0912674628
0912696524
0912696532
0912696737
0912696745
0912697237
0912769424
0912776404
0912800658
0912856238
091327867
0913289000
0913347000
0913420808
0913546836
0913592471
0913592773
0913677116
0914053108
0914101021
0914234161
0914766384
0914881655
0915009005
0915035200
0915132079
0915144166
091514445X
0915166615
0915199106
0915306573
0915396149
0915463172
0915473135
0915560186
0915684829
0915921057
0915943417
0915943476
0915962020
0915992116
0916211142
0916211215
0916211258
0916211509
0916211703
0916366669
0916439003
0916439011
0916441431
0916547043
0916856054
0916856372
0916890333
0917012933
091714323X
0917143469
09171880107
0917463102
0917652339
0917879023
0918259274
0918259320
0918259401
0919345530
0919345921
0919470181
0919473539
0919493157
0919493181
0919591132
091967065
0919888313
0920207014
0920236677
092030351X
0920417108
0920459374
0920576443
0920668496
0920794130
0920897096
0920911005
0920953239
0921061153
092174515X
0921912090
0921912757
0921912810
092272936
0923568050
0924771496
092506565X
09277625
0929009177
0929292839
0929483200
0929631366
0929643063
0930045092
093013108
0930407032
0930748190
0930878205
0930892593
0931432901
0931580560
0931580641
0931719003
0931779073
0932081266
0932085253
0932215211
0932592260
0932620701
0932648509
0932870414
0932870740
0933031831
0933087535
0933264003
0933278047
0933328133
0933532407
0933585071
0933635524
093371713X
0933833571
0933875185
0933944047
0934395500
0934426880
0934640106
0934826013
0934904103
0935989056
0936369302
0936602384
0937274992
0937295078
0937295167
0937422037
0937580511
0937609358
0938078321
0938190067
0938256343
0938261207
0938753134
0938753630
0938753886
0938764004
0938819178225
0938819747495
0938819836
0938819852495
0938819887
0938965077
0939231026
0939416255
0939416395
0939416824
0939497336
0939515466
094026711X
0940368188
0940485001
0940535963
0940687240
0941016668
0941188167
0941263169
0941351031
0941434796
0941483088
0941483144
0942018133
094202401X
0942025660
0942110048
0942394577
0942396499
0942456106
0942802799
0943066433
0943084628
0943151031
0943151341
0943173531
094323509X
0943365023
0943365120
0943365163
0943403030
0943403340
0943477018
0943717744
0943973058
0944627374
0945320531
0945465483
0945564562
0946003068
0946014027
0946313997
0946515778
0946515786
0946515875
0946515948
0946621438
0946928290
094718399X
0947351981
0947782141
0947782230
0947782753
0947792430
094845668X
0948524588
0949206318
0949245224
0949641928
0949873225
0951186809
0952586282
0952810700
0952855739
0952921502
0952925001X
0952951703
0953057518
095342054X
0953805646
0953842118
0954037103
0954130324
0954136306
0954179803
0954187539
0954407563
0954732103
0957780036
0957921802
0957987307
0958005702
0958202311
0958340587
0958350574
0958356831
0958633509
0959028501
0959043934
0960068848
0960095810
0960439226
0960989803
0961000880
0961327421
096146447X
0961470143
0961512911
0961866349
0961882115
0962044555
0962144401
0962325023
0962328235
0962368326
0962408212
0962412260
0962560502
0962580333
096260691X
096268743X
0962687499
0962794716
0962964506
0962980307
0963144839
096315320X
0963205412
0963219413
096351766X
0963541374
0963632833
0963660926
0963660934
0963863908
0963865439
0963956019
0963981803
0964018500
0964186659
0964191725
0964266059
0964266067
0964341115
0964347741
0964348500
0964385619
0964416409
096444724X
0964498871
096452810X
0964631601
096463161X
0964637693
0964785862
0964858401
0964863502
0964929600
0964948605
0964967804
0965003504
0965005125
0965006977
0965011743
0965012085
0965012714
0965016059
0965019742
0965020210
0965026656
0965030365
0965031136
0965032844
0965035214
0965036712
0965040801
0965043077
0965045439
0965046427
0965057430
0965059888
0965061349
0965063348
0965064255
0965064336
0965064758
0965064761
0965064871
0965067659
0965072444
0965073629
0965075337
0965079929
0965086927
0965088171
0965088537
0965088806
0965095095
096515310X
096516049X
0965170403
0965204308
096520443X
0965213676
0965256545
0965307751
0965307883
0965340392
0965353303
0965353346
0965368831
0965396215
0965447685
0965550117
0965576590
0965636194
0965636585
0965664120
0965728595
0965735354
0965749150
0965813509
0965818306
0965834581
096584319X
0965843920
0965846868
0965860647
0965866807
0965866874
0965881261
0965884325
0966067630
0966067657
0966086503
0966147006
0966161300
0966294513
0966320204
0966371534
0966410078
096664591X
0966782410
0966784847
0966809920
0966813006
0966822854
0966852508
0966941411
0967025907
0967063132
0967230306
0967231434
0967279704
0967499402
0967507103
0967542995
0967560527
0967577101
0967834503
0967943302
09679567
0968125832
0968127304
0968188451
0968217532
0968324606
0968356729
0968621414
0968636306
0968747906
0969366841
0969403402
0969806469
0969806493
0969821107
0969885520
0970342012
0970500408
0970595700
0970815247
0970815255
0970816308
0970910118
0971005982
0971327866
0971338906
0971358400
0971438021
0971687217
0971704813
0971976600
0972022104
097203169
0972172335
0972275703
0972469400
0972792406
0972868100
0973093005
0973120118
0973248505
0973402202
09741184206
0974203912
0974381403
098038072355
099178109
099771519
0_8218_0635_1
1,488/1,421)
10000000
1020012752/1.
1060902604
10987654321
111111111
11223322
11238356
1132192X
1140087192
1166750019
116778139
12123546500
121613/98
12231868
12307081075
123434235455
1234561706
123456789
1234567890
12378682378
12412089
132465798
1345413350
136714463
137128814/65
1373288476
139416034
1400001447
1400001625
1400002672
14000077826
1400032156
1400033330
1400047927
1400100089
140027629
140034205
1401025544
140108110X
1401088945
1401201369
1401300014
1401301061
1401601197
1402502184
1402505272
1402524978
1402703287
1403309108
1403349622
1403700559
14042038X
1404309276
1404309691
140431654X
1404333045
1404335323
1404336540
140440151
1405000740
140500519X
1405401184
1405409444
140541667X
1405426543
14093/86
1410743748
1410755568
1413700837
1414009623
1414013450
1414025696
1414033435
1414051999
1440925607
1446604232
148681999
154567609
1550133942
1550137964
1550225510
1550545779
1550548182
155054845X
1550549364
155054960X
155074075X
155074089X
1550742191
1550821733
1551101688
155111222x
1551165204
15512450848
1551250004
1551301350
1551531534
1551563452
1551661942
1551662000
155166892
155166931
155166944
155166945X
1551669625
1551921561
1551922975
1551923319
1551923378
155192370X
1551923963
155192398X
1551924781
1551925702
1551926679
1551990490
1551990695
155204145X
1552041751
1552090450
1552674142
1552780473
1552780805
1552781305
1552781429
1552781542
1552781712
1552782697
1552783081
1553269151
1553660846
1553801252
1555031315
1555046126
155513338X
1555135420
155513596
1555137105
1555212409
1555472109
1555472419
1555472451
1555660665
1555971687
1555971725
1556113498
1556124570
1556224613
1556280017
1556520794
1557042462
1557044902
1557130248
155723020X
1557232377
1557233632
1557480435
1557482683
1557482764
1557484074
1557484449
1557484554
1557485186
1557731926
1557732108
1557733953
1557733996
155773416X
155773447X
155773450X
1557734747
1557734860
1557734925
1557735077
1557735204
1557735379
15577489564
1557784663
1557850879
1557866031
1558002766
1558003460
1558009426
1558020012
155802008X
1558020292
1558020837
1558021256
1558021833
1558171657
1558173625
155817446X
1558174516
1558174729
1558174788
1558174974
1558175059
1558184023
1558360026
155850012X
1558506454
155853071X
1558532331
1558533389
1558599177
1558680713
1558686401
1558701060
1558744630
1558746625
1558851836
155896388X
1559274913
1559275006
1559277041
1559277785
1559277807
1559278226
1559348127
1559351659
1559352507
1559352671
1559360615
155936078X
155936078x
1559613874
1559711361
1559722002
1559746161
1559930039
1559941987
1559946342
155994806X
1560238755
1560239069
1560443529
1560460784
1560545275
1560634588
1560760516
1560760682
156076113X
1560761504
1560761547
1560763329
1560765291
1560766794
1560768304
1560768401
1560768851
156076905X
1560973153
1561001058
1561007420
1561007889
1561008508
1561381918
1561385727
1561440922
1561441279
1561442933
1561443123
1561444294
1561563544
1561565938
1561569356
1561710385
1561711896
1561736015
1561894508
1562124560
1562199064
1562199110
1562311352
1562314408
1562314416
156265005X
1562801155
1562920138
1562925768
1562926357
1562927140
1562947346
1563137704
1563331810
1563331861
1563335352
1563335506
1563336197
1563522977
1563831392
1563890895
1563892081
1563892618
156389405X
1563898136
1563991217
1564135071
1564135136
1564141225
1564200396
1564310310
1564401596
1564407438
1564557391
1564761371
1564965171
1564965945
1565048040
1565048059
1565048083
156504844X
1565048539
156504875X
1565048814
1565077814
1565112008
1565112199
1565113306
1565115287
1565115430
1565117514
1565117573
1565117794
1565122399
1565300343
1565548353
1565910915
1565921569
1565928466
1565970217
1565970225
1565970489
1565970519
1565970578
1565970756
1565999916
1566190223
1566190533
1566191459
1566193117
156619444X
1566194733
1566195314
1566195519
1566195527
1566196868
1566197627
1566197686
1566197945
1566198410
1566199646
1566199735
1566400201
1566404398
1566470722
1566473209
156682043X
1567140394
1567140807
1567183778
1567187218
1567311199
1567311970
1567312993
1567313205
1567314899
156731497X
1567330266
1567400388
1567400523
1567403557
1567403581
1567403913
1567404758
1567610250
1568300522
1568495870
1568522568
156857083X
1568650175
156865040X
156865099X
1568651066
1568651155
1568651201
156865183X
1568652879
1568653433
1568654324
1568654944
156865684X
1568657935
1568658303
1568658559
1568659024
1568659954
1568820186
1568820488
1568820879
156895963X
1569249474
156931070X
1569312125
1569312273
1569314314
1569315388
1569315620
156931568X
1569317011
1569319332
1569319359
1569319367
1569319480
1569319499
1569319502
156931960X
1569319626
1569319634
156952033X
1569602131
1569602158
156970209
1569714215
156977563X
1569802068
1569870764
1569870942
1569871248
1569873348
1569873526
1569874093
1569874239
1569877025
1570063982
1570066183
1570083533
1570087660
1570087865
1570089914
1570250782
1570420890
1570421048
1570422877
1570424373
1570426058
1570426384
1570427003
1570431728
1570612420
1570713286
1570715610
1570753881
15713994
1571890998
1571891021
157189182X
1572700408
1572700505
157270053X
1572700599
1572700653
1572700904
1572701285
1572701536
1572702982
1572703164
1572972835
1573181633
1573220922
1573340413
1573353572
1573353892
1573354058
1573440140
1573510084
1573531103
1573540706
1573754226
157392004
1573927481
1573929026
1575000490
1575090627
1575792109
157593907X
1576440052
1576440702
1576570983
1576572323
1576577724
1576578208
1576578224
1576736806
1576739627
1577233603
1577234189
157731168
1577340981
1577481097
1577483340
1577486900
1577486943
1577487869
1577552024
1577555732
1577555953
1577590872
1577592727
1577593693
1577782038
1577940040
1577941195
1578152402
1578152674
1578260868
1578590108
1578590701
1579121365
1579122663
1579542301
1579547370
1579730019
1580050719
1580082424
1580083412
1580480519
1581650086
1581690029
1581690983
1581744161
1581801653
1582340943
1582342113
1582342119
158240139X
1582403589
1582614830
1582614911
1582791759
1582880336
1583487921
1583488111
1583754733
1583759093
1584855184
1585980730
158621036X
1586210475
1586210564
1586210629
158621067X
1586211374
158621182X
1586212869
158640007X
1586601040
1586601989
1586602780
1586603213
1586605518
1586607162
1586608355
1586635964
1586637533
1586648756
1586851101
158715580X
1587410559
1587670488
1587880431
1587880482
1587881705
1587882124
1587882981
1588468178
158852038
1588990689
1589090853
1589633431
1590071212
1590071875
1590250001
1590400380
1590600770
1590600789
1590600797
1590600819
1590600827
1590600851
1590600940
1590600959
1590600967
1590600975
1590600983
1590600991
1590601475
1590861531
1590862872
1590864670
159088745X
1590889754
1591160626
1591160634
1591160642
1591160650
1591161290
1591161304
1591162203
1591164656
15911820537
1591605296
1591820057
1591820146
1591820154
1591820170
1591820197
1591820308
1591820340
159182060X
1591821037
1591821339
1591822998
1591823927
1591826055
1591826845
1591960983
1592400876
1593071639
1593150008
15932800608
1594574073
16490062
167160021
1689817851
17224918
17244676
17401992
1740451406
1740510305
1740511514
1740511662
1740512413
1740512650
174051448
1740517687
1740518594
1740518969
1740591186
1740591968
1740594681
1740661109
174114065X
1741211115
1741211123
1741211158
1761773860
176275499
1773456025231
178787469
183262803
1840132469
184022438X
1840235128
1840235322
1840384352
1840384514
1840386096
1840389699
1840720050
184072269X
1840782072
1840843349
1840844841
1840849568
1840853344
1840912235
1841001384
1841150355
1841151629
1841152692
1841152897
1841153958
184115458X
1841154717
184115492X
1841155837
1841156396
1841157694
184115783X
1841197149
1841350656
1841490504
1841490512
1841490520
1841490539
1841492604
1841493236
1841493503
1841540285
1841642541
184164255X
1841932094
1841950564
1841952451
1841952834
184195392X
1841954144
1841954276
1841954314
1841954551
1841954713
1842040154
1842040405
1842126180
1842227033
1842230433
1842230514
1842230573
18422550837
1842320513
1842326481
184236202X
1842430351
1842552112
1842734040
1842910957
184295297
184309178X
1843092549
1843096935
1843304538
1843430169
1843540215
1844030016
184408003X
1844080285
1844080382
1844080471
1844132072
1844133680
1844772683
1850150281
1850150567
1850157669
1850514496
1850522316
1850577439
1850763119
1850891249
1850897972
1850919402
1851520902
1851524908
1851525440
1851527095
1851528393
1851700692
1851705554
185227686X
1852383615
1852400412
1852421541
1852520248
1852741031
1852791551
1852791683
1852833564
1852863315
1852863838
1852910623
1853040568
1853040630
1853044164
1853260037
1853260665
1853261386
1853263133
1853263192
185326346X
1853263842
1853264253
1853265179
1853266019
1853266353
1853267341
1853267899
1853270318
1853270512
1853404594
1853405183
1853405590
1853405809
1853406340
1853406813
1853451312
1853683868
1853685224
1853687022
1853711128
185371545X
1853719579
1853719765
185371982
1853810304
185381038X
1853811009
1853811262
1853811785
1853811963
1853814490
1853815772
1853815810
1853816000
1853816116
1853816329
1853817228
1853818879
1853893986
1854061135
1854102257
1854105876
1854142151
1854142194
1854229729
1854250876
1854355635
185471208X
1854712772
1854712853
1854717073
1854717685
185471810X
1854792474
1854792822
1854793489
1854796062
185479678X
1854797972
1854798766
1854872699
185487344X
1854873520
1854875302
1854877097
1854879731
1855012545
1855014823
185501699
1855017199
185513341
18553260436
1855384841
1855855127
1855926121
1856058034
1856058069
1856192180
185619499X
1856197166
1856263975
1856975312
1856985121
1857021479
185702348X
1857023595
1857024273
185702429X
1857025938
1857026012
1857026756
1857027302
1857028864
1857029798
1857151178
1857151356
1857230175
1857230272
1857230760
1857230809
185723121X
1857231260
1857231384
1857231872
1857231910
1857232046
1857232097
1857232658
1857232739
1857232992
1857233603
1857233778
1857233875
1857234057
1857235630
1857235983
1857236076
1857236645
1857236815
1857237218
1857237250
1857238583
1857239032
185723958X
1857239849
1857251385
1857326520
1857541014
1857582500
1857588436
1857933362
1857938011
1857938305
1857970446
1857975537
1857976576
1857978013
1857978633
1857979990
1857981057
1857981448
1857981472
1857983327
1857983386
1857985508
1857987853
1857988094
1857988132
1857988531
1857988701
1857989147
1857989260
1857989279
1857989325
1857989406
1857989546
1857989791
1857990889
185799227X
1857992911
1857995872
1857995953
1857996038
1857996054
1857996097
1857997670
1857998650
1858130433
1858131863
1858132576
1858135125
1858135222
1858135370
1858135931
1858136164
1858136636
1858137160
1858137330
185813790X
185813983X
1858139937
185828077X
1858283329
1858287731
1858300169
185830234X
1858307252
1858600006
1858680344
1858681863
1858683173
185868370X
1858684579
1858684722
1858685648
1858686253
1858689287
1858812674
1858815304
1858913136
1858913292
185902176X
1859580041
1859580483
1859580564
1859581749
1859581986
1859585558
1859605508
1859607683
1859671276
1859849296
1859992676
1860196268
186019656X
1860197183
1860197957
1860421016
1860460984
1860461433
186046145X
1860462057
1860465099
1860465811
1860465846
1860468020
1860468144
1860469450
1860469663
1860491405
1860491618
1860493858
1860494382
186049689X
1860496911
186049692X
1860496989
1860497497
186049756X
1860497926
1860498043
1860498701
1860498833
186049899
1860499171
1860499260
1860499562
1860499600
1860499627
1860541054
1860542387
1860542875
1861055447
1861470045
1861553730
1861591349
1861591578
1861591896
1861603827
1861870019
1861960042
1861975147
1862042837
186204502X
1862053375
1862055181
1862071551
1862074011
1862074046
1862082308
186208260X
1862300178
1862300313
1862300321
1862300526
1862912750
1862912874
1862915644
1863022309
1863026975
1863092242
1863093478
1863251324
1863252061
1863252088
1863252665
1863252851
1863253017
1863253076
1863253262
1863253564
1863254102
1863254315
1863300198
1863301127
1863303359
1863305319
1863305424
1863305955
1863306331
1863307443
1863307591
1863733957
1863810374
1863812525
1863860355
1863861238
186386444
1863865845
1863866442
1863866639
1863889701
1863889914
1863889930
1863952659
1863960120
1863961437
1864360909
1864482265
1864485280
1864486074
1864486848
1864488352
1864489316
1864501502
1864503351
1864631643
1864661038
1865037605
1865038806
1865045926
186508025X
1865082570
1865084654
1865089362
1865151920
1865151939
1865153168
186515492X
1865156035
1865156043
1865156388
1868255778
1869340116
1869411196
1869415574
186943269X
1869432835
1869433637
1869441435
1869489063
1869489810
1869500857
1869503171
186953526X
1869540115
1869581849
1869582748
186958595X
1869586107
1869587669
1869620089
1869893069
1869928180
1870259173
187052800X
1870870158
1870870514
1870948521
1871173175
1871307414
1871438209
18715923283
1871676215
1871797299
1872621481
1872970001
1873218133
1873580177
1874044295
1874597820
1875137793
1875137831
1875137955
1875481001
1875641467
187568445X
1875875271
1875980628
1875989048
1875989706
18759898
1876139013
187617546X
1876327219
187648540X
1876485604
1876590114
1876590181
1876590742
187700846X
1877135283
1877135372
1877135399
1877135763
1877150045
1877178721
1877178756
1877182028
187765213X
1877662089
1877733024
187786/02
1878046551
1878096559
1878257498
1878346504
1878427822
1878448900
1878512013
1878702327
1878702602
1878990810
1879203022
1880188791
1880323869
1880325055
1880461048
1880656124
1880692120
1880789086
1880985020
1880985268
1880992299
1881084264
1881089762
1881089797
1881137635
1881273156
1881316718
1881320049
1881493024
1881527573
1881847004
1882138465
1882476018
1882931246
188293136X
1882931440
1882984218
1883013305
188321998
188341069
188341077
188358/02
1883729076
1883820278
1883920116
1883931177
188457047X
1884739091
1884907881
1884907954
1884907962
1885222971
1885286090
1885408226
1885408234
1885427794
1885628463
18856641O9
1886199027
188689423X
1886910588
1887038019
1887569596
1887649042
1888604107
1888869143
1888963050
1888963093
1889439312
1889752061
189013287X
1891138049
1891153412
1891153471
1891373005
1891442104
1891852205
1892137038
1892213168
1892226014
1892284898
189232394X
1893007170
1893065960
1893896692
1894525353
1894841069
1894869613
1895411467
1895555434
1895555590
1895555647
1895712807
1895714915
1895836174
1895897459
1895972000
1896320333
1897766254
1897766467
1897766785
1898141002
1898142033
1898435235
1898435650
189939835X
1899526560
1899884211
1900097249
1900327546
190085032X
1900949814
1901072150
190178424X
190188130X
1902035011
1902160290
1902212053
1902757513
1902947649
19030457773
1903271126
1903434777
190355201X
1903867029
1903970601
1904139108
1904154107
1904301088
1904571093
1904633145
1904633153
1904633226
1904684033
1904908004
1912200799
191819213
1920798277
192093/03
192674/03
192675/03
192688881
1929109105
1929156006
1929194196
1929378017
192946200X
1929462093
1929462239
1929462379
1929695187
1930206402
193070834X
1931166196
1931294127
1931313644
19315114615
1931514593
1931514976
193213381X
1932234438
1971/0099/142
198042702405
1981349391
2 07 040187 1
2.01.620863.5
2.02.000585.9
2.02.005582I
2.02.006721.8
2.02.008806.1
2.02.009475.4
2.02.025380.1
2.02.048170.7
2.02.051183.5
2.02.057367.9
2.207.50119.1
2.23405403.6
2.264.01699
2.264.03729.6
2.266.11441.7
2.266.12931.7
2.86738.053.7
2010015649
201001976
2010061705
2010083040
2010139348
2010139801
2010154215
2010172159
2010172191
2010172213
2010172248
2010173929
2010178750
2010181859
2010190777
2010196848
2010199073
2010203194
2010208986
2010209230
2011550785
2011667291
2011674166
2012097987
2012355552
2012360432
2012432263
2013214707
2013216483
2013217854
2013218826
2013218958
20132191498
2013219156
2013219369
2013219830
2013919794
2013920938
2020015374
2020042592
2020046784
2020047764
2020053519
2020054604
2020055821
2020056828
2020058863
2020060485
202006100.7
2020062399
2020066785
2020067447
2020087235
202008731
2020092247
2020107120
202010931X
2020114267
2020121069
2020127563
2020181614
2020197227
2020197294
2020220199
2020220903
2020235374
2020235498
2020236702
202023811X
2020239213
202023923X
2020239264
2020239272
2020239302
2020247437
2020251590
2020253801
202025462X
2020257785
2020257793
2020257815
2020257866
2020258390
2020259214
2020259931
2020286041
202028927X
2020289377
2020291541
2020306492
2020308282
2020312980
2020315491
2020321289
2020327376
2020333910
2020336553
2020345676
2020347105
2020347113
2020349140
2020352257
2020363747
2020363763
2020385805
2020403455
2020412519
2020416409
2020427850
2020427877
2020477815
2020482363
2020490668
20205053360X
202051112.6
202051760.4
2020525712
2020525747
2020526069
2020541750
2020550768
2020551276
2020551306
2020551322
2020551330
2020551470
2020555549
2020562286
2020564777
2020579391
2020580411
2020581167
2020591944
2020592592
2020611961
202062803.1
2020628554
2020653818
2020654067
2033013316
2035877393
2035881013
203588148X
2036524117
203671/03
2038700648
2038700656
2038710317
2038713022
2038713057
2038713081
2038713138
2038714002
2038714045
2038714080
2038714509
2038716633
2038717001
2038717192
2040037063
2040160590
2040281606
2040282904
20409233
2051009562
2061007074
2062004206200
2066511013
20700334473
2070213951
2070293351
2070293552
2070295826
2070299732
2070300463
2070300951
2070301028
2070301036
2070302105
2070302563
2070302709
2070312968
2070314537
2070318745
2070320006
2070321320
2070322068
207032351X
2070323528
2070323617
2070324540
2070324613
2070325164
2070326675
2070326977
2070327779
2070329135
207033015X
2070330303
207033094X
2070330990
207033127X
2070332160
2070332993
2070333469
2070333930
2070334068
2070334317
207033435X
2070334384
2070334392
2070334457
2070334465
2070334538
2070334643
2070334759
2070334961
2070335135
2070335437
2070335550
2070335968
2070360016
2070360024
2070360075
2070360105
2070360164
2070360172
2070360180
2070360202
2070360210
207036034
2070360377
2070360423
2070360601
2070360644
2070360733
2070360784
2070360806
2070360814
2070360830
2070361039
2070361179
2070361381
2070361470
2070361861
2070362108
2070362205
2070362256
2070362264
2070362299
2070362361
2070362388
207036240X
2070362426
2070362523
2070362647
2070362760
2070363104
2070363317
2070363422
2070363430
2070363511
2070363597
2070363732
2070364143
207036423
2070364232
2070364283
2070364321
2070364429
2070364534
2070364550
2070364585
2070364658
2070364755
2070364771
207036481X
2070364852
2070365034
2070365336
2070365425
2070365441
2070365611
2070365654
2070366073
2070366081
2070366146
2070366219
2070366383
2070366499
207036674X
2070366863
2070367002
2070367010
2070367231
2070367401
207036741X
2070367428
2070367592
2070367606
2070367665
2070367681
2070367789
2070367800
2070367894
2070367983
2070368009
2070368017
207036805X
2070368076
2070368157
2070368165
2070368173
207036822X
2070368254
2070368343
2070368378
2070368475
2070368645
2070368696
2070368726
2070368785
2070368793
2070368823
2070368939
2070368947
2070368998
2070369390
2070369536
2070369595
2070369609
2070369617
2070370003
2070370011
2070370372
2070370437
2070370836
2070371379
2070371441
2070372294
2070372960
2070372995
2070373541
2070373622
2070373630
2070373657
2070373703
2070373738
2070374157
2070374351
2070374556
2070374610
2070374637
2070374807
2070374874
2070375161
2070375552
2070375609
2070375617
2070375684
2070375722
2070375846
2070375951
2070376001
2070376117
2070376206
2070376222
2070376702
2070376966
2070376990
2070377024
2070377407
2070377504
2070378314
2070378403
2070378411
2070378551
207037856X
2070378659
2070378772
2070378802
2070379051
2070379159
2070379191
2070379248
2070379256
2070380343
2070380416
2070380432
2070380599
2070380742
2070381056
2070381161
2070381315
2070381404
2070381498
2070381544
207038165X
2070381781
2070381803
2070382192
2070382273
2070382516
2070382648
2070382656
2070382885
2070382931
2070383326
2070384063
2070384101
2070384853
2070385035
2070385132
2070385264
2070385795
2070385884
2070386538
2070386635
2070387070
2070387364
2070387380
2070388093
2070388204
2070388425
207038845X
2070388530
2070388905
2070389200
2070389588
2070389634
2070392597
2070392627
2070392643
2070392783
2070393348
2070393569
2070393577
2070393585
2070393631
2070393712
2070393828
2070393933
2070393941
2070394255
207039428X
2070394433
2070394727
2070394867
2070394956
2070400603
2070400891
2070401138
2070401588
2070401634
2070401685
2070401871
2070403009
2070403076
207040307X
2070403262
2070403688
2070403696
207040370X
2070403734
2070403920
2070403947
2070404021
2070404056
2070404072
2070404242
20704044587
2070404498
2070404587
2070404676
2070404684
2070404722
2070405311
2070405672
2070406121
2070406229
2070406733
2070406962
2070406970
2070406997
2070407608
2070407756
2070408079
2070408221
2070408272
2070408418
2070408450
2070408507
2070408833
2070409201
207040935X
2070409848
2070410994
2070411214
2070411435
2070411729
2070411761
2070412393
2070412466
2070412571
2070412814
207041311X
207041339X
2070413586
2070413764
2070413810
2070413837
2070414167
2070414256
2070414272
2070414485
2070414574
2070414612
2070414736
2070415066
2070415333
2070415538
2070415635
2070415686
2070415708
2070415716
207041573
2070415732
2070415740
2070415759
2070415775
2070415872
2070415880
2070415899
2070416151
2070416208
2070416216
2070416801
2070416852
2070416917
2070417050
2070417069
2070417298
2070417352
2070417379
2070417700
2070417719
2070417948
2070418375
2070418995
2070419266
2070419592
2070419657
2070419878
2070420736
2070421147
2070421228
2070421260
2070421279
2070421287
2070421678
2070422003
2070422364
2070422399
2070422402
2070422437
2070422496
2070422526
2070423158
2070423174
2070423182
2070423212
2070423484
2070423492
2070423514
2070424192
2070424197
2070424421
2070424561
2070424758
2070424774
2070424928
207042538X
2070425479
2070425525
2070425533
2070425541
2070425770
2070425800
207042670x
2070426815
2070426823
2070426831
2070427110
207042796X
2070428656
2070428710
2070429229
2070429725
2070492494
2070492877
2070506754
2070512541
2070513289
2070513335
2070513343
2070513351
2070513408
2070513416
2070513459
2070513491
2070513637
2070513653
2070513661
2070513726
2070513742
207051384X
2070514110
2070514374
2070515184
2070515788
2070515796
2070516490
2070516709
2070517837
2070518426
2070524302
2070524558
2070528189
2070529290
2070530787
2070538494
2070541274
2070541290
2070541304
207054138X
207054351X
2070543587
2070544281
2070545938
2070548104
207055161X
2070551636
2070551873
2070552543
2070556859
2070566285
2070567311
2070567842
2070583333
2070583600
20707007260
2070702081
2070706222
207070761X
2070708136
207071523X
2070717399
2070722058
2070725049
2070725804
2070726908
2070727076
2070728501
2070732924
2070734552
2070742776
2070744396
2070744582
2070744833
2070746763
2070749665
2070752674
2070753557
2070756319
2070757625
2070757994
2070758354
2070767582
2070768155
2070769038
208+0676318
2080351753
2080648543
2080680692
2080680803
2080681109
2080681214
208068454X
2080685368
2080685449
2080700480
2080701142
2080701436
2080701770
2080701827
2080702076
2080702084
2080702181
2080703005
208070317X
2080703617
2080704001
208070446x
2080704605
2080705512
2080706683
2080708481
2080709046
2080709062
2080710095
2080710648
2080720201
2080720376
2080720651
208072083X
2080721453
2080811924
2080812386
2080813080
2081602407
2081625989
2081642557
2081643464
2081643618
2090319801
2091906255
2092017357
2092703196
2092703366
210005435X
2100067338
210519752
2105197596
2105197597
2105197598
2105197599
2121234561
212317193
2130358292
2130431526
2130451039
2130451233
2130451322
2130457193
2130457622
2130467784
2130530508
21347502
2163802112321
2175345017
218218229
2203001038
2203001143
2203001178
2203001208
2203105682
220311892X
2203135727
2203136073
2203142278
2203155043
2204057797
2205001345
2205005162
2205011502
2205054252
2207226107
2207227995
2207228290
2207229726
2207245810
2207247279
2207247341
220724735X
2207247368
2207247376
2207247406
2207247430
2207248380
2207248526
2207248585
2207249158
2207249379
2207249492
2207249786
2207250431
2207250474
2207250768
220725089X
2207251071
2207251756
2207252000
2207253465
2207253635
2207254410
2207300048
2207300056
2207300080
2207300838
2207300897
2207300927
2207300943
2207303012
220730342X
2207303454
2207303519
2207303578
2207303837
2207304383
2207304604
2207304655
2207304884
2207304892
220730521X
2207305287
2207305295
2207305546
2207305554
2207305929
2207305996
2207306038
2207306046
2207500152
2207500438
2207503062
2207503488
2207503496
2207503852
2207505065
2207505367
2207505464
2207505812
221075402
2210754151
2210754283
2210988055
2211017312
2211021662
221102256
2211033911
2211037119
2211041221
221104697
221104838
2211056423
2211067948
2213594031
2213613206
2213613486
2213615748
2218045370
2221000846
2221006224
2221007722
2221012399
2221047915
2221065859
2221078047
2221081293
2221081722
2221088514
2221089154
2221090810
2221093747
2221099257
2226009264
2226021183
222602308
2226034536
2226040234
2226052577
2226059032
2226059261
2226059644
2226061185
2226064605
2226067582
222606995X
2226070109
222607533X
2226078339
2226079750
2226081518
2226085238
2226086366
2226086943
2226088199
2226089241
2226089667
2226090231
2226092048
2226093311
2226093524
2226094458
2226105662
2226108629
2226109218
2226113878
2226115269
2226115307
2226116680
2226116745
2226118330
2226120467
2226121218
2226121560
2226127402
2226130993
2226131566
2226133895
2226134034
2226135022
2226137939
2226141588
2226141839
2227227129
2227425385
2227473053
2227738308
2228702900
222889446X
2228897310
2229137939
2234007984
2234015634
2234053420
2234053439
2234054036
2234054303
2237000735
2237000824
2237000867
2239100370
22401665
2246275016
2246282624
2246342716
2246376319
2246404819
2246462312
2246515912
2246532116
2246548810
2246567610
2246568919
2246625912
2246628415
224663461X
2246649110
2251490922
2253000868
2253001295
225300135X
2253001414
2253001457
2253001856
2253002828
2253002860
2253002879
2253002887
2253002895
2253002917
2253002933
2253003107
225300314X
2253003220
2253003689
2253003751
2253003867
2253003964
225300396X
2253004022
2253004138
2253004219
2253004227
2253004243
2253004251
2253004278
2253004332
2253004367
2253004499
2253004545
2253004685
2253004758
2253004898
2253005037
2253005231
2253005274
2253005398
2253005495
2253005576
2253005649
2253006203
2253006327
2253006343
2253006459
2253006629
225300670X
2253006750
2253006777
2253006858
2253006866
2253006904
2253006920
2253006955
2253007102
2253007153
2253007560
2253007838
2253007900
2253008486
2253008621
2253008877
2253009008
2253009164
2253009636
2253009784
2253009849
2253010049
2253010219
2253010251
2253010316
2253010413
2253010480
2253010685
2253010802
2253011010
2253011738
2253011797
2253012351
2253012696
2253012726
2253013463
2253013870
2253014923
2253015024
22530152730
2253015598
2253015865
2253016950
2253017191
2253018201
2253018252
2253018651
2253021113
2253021539
2253022179
2253022918
2253023337
2253023493
2253023906
225302418X
2253025437
2253025488
2253027049
2253027138
225302726X
2253029114
2253029343
2253029467
2253029491
2253029726
2253030023
2253030287
225303049X
225303052X
2253030589
2253030732
2253031194
2253031437
2253032247
2253032603
2253032794
2253033138
2253033650
2253033731
2253033766
2253033839
2253034304
2253034479
2253034916
2253034924
2253035262
2253035297
2253035602
225303570X
225303598X
2253036374
225303732X
2253037796
2253037966
2253038040
2253038067
2253039691
225303987X
2253040940
2253041807
2253041920
2253041939
2253042757
2253043974
2253044903
2253044911
2253044997
2253045047
2253045063
2253045535
2253045764
2253045888
2253046086
2253046736
2253046922
2253047147
2253047422
2253047589
2253048623
2253048852
2253049069
2253049239
2253049417
2253049891
2253049921
2253050067
2253051020
2253051349
2253051381
2253052159
2253052302
2253052329
2253052859
2253053554
2253053686
2253054747
2253055751
2253055824
2253056146
2253056170
2253056480
2253056812
225305754
2253057649
2253057835
2253057840
2253057843
2253058157
2253058203
2253058343
2253059013
2253059498
2253059536
2253060224
2253060348
2253060542
2253060550
2253061190
2253061433
225306193X
2253062014
2253062308
2253062820
2253063339
2253063363
2253063959
2253063983
2253064092
2253064122
2253064831
2253066931
2253067423
2253071668
2253071803
2253071854
2253072079
2253072087
2253072117
2253072214
2253072257
2253072435
225307263X
2253072656
225307618X
2253076252
2253076287
2253076325
2253076384
2253076406
2253076597
2253076694
2253076880
2253086940
2253097829
2253098108
2253098302
2253109223
2253135240
2253135895
2253136255
225313653
2253137243
2253137448
2253137472
2253138320
2253138533
2253138622
2253138916
2253139092
2253139114
2253139211
225313922
225313922X
2253139459
2253139467
2253139599
2253139637
2253139971
225313998X
2253140503
2253140589
2253140708
2253140872
2253141208
2253141348
2253141437
2253141704
2253141925
2253141976
2253142743
2253143251
2253143308
2253143618
2253143626
2253143669
2253143707
2253143774
2253144053
225314424X
2253144452
2253144614
2253144835
2253144894
2253145068
2253145084
2253145602
2253146269
225314651X
2253146889
2253147109
2253147648
2253147729
2253147850
2253147923
225314794X
2253148008
2253148091
2253148121
2253148245
2253148261
2253148474
2253148504
2253148539
225314858X
2253149101
225314911X
2253149268
2253149292
2253149772
2253150150
2253150185
2253150223
225315055X
2253150711
2253150908
2253151017
2253151165
2253151378
2253151408
2253151734
2253152064
2253152072
2253152080
2253152129
2253152188
2253152277
2253152455
2253152463
2253152846
2253152889
2253153265
2253153427
2253153982
2253154024
2253154083
2253154164
2253154202
2253154229
2253154393
2253154806
2253154814
2253155039
2253155306
2253155551
2253155756
225316058X
2253160725
2253160784
2253170127
2253170372
2253170453
2253170534
2253170569
2253170577
2253170615
2253171077
225317114X
2253171484
2253171573
2253171689
2253171727
225317176X
2253171786
2253171883
2253172103
2253172162
225317226X
2253172324
2253172650
2253172669
2253182389
2253193097
2253907014
2253933279
2253933546
2257228120
2258036968
2258036992
2258038324
2258041902
2258044863
2258061474
2259008291
2259192157
2259196047
2260005535
2260015115
2260016103
2262005117
2264000341
2264001097
2264001151
2264001879
2264002190
2264003626
2264003790
2264005432
226400598X
2264008539
2264008997
2264009128
2264009306
2264010983
2264010991
2264012587
2264013435
2264013567
2264016124
226401654X
2264016884
226401699X
2264017252
2264017295
2264017627
2264017805
2264018895
2264019042
2264021098
2264022167
2264022434
2264022787
2264023821
2264023953
2264024003
2264024674
2264024844
2264025409
2264026545
2264027134
2264027347
2264027568
2264027681
226402769X
2264027894
2264027908
2264028815
2264029463
2264029919
2264029927
2264029951
226402996X
2264030305
2264030380
2264030542
2264031158
226403145X
2264031859
2264032642
2264032790
2264032804
2264033495
2264034777
2264034823
2264034831
2264034882
2264034955
2264035005
2264035552
2264035870
2264036036
2264036885
2264037121
2264037229
2264037725
2264037741
2264O29455
2265017302
2265056324
2265058408
226506534X
2265074144
2266000314
2266000446
2266000489
2266000608
2266001213
2266002422
2266002619
2266002635
2266002708
2266002767
2266002996
2266003542
226600378X
2266004034
2266004360
2266004670
2266006452
2266009400
2266009931
226600994X
2266011634
2266012037
2266013971
2266021923
2266022199
2266022342
2266022474
2266022504
2266022636
2266023020
2266023039
2266023047
2266023101
2266023128
2266023136
2266023179
2266023209
2266025333
2266025651
2266025724
2266025791
2266025848
2266026127
2266026364
2266026534
2266026658
22660266X
2266027158
2266027220
2266027239
2266027255
2266027263
2266027956
2266028138
2266028669
2266028690
2266028936
2266029207
2266029274
2266029614
2266030213
2266030361
2266030590
2266030957
2266030965
2266032119
2266032585
2266033093
2266033565
2266033824
2266034839
2266035126
2266035762
226603679
2266039695
2266039709
2266040820
2266043293
2266044591
2266045997
2266046497
2266046500
2266046519
2266047280
2266047426
2266047442
2266047450
2266052357
2266053086
226605337X
226605435X
2266055399
2266061283
2266061348
2266061755
2266062034
2266062336
2266063138
2266063456
2266064061
2266064606
2266064770
2266064789
2266064797
2266064975
2266065998
2266066005
2266066846
2266067249
2266067311
2266067338
2266068709
2266071173
2266071319
2266071556
2266072242
2266072455
2266072870
2266073354
2266075365
2266075500
2266075829
2266076817
2266077651
2266078038
2266078585
2266078615
2266078895
2266078909
2266079301
2266080598
2266080687
2266080695
2266082515
2266082604
2266082655
2266082663
2266082701
2266082744
2266082752
2266082760
2266082833
2266082981
2266083023
2266083147
2266083244
2266083260
2266083295
2266083309
2266083481
2266083988
2266084305
2266084372
226608495X
2266085077
2266085778
2266086626
2266087223
2266087894
2266088602
2266089757
2266090216
226609095
2266091328
2266091344
2266091654
2266092014
2266092081
226609212X
2266092766
2266093320
2266094270
2266094386
2266095498
2266095536
2266095544
2266096060
2266096400
2266098047
2266098101
2266098500
2266098802
2266099558
2266099701
2266100130
2266100165
2266101544
2266101617
2266101900
2266102621
2266102699
2266102710
2266103024
2266104136
2266104535
2266104853
2266104861
226610490X
2266105337
2266106341
2266107275
2266107437
2266107534
2266107542
2266107984
2266107992
226610800X
226610862X
2266110098
2266110780
2266111116
2266111396
226611140X
2266111515
2266111566
2266111760
2266111809
2266112902
2266113178
2266113917
2266113984
2266114034
2266114042
2266114425
2266114476
2266115235
2266115499
2266115774
2266117068
2266118501
2266118994
2266119397
2266120034
2266120158
2266120166
2266121022
2266121235
2266122126
2266122134
2266122258
226612269X
2266123181
2266123203
2266124374
2266124870
226612515X
2266125354
2266125532
2266125672
2266126520
2266127039
2266127896
2266128531
2266128566
2266128914
2266131516
2266131796
2266132377
2266132385
2266132393
2266132415
2266132822
2266133837
2266134469
2266134744
226613597X
2266139037
22666128825
2267011255
2267011700
2267013045
2267013169
226701453X
2267015544
2267015951
2268026981
2268045757
2277113557
2277115002
2277116092
2277119091
2277121657
2277123242
2277123471
2277123730
2277125180
2277125423
2277210226
2277210498
2277210791
2277211745
2277212253
2277213675
2277213780
2277215473
2277217689
2277219630
2277219711
2277220620
2277221236
2277221678
2277223255
2277223271
2277223395
2277223638
2277223883
2277224340
2277224898
227722510X
2277225290
2277228664
2277228923
2277228931
227722894X
227722944X
227722958X
2277229938
2277230251
2277233617
2277234397
2277235679
2277236705
2277237337
2277238538
2277238929
2277239100
2277240753
227724113X
2277241202
2277241369
2277241601
2277260029
2277260193
2277300020
2277300047
2277300098
227730011X
2277300128
2277300187
2277300365
2277300462
2277300500
2277300594
2277300934
2277301000
2277301019
2277301027
2277301035
2277301043
2277301051
2277301132
2277301167
2277301299
2277301388
2277301450
2277301515
2277301892
2277301981
2277302031
2277302120
2277302139
2277302147
2277302228
2277302457
2277302554
2277302562
2277302686
2277302724
2277302880
2277302910
2277303089
2277303178
2277330019
2277330140
2277332909
2280034980
2280078384
2280164868
2283017157
2283017165
2283017378
2283017823
2283018919
2285001258
229000006X
2290024902
2290027111
2290032964
2290038164
2290042560
2290042617
2290043176
2290043761
2290044369
2290044636
2290045721
2290045764
2290045799
2290045802
2290046159
2290046493
2290047414
2290047546
2290047740
2290047953
2290048291
2290048933
2290049522
2290049530
2290049638
2290049913
2290050105
2290050881
2290051578
2290053651
229005397X
2290071331
2290114812
2290119164
229012950X
2290141208
2290143855
2290147419
2290153524
2290215627
2290300020
229030039X
2290300411
2290301388
2290301531
2290301868
2290302155
229030252X
2290302864
2290302953
2290302988
2290303054
2290303097
2290303348
2290303372
2290303488
2290303607
2290303828
2290304778
229030493X
2290304948
2290305251
2290305391
2290305472
2290305537
2290305553
2290306126
2290306312
2290306320
2290306428
2290306703
2290306797
2290307319
2290307769
2290307831
2290308153
2290308285
2290308374
2290308404
2290308439
229030865X
2290309303
2290309338
2290309494
2290309621
2290309923
229031000X
2290310131
2290310433
2290310905
2290311278
2290311286
2290311294
2290311782
2290311898
2290311995
2290312096
2290312169
2290312924
2290312959
2290313033
2290313076
2290313181
229031322X
2290313238
2290313734
2290313882
2290313904
2290313947
2290314110
2290314137
2290314234
2290314269
2290314560
2290314633
229031465X
2290314706
2290314765
2290314781
229031479X
2290314900
2290314943
2290314951
2290315036
2290315095
2290315281
2290315435
2290315478
2290315524
2290315591
2290315605
2290315869
2290316024
2290316105
2290316296
2290316547
2290316792
2290316997
2290317136
229031742X
2290317829
2290317985
2290318132
2290318191
2290318329
2290318639
2290319015
2290319759
2290319872
2290319937
2290319953
2290320137
2290320366
2290320447
2290320722
2290320749
229032082X
2290320854
2290320978
2290321095
2290321125
229032117
2290321230
2290321265
2290321443
2290321524
2290321559
2290321656
2290324442
2290325090
2290325392
2290325716
2290327662
2290328359
2290328383
2290328421
2290328472
2290328480
2290328723
2290329444
2290330000
2290331333
2290331341
2290331376
2290331406
2290331562
2290331570
2290333247
2290333298
2290333611
2290333697
2290334758
2290335339
2290335347
2290335363
2290336815
2290336939
2290337382
2290337617
2290337684
2290339091
2290339172
229033975X
2290341576
22922424103
231233213
23322332
23358980
23536357
2422605058
2422614189
2431250854
2459066062
250039394
2501012062
2501027116
2501032659
2521428054
253551968
25411452
257716203
257980114686
2621410541
266003666
26600671
266373394
2700017609
2700025458
2700223454
2700224264
2700225546
2700225821
270050237X
2700721659
2702017355
270212819X
2702132553
2702133290
2702134513
2702400116
2702400140
2702400612
2702400965
2702401694
270240278X
2702402933
2702408362
2702408710
2702409040
2702410049
2702411347
2702412882
2702413382
2702413390
2702413870
2702414680
2702418112
2702421288
2702422225
2702423272
2702423590
2702429319
2702430554
2702431100
2702495524
2702807844
2702871062
2702897088
2704805946
2706102918
270713824X
2707139661
2707140627
2707300101
2707301485
2707303127
2707303143
270730669X
2707306959
270731028X
270731174X
2707316040
2707318094
2707318108
2708006096
2708122908
270812644X
2708229532
2708704338
2708706187
2709626055
2710300257
2710303183
2710305089
2710326280
2711414299
2714303412
2714436455
2714438199
2714438601
2715220197
2715220790
271522107X
2715222793
2715223528
2715814550
2715814593
2715904665
271670824X
272021406X
2721004522
2723407381
2723407403
2723407411
2723409821
2723418537
2723419045
2723419096
272341910X
2723419118
2723420507
2723420922
2723421724
2723421872
2723421880
2723422984
2723422992
272342300X
2723423016
2723423018
272342510X
2723425118
2723425126
2723427617
2723427870
2723427986
2723429342
2723430006
2723430642
2723432971
2723433900
2723433919
2723433927
2723433935
2723433943
2723433951
2723434842
2724204034
2724204212
2724207599
2724212592
2724243242
2724244079
272425970X
2724263413
2724268334
272427340
2724277287
2724290739
2724290909
2724292634
272921971
2729812083
2729841156
2729897097
2731219815
2731612762
2732034215
2737304989
2737329787
2738109446
273811167X
2738112188
2738113974
2740410425
2742700153
2742702458
2742705724
2742706534
2742708448
2742709088
2742713395
2742718001
274271894X
2742722771
2742723951
2742727175
2742727701
274272821X
2742736867
2742737324
2742738150
2742738207
2742739238
2742739351
2742739386
2742743510
2742743537
2742744444
274274763X
2742920862
2743400153
2743409452
2743409479
2743410779
2743420073
2743421444
2743431474
2743431792
2743431814
2743432055
2743602236
2743603119
2743603933
2743604220
2743604859
2743605588
2743609176
2743609222
2743609621
2743611480
2743612649
2744000167
2744104000
274412110X
2744132330
2744133620
2744133647
2744136220
2744136239
2744136654
2744137324
2744137332
2744140570
2744146234
2744147281
274414732X
2744148601
2744150126
2744151114
2744151122
2744155306
2744161047
2744165301
2744165603
2744403687
2744403695
2744403709
2745204831
2746500655
2746705117
2747002373
2749101263
2760917568
2760922758
2760922804
2760951375
2762540380
2762584299
2762584361
2764601875
2777800799
2800100915
2800132922
2800627565
2800636947
2803434660
2804013987
2813585.13/34
2825104264
2831507421
283152329X
2831565324
28402050525
2840557851
2840702266
2840702398
2840987643
2841092054
2841110346
2841139905
2841146200
2841160297
2841560686
2841581136
284170033X
2841721035
2841721531
2841721809
2841721949
2841722171
2841861716
2841861961
2841871991
2841873927
2842050754
2842050959
2842050983
2842051181
2842051254
2842051386
284205301X
2842053184
2842054059
284205461X
2842054660
2842054741
2842054830
2842055128
2842055179
2842056140
2842056280
2842058135
2842190157
2842191382
2842192508
2842192702
284219313X
2842193415
2842193520
2842193849
2842612671
2842612892
2842613805
2842614720
2842630254
2842630521
2842630769
2842772032
2843040078
2843040175
2843040612
2843190223
2843200458
2843351502
2843370841
2843371937
2843430933
2843431379
2844050328
2844050441
2844050999
2844850235
2844850561
2845380798
2845654839
284580055X
2845880146
2845920962
2845950020
2845950314
284599570
2846260338
2846260346
2846260427
2846280010
2846342741
2846343713
2846400407
2846400520
2846400539
2846790213
2847270116
2850184861
2850250481
2850313114
2850313122
285536003
2856166296
2857043821
2858150508
2858151350
2858151555
2858151938
2858152950
2858153051
2859404821
2859405313
2859405976
2859409807
2859567666
2859840265
2862150533
2862609110
2862748889
2862749850
2864241277
2864244721
2864970538
2866454537
2866454863
2867141648
2867141958
2867142067
2867142210
2867268664
2867269180
2867384559
2867385830
2867448654
2867449375
2867462843
2868531938
2868692761
2868693342
2868695027
2868696945
2868697194
2868699065
2869303912
2869304560
2869304870
2869305583
2869306555
2869307780
2869433972
2869594402
2869675739
2869678371
2871290911
2871294011
2871294313
287129478X
2871294798
287142078
2871421072
2876786478
2876915189
2876915618
2876916193
2876952181
2877060500
2877060519
2877141381
287714142X
2877141527
2877141594
2877141624
2877141667
2877141721
2877141888
2877141993
2877142086
2877142108
2877142140
287714223X
2877142264
2877142299
2877142930
2877143163
2877143171
2877143333
2877143414
2877201899
2877300943
2877301974
2877302172
2877302202
2877302326
2877302709
2877302830
2877302962
2877303837
2877303845
2877304892
2877304957
2877305759
2877306720
2878090276
2878580680
2878580753
2878803426
287929083X
2879291801
2879292328
2879292867
2879292948
2879293626
2882500580
2883531714
288405000X
2884454942
2890210731
2890211452
2890211703
2890212009
2890212203
2890212440
2890212459
289021320X
2890376508
2890377695
2890523667
2890524078
2890525740
2891119789
2892951704
2894060009
2894281293
2894297904
2894305370
2894550863
2894850743
2895230269
2895231834
2895231877
2895400644
2895490236
2895810711
2901076343
2904227229
2906236411
2907217844
2907572121
290757213X
2907810065
2908957663
2909051196
2909924300
2910188132
2910233162
2910233685
2910686078
2910932915
2911036603
2911058240
2911058259
291161822X
2912042615
2912496071
2913402011
291358800X
2913867081
2913939228
2914210000
2914249004
2914370695
2914388543
291479701X
2915280223
2921403145
2921603462
29222424049
29222424065
2922424014
2922424138
2922868001
2930088613
2939800375
294755441
2951793235
2952050716
2_7103_0025_7
3.44244314
3.453119231
3.897484862
30/1630/0
30/6646/1
30/7456/4
30/7516/5
30/7640/3
3000015182
3000074910
3001023009
3010167369
3011005818
3011070908
3011100018
3021129307
3036911154
3061305746
3091576515
31/3724/7
3100004167
3100265173
3100415051
3100478258
3100540123
3100624130
3100704029
3100744241
3100800486
3100970616
312127057
312220855
3122611902
3122617501
3122618303
3122618400
3123512304
3123512312
3123512401
3123520803
3123521001
3123526003
3125217156
3125341108
3125371201
3125762502
312577540X
3125776600
3125781108
3125914604
3125914701
3125918103
3125962803
3125972108
312597240X
3125972531
3125974003
3126756859
3129248102
3144801295
3150000017
3150000025
3150000122
3150000130
3150000254
3150000386
3150000424
3150000475
3150000513
3150000653
3150000734
3150000831
3150000858
3150000912
3150000920
3150001137
3150002303
3150006597
3150007968
3150011779
3150012198
3150012570
3150031737
3150034590
315003681X
3150047188
3150058996
3150060133
3150065402
3150066174
3150074703
3150077206
3150077338
3150078474
3150080088
3150081297
3150082439
3150084989
3150088917
3150089573
3150089913
3150090237
3150090806
3150091519
3150092183
3150092329
315009240X
3150092612
3150092760
3150094445
3150095417
3150096766
315009688X
3150096901
3150097282
3150097509
3150098009
3150098130
3150099420
3150099439
3150180910
3150181054
3150400368
3190115214
3203755041
320384303X
3203843064
321630287
3216302873
3224110783
3224113189
3232056232
325001043X
3250104639
32502064
3250600253
3250600555
3250600571
3250600601
3251004409
3251004492
3251004557
3251004638
3251004662
3257018207
3257018703
3257018959
3257056036
3257056079
3257056087
3257056109
3257056125
3257060173
3257060351
3257060572
3257060718
3257061269
325706148X
3257061773
3257062230
3257062311
3257062354
3257062621
3257063032
3257063067
3257063237
3257063776
3257063938
3257064012
3257200552
3257201184
3257201605
3257201729
3257201834
325720227X
325720308X
325720311X
3257203225
3257203241
3257203411
325720342X
3257203527
3257203659
3257204817
3257204825
3257204981
3257205368
3257206488
3257206496
3257208375
3257208626
3257208871
3257209398
3257211252
3257211848
3257212054
3257213239
3257213263
3257214367
3257214936
325721538X
3257215436
3257215444
3257216718
3257217358
3257218265
3257218370
3257218699
3257218753
3257219164
3257219210
3257219458
3257219938
3257219997
325722305
3257224281
3257224419
3257224451
3257224524
3257224915
3257225075
3257225350
325722575X
3257226640
325722706X
3257227302
3257227477
3257227590
3257227752
3257227795
3257227809
3257228007
3257228112
3257228120
3257228155
3257228171
325722818x
3257228260
3257228317
3257228589
3257228600
3257229062
3257229305
3257229518
3257229534
3257229739
3257229909
3257230052
3257230230
3257230435
3257230478
3257230737
3257230885
3257231008
3257231016
3257231156
3257231180
3257231199
325723158
325723158X
3257232527
3257232543
3257232551
3257232608
3257232624
325723273X
3257232780
3257232829
3257232861
3257232896
3257232993
3257233019
3257233051
3257233086
3257233116
3257233175
3257233256
3257233337
3257233361
3257233396
3257233418
3257233442
3257233663
3257233701
3257233884
3257233892
3257250096
325725010X
3257700067
325770044X
3257700482
3257700865
325770125X
3257701381
3257701632
3257701799
3261586225
3266030506
3268000576
32719872
327207417
3293001939
329300301X
3293200117
3293201911
330023063
330103571
330105388
3301080190
330200518
33025098195
3310547896
3310570896
3312001935
331200814X
3312008360
3312008638
331400317X
3314006284
3314007124
3325100670023
3328001263
3332001337
3332005987
3332006029
3350000101
3351012047
3351012918
3351013809
3351017448
3351022778
3351025122
3351028776
3351029608
3351029969
3352004935
3352005877
3353004939
3357007053
3357007150
3358015947
3360002393
3362005470
3363006896
3372003055
3378006196
3379015180
3379015776
337901592X
3379016039
3379016500
3379017159
338188771
340004843
3401002562
3401016032
3401016733
3401016806
340101708X
3401017675
3401018167
3401018280
34010202293
3401020919
3401020986
3401021133
3401021346
3401021575
340102194X
340102261X
3401025279
3401025422
3401025465
3401026011
340102616X
340102700X
3401035991
3401041134
3401042084
3401044923
3401045938
3401047000
3401047132
3401048325
340104950X
3401051180
3402034247
3404005880
3404051718
3404100263
3404102320
3404102800
3404104811
3404105311
3404107047
3404108191
3404109287
3404111982
3404112342
340411325X
3404113888
3404114787
340411566X
3404116143
3404116755
3404117158
3404118251
3404118278
3404118960
3404119614
3404120078
3404122321
3404122690
3404122763
3404122879
3404123689
3404124278
3404124510
3404125010
3404125312
3404125436
3404125851
3404125959
3404126661
3404126718
3404127390
3404127862
340412801X
3404128079
340412815X
340412846X
3404128834
3404128877
3404128885
3404128893
3404128923
3404129423
3404129490
3404129660
3404129768
3404129881
3404129962
3404130014
3404130081
3404130359
340413035X
3404131037
3404131215
3404131606
3404132130
3404132483
3404132491
3404133285
3404133463
340413348X
3404133587
3404134087
3404134117
3404135091
3404135695
3404135911
3404136152
3404136799
3404137117
3404138031
3404138066
3404138244
3404138457
3404138716
3404138724
3404138902
3404139178
340413933X
3404139518
3404139585
3404139674
3404139690
3404139720
3404139801
3404139879
3404139895
3404139968
340414144X
3404141598
3404141903
3404141970
3404142675
3404142676
3404142942
3404143086
3404143094
3404143108
3404143213
3404143221
3404143361
340414337X
3404143434
3404143485
3404143493
3404143612
3404143752
3404143949
340414404X
3404144449
3404144503
3404144627
3404144643
3404144791
3404144848
3404144856
3404144880
3404144945
3404145046
3404145356
3404145410
3404145658
3404145666
3404145909
3404146018
3404146204
3404146239
3404146263
3404146271
340414645X
3404146549
3404146662
3404146824
3404146956
3404146964
3404147154
3404147219
3404147472
3404147715
3404147723
3404148088
340414810X
3404148134
3404148231
3404148355
3404148371
3404148428
3404148517
3404148576
3404148606
3404148657
3404148665
3404148800
3404148843
3404148851
3404149114
3404149122
3404149394
3404149432
3404149629
3404150554
3404151143
340416136X
3404161467
3404161599
3404161637
3404161750
3404161785
340416203X
3404162161
3404162196
3404162366
3404162412
3404182928
340419103X
3404191102
3404195256
3404195914
3404196147
3404201302
3404202392
3404202449
3404202635
3404202716
3404202775
3404202880
3404203097
3404203135
3404203372
340420350X
3404203518
3404203682
3404203771
340420476X
3404231317
3404231694
3404231805
3404232127
3404232143
3404232682
3404240820
3404241452
3404241509
3404241800
3404242017
3404242106
3404242157
3404242327
3404242475
3404242785
3404242858
3404242920
3404242998
3404243102
3404243137
3404243188
3404252187
340425242X
3404252640
3404252659
3404252861
3404255240
3404255275
3404256824
3404256840
3404257049
3404259130
3404259246
3404259327
3404259335
340425936X
3404259378
3404259394
3404259408
3404259424
3404260309
340426035X
3404313216
340460024X
3404603451
3404603974
3404604458
3404605136
3404605144
3404611306
3404611446
3404612132
3404612388
3404612442
3404613201
340461335X
3404613945
3404614887
3404615093
3404615131
3404619013
3404640675
3404660587
3404701704
3404920333
3404920384
3404920481
3404920643
3404920910
3404920996
3404921003
3404921348
3404921372
340492147X
3405151678
3406392504
3406392563
3406405266
3406421458
3406459951
3406475914
340650969X
3406510752
3406516807
3406517153
3406670000
3407221384
3407753128
3407780230
3407780397
340778063
340778063X
340778077X
3407780818
3407781288
3407781326
3407781350
3407782306
3407782721
3407783116
3407783353
3407784570
3407785682
34077856822
3407787057
3407787073
3407787189
3407787375
3407787502
3407787510
3407787588
3407787731
3407787979
340778807X
3407788169
3407788185
3407788533
3407788738
3407788886
3407796374
3407796781
3407797354
3407805330
3407805810
3407808275
3407808836
3411054239
3414117002
341488481X
341720304X
3419557019
342105178X
3423000015
3423002565
3423002956
3423008717
3423008849
3423009152
3423009594
3423009934
3423011505
3423012986
3423013907
3423020598
342302609X
3423026189
3423026294
342303002X
3423032383
3423051701
3423052430
3423070129
3423070803
3423071516
3423072342
3423072393
3423072571
3423073179
3423073632
342307387X
3423074299
3423074809
3423078006
3423078200
3423078227
3423078413
3423078421
3423078596
3423078669
3423078790
3423079274
3423083298
342308331X
3423083328
3423083522
3423083549
3423084383
3423085282
3423085592
3423085886
3423085940
3423092653
3423093439
3423093692
3423100424
3423101776
3423102497
342310516X
3423105410
3423105518
3423105747
3423107952
3423108045
342310841X
3423109033
3423109998
3423110066
3423112972
3423113057
3423114037
3423114770
3423115815
3423116684
3423117230
3423117370
3423118261
3423118709
3423118814
3423119039
3423119152
342311973X
3423119888
3423120096
3423120738
3423121246
3423121319
3423121327
3423121343
342312136X
3423122021
342312203X
3423122080
342312332X
3423123540
3423123796
3423123869
3423123885
3423124180
342312444X
3423124776
3423124806
3423124830
3423125004
3423125071
3423125152
3423125179
3423125195
342312525X
3423125314
342312542X
3423125551
3423125659
3423125918
3423126205
3423126221
3423126671
3423126949
3423127023
3423127112
342312721X
3423127961
3423128070
3423128399
3423128569
3423128763
3423128852
3423128879
3423129115
3423129166
3423129506
3423129646
3423129980
3423130024
3423130199
3423130563
3423130652
342313075X
3423130784
3423130989
3423131055
3423131292
3423200014
3423200316
3423201509
3423202025
3423202033
3423202041
3423202068
3423202300
3423202327
3423202408
3423202718
3423202734
3423202777
3423202793
3423202947
3423202971
3423203226
3423203501
3423203587
3423203722
3423204206
3423204532
3423204834
3423205202
3423205512
342320575X
3423205784
3423205903
3423206039
3423206454
3423206616
3423207280
342324111X
342324156X
3423242345
3423243090
3423243171
3423243562
3423243600
3423248791
3423250879
3423301368
3423308451
342333052X
3423350393
3423361638
3423362995
3423620005
3423620196
3423620277
3423620285
3423620293
3423620331
3423620447
3423620625
3423620773
3423621052
3423700114
3423700947
342370103X
3423701439
3423701447
3423701897
3423702176
3423702206
3423702214
3423702656
3423702834
3423702850
3423702958
3423703032
3423703040
342370330X
3423703369
3423703571
3423703598
3423703644
3423703849
3423703911
3423704063
3423704438
3423704519
3423704594
3423704675
3423704705
3423706279
3423706619
3423706716
3423706783
3423707100
3423707291
3423707313
342370747X
3423707828
3423708260
3423780029
3423780061
3423780142
3423780266
3423780509
3423780592
3423780711
3423780819
3423780916
3423780940
3423781297
3423781459
3423781556
3423781572
342378170X
3423781890
3423795026
3424007609
3425033921
3425048465
3425048619
3425066463
3425067257
3426004194
342600500X
3426010011
3426013460
3426014394
3426015463
3426016672
3426027925
3426029553
3426030950
3426032570
3426040522
3426074427
3426080648
3426189216
3426193418
3426194058
3426194376
3426195186
3426195437
3426195461
3426195593
3426195631
3426195682
342619581X
3426290111
3426600083
3426600218
3426600560
3426601524
3426602172
3426602296
3426602369
3426602938
3426603179
3426603357
3426603586
3426603802
3426603861
3426603888
3426603934
3426604540
3426604612
3426604973
3426605139
3426605317
3426605767
3426606488
3426606739
3426606844
342660700X
3426607654
3426607662
3426609061
342660941X
3426609576
3426609592
3426610361
3426610841
3426610906
3426611473
3426611481
3426612453
3426612496
3426612704
3426613239
3426614561
3426614782
3426614804
3426614855
3426614960
3426615088
3426615118
3426615134
3426615150
3426615177
3426615207
3426615223
3426615304
3426615320
3426615355
3426616262
3426616653
3426616688
3426616904
3426616998
3426617048
3426617072
3426617153
3426617269
3426617307
3426617684
342661801X
3426618036
3426618230
3426618265
3426618559
3426618575
3426618583
3426618664
3426618672
3426618915
3426618966
3426619024
3426619113
3426619121
3426619148
3426619229
3426619466
3426619598
3426619784
3426619849
3426619865
3426619903
3426619954
3426620480
3426620596
3426620863
3426621037
3426621371
342662141X
3426621509
3426621584
3426622203
3426623102
3426623226
3426623285
3426624052
342662429
3426624664
3426624990
3426625083
3426626608
3426630710
3426640090
3426650681
3426650754
3426660121
3426660776
3426660865
3426661004
3426671298
3426690179
342670112X
3426701138
3426701146
3426701170
3426701189
3426701197
3426701448
342670174X
3426701758
3426730561
3426770784
3426772574
3426775387
3426776014
3426776049
342677609X
3426776529
3426776545
3426861550
3426870215
3426870231
3426871874
342912058X
343011862X
3430120918
3430129583
3430132576
3432360216
343450530X
3434530843
3434545018
3436005924
3436010715
3436011525
3436012483
3436013099
3436018155
3436020508
3436021768
3438018101
3439003779
3439820521
3439900274
3439900282
3440047725/9S
3440055604
3440059316
3440062740
3440063046
3440065987
3440066738
3440072770
3440075206
3440077675
3442000645
344200067X
3442001544
3442002303
3442008158
3442028892
3442030730
344203079X
3442034140
3442034191
3442035171
3442037514
3442038561
3442039762
3442039789
3442039819
3442040280
3442051533
3442053609
3442053838
3442054761
3442058414
3442059356
3442063809
3442066190
3442068827
3442069696
3442072697
3442076986
3442080657
3442082439
3442086345
3442088402
3442089859
3442091411
3442092981
3442093627
3442096464
3442096480
3442098297
3442098424
3442098947
3442099188
3442101638
3442111951
3442117585
3442120772
3442123852
3442124166
3442124719
3442124875
3442127211
3442127270
3442127505
3442127599
3442127629
3442129664
3442131790
3442132096
344213238X
3442132398
3442132649
3442133211
3442135338
3442139112
3442141133
3442142253
3442150043
3442150558
3442150701
3442150841
3442151015
3442151473
3442152038
344215216X
344216107X
3442161177
3442162637
3442162939
3442215315
3442215897
3442216206
344223479
3442234824
3442236584
3442236606
3442236711
3442236819
344223686X
3442237378
3442237408
3442238358
3442239117
3442241294
3442241774
3442245672
3442245753
3442245923
3442246032
3442246113
3442246164
3442246172
3442246180
3442246504
3442246512
3442246741
3442247497
3442248027  3
3442248469
3442248612
3442248876
3442248914
3442248922
3442248930
3442249767
3442250447
3442280184
3442301033
344230442
3442304980
3442306310
3442306973
3442307058
3442308135
3442308151
3442309026
3442309174
3442309646
3442310121
344233621X
3442350042
3442350123
3442350220
3442350247
3442350530
3442350581
3442350662
3442350735
3442350956
3442351022
344235109X
3442351243
3442351340
3442351545
3442351707
3442351804
3442352061
344235207X
3442352282
3442352436
3442352495
3442352517
3442352533
3442352703
3442352789
3442353394
344235353
3442353564
3442353793
3442353920
3442353939
3442353947
3442353971
3442354064
3442354943
344235496X
3442355052
3442355141
3442355257
3442355907
3442355915
3442356083
344235658X
3442356717
3442356725
3442356911
3442357047
3442357616
3442358000
3442358515
3442359155
3442359414
3442359543
3442360072
3442410150
3442410657
3442410886
3442412188
3442412404
3442413265
3442413281
3442413338
3442413842
3442413982
3442414016
3442414067
3442414199
3442414989
344241539X
3442415438
3442415519
3442415578
3442415667
3442415721
3442415896
3442415934
3442415993
3442416256
3442416310
3442416469
3442416523
3442416566
3442416582
3442420024
3442420156
3442420164
3442420210
3442420423
3442420970
3442421292
3442421306
3442421322
3442421349
3442421357
3442421756
3442421829
3442421837
3442422027
3442422035
3442422337
344242366X
3442423945
3442424216
3442424372
3442424402
344242447X
3442424623
3442424763
344242527
344242529
3442425573
3442425800
3442426030
3442426189
3442426332
3442426340
3442426642
3442426855
3442427401
3442427797
3442427983
3442428068
3442428521
3442428696
3442428777
3442429439
344242947
344242951X
3442429552
3442429609
3442429846
3442429862
3442430488
3442430496
3442430534
3442430879
3442431379
3442431581
3442431786
3442431859
3442431875
3442432057
3442432073
344243260X
3442432626
3442432634
3442433495
3442433614
344243372X
344243386
3442433940
3442434009
3442434033
3442434475
3442434904
3442435161
3442435382
3442435528
3442435587
3442435692
3442435838
3442435846
3442435951
3442436060
3442436109
3442436168
3442436362
3442436893
3442437016
3442437059
3442437172
3442437407
3442437474
3442437504
344243761X
3442437636
3442437687
3442437717
3442437741
3442437989
3442438179
3442438241
3442438519
3442438799
3442438837
3442439027
3442439035
34424392X
3442439469
3442439736
3442439744
3442439973
3442440173
3442440238
3442440424
3442440688
3442440777
3442440807
3442440890
3442441080
3442441382
3442441595
3442441609
3442441641
3442441919
3442441927
344244196X
3442442354
3442442389
3442442532
3442442818
3442442885
3442443113
3442443555
3442443709
3442443865
344244392X
344244408X
3442444098
3442444179
3442444330
3442444365
3442444438
3442445078
3442445140
3442445299
3442445434
3442445523
344244554X
3442445566
3442445582
3442445744
3442445795
3442445809
3442445906
3442446015
3442446074
3442446244
3442446325
3442446414
3442446570
3442446708
3442446759
3442446783
3442446899
3442446910
3442446929
3442447038
3442447046
3442447100
3442447186
3442447305
344244733X
3442447380
3442447437
3442447488
3442447542
3442447593
3442447712
3442448182
3442448344
3442448646
3442448662
3442448735
3442448751
3442448794
3442448816
3442449022
3442449146
3442449405
3442449618
3442449626
344244974X
3442449758
3442449804
3442449898
3442449944
3442449979
3442450020
3442450039
3442450055
3442450179
3442450195
3442450322
344245056X
3442450608
3442450721
3442450799
3442451094
3442451140
3442451272
3442451310
3442451353
3442451426
3442451442
3442451450
3442451574
3442451604
3442451671
3442451736
3442451752
3442451833
3442451906
3442452031
3442452457
3442452473
3442452562
3442452600
3442452627
3442452643
3442452864
3442452996
3442453003
3442453283
3442453305
3442453429
3442453461
3442453798
3442453828
3442453836
3442453844
3442454069
3442454255
344245459X
3442454794
3442454840
344245493X
3442454964
3442455197
3442455413
3442455707
3442456827
3442540240
3442540658
3442540682
344254081X
3442541077
3442541131
3442541425
3442541581
344254159
344254159X
3442541638
3442541662
3442541670
3442541697
3442541751
344254193X
3442545137
3442545188
3442545293
3442545420
3442545544
3442545595
3442545706
3442552249
3442553059
3442553121
3442720001
3442720036
3442720621
3442721156
3442721199
344272161X
3442721652
344272189X
3442722063
3442722497
344272256X
3442722632
3442723078
3442723213
3442723434
3442723760
3442723817
3442723833
3442724309
3442724686
3442724724
3442724767
3442724864
3442725283
3442725348
3442725542
3442725984
344272600X
3442726247
344272659X
3442726727
3442726735
3442726913
3442726921
3442727073
3442727197
3442727383
3442727529
3442727731
3442727944
3442727952
3442728010
3442728339
3442728363
344272872X
3442729785
344272984X
3442730503
3442731712
3442750407
344275061X
3442760003
3442760267
3442760291
3443443954
3446128832
3446161872
3446173471
3446177094
3446177108
3446178201
3446178694
3446180710
3446180850
3446188800
3446195106
3446197478
3446198989
3446199829
3446200436
3446200452
3446200487
3446201181
3446201882
3446201939
3446202102
3446202153
3446202684
3446202692
3446202722
3446203427
3446203443
3448051934
3449129418
3449143240
3449211475
3449224852
34501532095
345019792095
345023021095
345025997125
345026241125
345030850125
3451040328
3451040867
3451042680
3451048582
3451076039
3451078775
3451164086
3451269317
3451276313
3451281015
3451281155
345128250X
34514515X
345246004
345248007195
34525855X195
345266269095
345272544250
345292243225
34530000463
3453001257
3453002601
3453002695
3453003128
3453003209
3453003683
3453003802
3453004205
345300454X
3453005317
3453006011
3453006070
3453006089
3453006283
3453006666
3453006895
3453007867
3453007972
3453010655
3453011112
3453011600
345301247X
3453012984
3453014138
3453014359
3453016416
3453016882
3453018907
3453020537
3453021886
3453021959
3453022203
3453022843
3453022912
3453023099
3453023757
3453023773
3453025016
3453025032
3453025040
3453025237
3453025423
3453025547
3453025652
345302608X
3453026144
3453029178
3453029275
3453032780
3453032896
3453033264
3453033302
3453034120
3453034503
3453034902
3453036972
3453037081
3453038894
3453038916
3453041550
3453042182
3453042905
3453044738
3453044967
3453045874
3453046196
3453048806
3453050231
3453050282
3453050290
345305069X
345305136X
3453051777
3453053710
3453053893
3453054032
3453054083
3453056183
3453056604
3453056655
3453056701
3453056884
3453058216
3453058585
3453058607
3453059336
3453059344
3453061152
3453061187
3453061314
345306139X
3453061756
3453062124
3453062345
3453062477
3453062639
3453062736
3453063023
3453063716
3453063724
3453066073
3453066111
3453071174
3453071638
3453072014
3453072057
3453072332
3453072561
3453073398
3453073932
3453074521
3453074971
3453075315
3453075658
345307565X
3453075781
345307601X
3453077830
3453079566
3453079868
3453080017
3453082001
345308201X
3453082311
3453082591
3453084632
3453084829
3453085620
3453085647
3453086678
3453087607
3453088026
3453088247
3453088433
3453088573
3453088905
3453089099
345308909X
345308974X
3453092007
345309204X
345309221X
3453092414
3453092422
3453093038
3453094964
3453094972
3453094980
345309624X
3453096428
3453096444
3453096479
3453097408
3453098307
3453098730
3453099311
3453099524
3453099737
3453099826
3453100273
3453103459
3453106520
3453108574
3453109198
3453109368
3453109406
3453109546
345310973
3453115341
345311535X
3453115481
3453115686
3453116143
3453116267
3453116542
3453116585
3453118804
3453121309
3453122348
3453122402
3453123271
3453123298
3453123840
3453123859
3453124294
3453124383
3453124464
3453124499
3453124545
3453124693
3453124731
3453124987
3453126297
3453126521
3453126777
3453126912
3453127013
3453127285
3453127323
3453128087
3453128850
3453129237
3453129547
3453130510
3453130715
3453130790
3453130871
345313088X
3453130898
3453131029
3453131150
3453131169
3453131444
3453131630
3453132041
3453133021
3453133226
3453133250
3453134524
3453135768
3453135881
3453136411
3453136454
345313656X
3453136713
3453137140
3453137159
3453137205
3453137574
3453139682
3453139763
3453139909
345314032X
3453140516
3453140974
3453143051
3453144422
3453144511
3453146050
3453146069
3453146956
3453146972
3453146980
3453147103
3453147235
3453147243
3453147596
3453148223
3453148533
3453148568
3453149785
3453149793
3453149831
3453149955
3453150090
3453150295
3453150538
3453151658
3453151771
3453151798
3453152018
3453152204
3453152565
3453153146
3453153340
3453153359
3453153804
3453153812
3453155831
3453155858
3453155890
3453156498
3453157664
3453157672
3453157745
3453158830
3453159055
3453159926
3453160185
3453160819
3453160827
3453160924
3453160959
3453161033
3453161394
3453161637
3453161750
3453161912
3453161971
3453162218
3453162366
3453162897
3453162935
3453163168
3453164105
3453164121
3453164210
3453165187
3453165640
3453168798
3453168895
3453169247
3453169441
345317058X
3453170628
3453170660
3453170679
3453170695
3453170709
3453171063
3453171438
3453171500
3453171535
3453171551
3453171632
3453171691
3453171837
3453171861
3453171977
3453172027
3453172124
3453172620
3453172841
3453173309
3453176685
3453176944
3453177401
3453177487
3453177584
3453177622
3453177800
3453178165
3453178734
3453178742
3453178777
3453179013
3453180186
3453180224
3453180410
3453180631
3453180895
3453181123
3453182618
3453184394
3453184408
3453185137
3453185323
3453185528
3453185676
3453185935
3453186672
3453186680
3453186826
3453186834
3453186869
3453186958
3453187105
3453187830
3453187997
3453188055
3453188713
3453189345
3453189426
3453189442
3453189477
3453189949
3453190025
3453190033
3453190041
3453190165
3453194381
3453195116
3453195809
3453196015
345319604
3453196767
345319747X
3453197674
3453197852
3453198379
3453198840
3453198875
3453199006
3453199081
3453199170
345319926X
3453199766
345319988X
3453199952
345320913
3453209435
3453209613
3453209893
3453210352
3453210417
3453210697
3453210727
3453210735
3453210832
3453210999
3453212045
3453212150
3453212169
3453212215
3453212231
345321255X
3453212622
3453212967
3453213025
3453213297
3453213327
3453213378
3453213424
3453213432
3453213793
3453215079
3453215117
3453215141
3453215273
3453215338
3453216253
3453217284
3453301439
3453305248
3453305876
3453306139
3453306562
3453308425
3453309235
3453310993
3453311140
3453312228
3453350707
3453353331
34534575
3453503384
345361199
345369947
3453860446
3453861124
3453861418
3453861469
3453861663
3453861744
3453861930
3453863178
3453863593
3453863712
3453863739
3453864239
3453864263
3453864271
3453864409
3453864786
3453866630
3453866797
345386722X
3453868315
3453868641
3453869451
3453869648
345386980X
3453870018
3453870212
345387319X
345387336X
3453875362
3453875583
3453875591
3453877241
345410424
3454521807
345466750
3455000754
3455003761
3455013570
3455024939
3455024947
3455024998
3455026508
3455031404
3455040306
3455062644
3455077129
3455093450
3455110339
3456329978
3457710014
3458019243
3458022332
3458171703
3458192360
3458318070
3458318410
3458319808
3458321985
3458326685
345833422
3458336311
3458337253
3458346538
3459147596
3460749282
3462010336
3462014153
3462015109
3462015117
3462015559
3462015753
3462015966
3462017152
3462017160
3462019279
3462020609
346202261X
3462024612
3462025376
346202633X
3462026429
3462026801
346202731X
3462027611
3462027697
3462027948
346202812X
3462028154
3462028189
3462028537
3462028626
3462028987
3462029053
3462029517
3462029576
3462029592
3462029649
3462029916
3462030035
3462030078
3462030159
3462030469
3462030507
3462030531
3462030957
3462031082
3462031090
3462031848
3462031953
3462032119
3462032208
3462032283
3462032445
3462032550
3462033085
3462033263
3462033360
3462033441
3462121527
3463022184
3463400944
3463402181
3463403021
3463404060
3463404095
3464006433
3464052192
3464063232
3464310515
3466300088
34667829791
3468183828
3468351216
3471772510
3471772707
3471785728
3471791655
3472617772
3473351849
3473351911
347335192X
3473352365
3473386391
3473387088
3473387142
3473388254
3473389129
3473389757
3473390364
3473396060
3473470651
3473515981
3473517666
3473518204
3473518336
3473519197
3473519529
3473520063
3473520098
347352025X
3473520403
347352051
3473520551
3473520594
3473520608
3473521280
3473521582
3473530190
3473530298
3473540323
347354034X
3473540420
3473540560
3473541087
3473541974
3473541990
3473580015
3473580074
3473580082
3473580112
3473580147
3473580155
3473580163
3473580171
3473580228
3473580236
3473580279
3473580309
3473580325
3473581038
3473581097
3473581143
3473581534
3473581720
3473581801
3476015858
3478387507
3484370076
3485003158
3485003697
3485004537
3491240212
3491723752
3491960061
3491960371
3491960398
3491960541
3492003540
349202436X
3492038522
3492040004
3492040683
3492043267
3492044182
3492045170
3492045642
3492046142
3492116167
3492117481
3492117694
3492118267
3492120342
3492121527
3492201261
3492202764
3492203140
3492203582
3492203868
3492207006
3492213049
3492215416
3492217885
3492218091
349221858X
3492219152
3492219993
3492221009
3492221521
3492221653
3492221661
3492222463
3492223206
3492224334
3492224466
3492225314
349222539X
3492225470
3492225535
349222573X
3492225756
3492225780
3492226256
3492226442
3492226604
3492226825
3492227074
349222721X
3492227252
3492227546
3492227694
3492227767
3492228240
3492228291
3492228399
3492228453
3492229042
3492229336
3492229352
3492229581
3492229697
3492229905
3492230490
3492230512
3492230571
3492230601
3492230814
3492230857
3492230865
3492231985
3492232000
3492232140
3492232388
3492232736
3492233112
3492233600
3492233635
3492233651
3492234410
3492234429
3492234690
3492234747
3492235204
3492235212
3492235530
349223562X
3492236367
3492236782
3492237118
3492237312
3492237460
3492237770
3492238432
3492238696
3492238866
349223903X
3492239250
3492256597
3492260233
3492260292
3492260624
3492265014
3492270255
3492270409
3492270417
3492270573
3492275184
34974104
3498005294
3498006096
3498006312
3498016660
3498020323
3498020838
3498020862
349802972X
3498034987
3498035037
3498039164
3498043900
3498044761
3498063529
3498063618
3499100045
3499100150
3499100355
3499100509
3499101319
3499101505
349910170
349910170X
3499102595
3499103001
3499103281
3499104326
3499104598
3499105810
3499105818
3499107252
3499107562
3499108356
3499108518
3499109298
3499109891
349910993X
349911027X
3499110660
3499113104
3499114178
3499115832
3499118076
3499119250
3499120186
3499120666
3499121123
3499121581
3499121808
3499121956
3499122006
3499122340
349912257X
3499123665
3499124572
3499124904
349912548X
349912565
3499125803
349912601X
3499126206
349912937X
3499129604
3499129612
3499129620
349912971X
3499129728
3499129736
3499129981
349912999X
3499130114
349913117X
3499131706
3499132079
3499132737
3499133040
349913358X
3499134411
349913442X
3499134608
3499134705
3499134934
3499135507
349913599X
349913635X
3499136651
3499137909
3499137941
3499137968
3499138492
3499138565
3499138956
3499139200
3499139227
3499139332
3499139847
349913991X
3499141264
3499141558
3499141639
3499141701
3499142163
3499143046
3499143615
3499143720
3499143925
3499143933
3499144719
349914557X
3499147084
3499147238
3499148099
3499148447
3499149540
3499150425
3499150611
3499150832
349915191X
3499152061
3499153246
349915398X
3499154501
3499154781
3499155176
3499155338
3499155664
3499156938
3499158124
3499168707
3499169851
3499170523
3499173573
3499187809
3499196506
3499196611
3499198940
3499201526
3499201712
3499203596
3499203960
3499204142
3499204150
3499204665
3499205009
3499205114
3499205874
3499206471
3499207036
3499207338
3499208296
3499208555
3499209535
3499212498
3499221160
3499221489
3499221896
3499221918
3499222256
3499222426
3499222507
349922271X
349922271x
3499222728
3499222736
349922304X
3499223082
3499223600
3499223996
3499224100
3499224194
349922433X
3499224445
3499224550
3499224577
3499224615
3499224623
3499224674
3499224712
3499224798
3499224801
349922500X
3499225026
3499225433
3499225549
3499225557
349922562X
3499225638
3499225735
349922576X
3499225956
3499226200
3499226375
3499226685
3499226812
3499226960
349922710X
3499227304
3499227487
3499227762
3499227770
349922805X
3499228114
3499228165
3499228300
3499228440
3499228548
3499228696
3499228793
349922884X
3499228874
3499228976
3499229927
3499229935
3499230305
3499230518
3499230933
3499231026
3499231093
3499231182
3499231328
3499231581
3499231603
3499231670
349923212X
3499232642
3499232871
3499233045
3499233126
349923324X
3499233347
3499233517
3499233746
3499233843
3499233959
3499233975
349923405X
3499234246
3499234378
3499234785
3499235048
3499235358
3499237016
3499260271
3499260743
3499261197
3499261227
3499261278
3499261294
3499261332
3499261782
3499262454
3499262940
3499262967
3499263009
3499263139
3499263882
349926403X
3499264285
3499264919
3499332051
3499400103
3499421267
3499421860
3499421887
3499422131
3499423111
3499424126
3499424142
3499425130
3499425394
3499426382
3499427931
3499427982
3499428350
3499428660
3499428806
3499430045
3499430339
3499430428
3499431068
3499431335
3499431610
3499432447
3499432544
3499432641
3499432951
3499433257
3499433265
3499433508
3499451301
3499500329
3499500981
3499503182
3499503662
3499505029
349950541X
3499506106
3499605554
3499606550
3499606577
3499606607
3499609312
3499611597
3499614529
3499615762
3502100470
3502101353
3502102465
3502111006
3502122865
3502144109
3502186804
3502192456
3502380090
350239174
3502504482
3502506515
3502506809
3502507856
3502508097
3502509212
3502509689
3502511020
3502511268
350251156X
3502512590
3502513333
3502515263
3502515972
3502516375
3502516537
350251660X
3502516618
3502516650
3502516820
3502517487
3502517630
3502517673
3502518661
350251870X
350251884X
3502518998
3502520194
350253266X
3502551464
3502552304
3503061150
3505000264
350501205X
3505036617
3505036684
3505036714
3505042145
3505043362
3505043990
3505044539
3505044857
3505046205
3505047163
3505049603
3505071773
350507585x
3505079324
3505081817
3505082651
3505083933
3505083941
3505085847
3505091235
3505091383
3505092118
3505092126
3505095680
3505098108
3505099066
3505099295
350510017X
3505100196
3505100498
3505100595
3505100994
3505101907
3505105325
3505105414
3505106577
3505109940
3505112836
3505113387
3505118591
3506464078
351009253
3517010251
3517017442
3518013963
3518014366
3518019309
3518031945
351803328X
351806570X
3518067087
3518068547
3518100017
3518100041
3518100122
3518100319
3518100416
3518100491
3518100734
3518101137
3518102192
351810229X
351810392X
3518106376
3518116509
3518118269
3518120549
351818802X
3518188089
3518188216
3518280791
3518281461
3518283162
351828875X
351829153X
3518365010
3518365290
3518365525
351836605X
3518366823
3518367064
3518367560
3518367749
3518367773
3518368001
3518368346
3518368540
3518370995
3518371002
3518371312
3518371894
3518372742
3518373080
3518374303
3518374443
3518374990
3518375091
3518375636
3518376519
3518376764
3518376802
3518376950
3518379089
3518380176
3518380338
3518380796
3518383426
3518383620
3518386786
351838693X
351838709X
3518388029
3518388703
3518388746
3518388762
3518388916
3518389807
3518390805
3518391003
351839195X
3518392425
3518392735
3518394312
3518394479
3518394495
3518394525
3518394916
3518395335
3518396188
3518396315
3518396978
3518397389
3518398709
3518398962
3518399276
3518405519
3518407279
3518407813
3518410326
351841335X
3518413783
3518413961
352210580X
3522119401
3522128001
3522149904
3522166108
3522168372
3522168399
3522169557
3522170261
3522170903
352217092X
3522170946
3522170954
3522171810
352217240X
352217254X
352217268X
352217352X
352217402X
3522174283
352217478X
3522700201
3522701003
3525331819
3525335962
3526504520
3526507783
3527266313
353007032
3530100072
3530267147
3530267171
3530300616
353600752X
3538050988
3543064496
3545202461
3545321991
3546002385
3546003470
3546003519
3547775078
3548000479
3548028411
3548032532
3548034020
3548035086
3548101879
3548101976
354820175X
3548203981
3548204538
3548207235
3548208851
3548208975
3548209793
3548210856
3548220584
354822492X
3548224938
354822539X
3548228011
3548231608
3548232116
3548232558
354823285X
3548234100
3548234267
3548235646
3548235654
3548235883
3548236065
3548239587
354824047X
3548243177
3548244467
3548245889
3548245897
3548246788
3548246966
3548247083
3548248489
3548248845
3548248853
3548248950
3548250122
3548250157
3548250203
3548251048
3548251285
3548252192
3548252443
3548252656
3548252834
3548252842
3548253881
3548253954
3548255310
3548255531
3548255558
3548255582
3548255884
3548255922
3548256007
3548256031
3548256171
354825621X
3548256236
3548256279
3548256600
3548257615
3548257623
3548301231
354830169X
3548302211
3548304087
3548310702
3548342337
3548345123
3548352588
3548356982
3548359310
3548359698
354835985X
3548362206
354836229X
3548363008
3548363490
3548363806
3548363938
3548364861
3548600018
3548600115
354860028X
3548600697
3548600700
3548600808
3548600859
3548602177
3548602215
3548602290
3548602452
3548602460
3548602576
3548602851
3548603262
3548680542
3548750117
3548840051
3548840124
3548840140
3550071434
3550075359
3550083432
3551015066
3551015104
3551015171
355135152X
3551371059
3551515786
355151609X
355155157X
3551551677
3551551685
3551551693
3551551936
3551552525
3551552665
3551580812
3551580820
3551719020
3551719047
3551744033
355177109X
3551790191
3552048065
3552048170
3552048383
3552049886
3552052054
35600350
3570001458
3570002802
3570002942
3570003590
3570006344
3570023915
3570034046
3570050025
3570056457
3570121097
3570121135
3570121941
3570122964
357012388X
357012701X
3570145972
3570200000
357020040X
357020149X
357020152X
3570201538
3570201724
3570201899
3570202127
3570202976
3570203352
3570203360
3570203468
3570203638
3570203980
3570204170
3570204324
3570204588
3570204642
3570205231
3570205320
357020538X
3570205401
3570205622
3570205851
3570205932
3570205967
3570206009
3570206017
3570206181
3570206556
3570206572
3570206955
3570206971
3570207099
3570207102
357020720X
3570207528
3570208079
3570208117
3570208141
3570209008
3570209326
3570209806
3570210324
3570211886
3570212419
3570213331
3570240223
357026002X
3570260127
357026016X
3570260216
357026078X
357026081X
3570261085
3570261131
3570261166
3570270009
3570300730
3570500209
3570500284
3570508919
357075133
3572009707
357201171X
3576131086
3577307250
3577310308
3581667487
3593358069
3593367750
3593368471
3596100011
3596101166
3596101859
3596102871
3596103649
3596104033
359610453X
3596106230
359610646X
359610792X
3596108675
3596109841
3596110815
3596111536
3596111757
3596112664
3596113350
3596113776
3596114446
3596117771
3596118204
3596119294
3596119723
3596121477
3596121841
3596122198
3596124417
3596124646
3596125006
3596126835
3596126894
3596127483
3596128668
3596128900
3596129206
3596129389
3596129923
3596130387
359613045X
3596130735
3596130743
3596130751
359613076X
3596130840
3596132398
3596133157
3596133203
3596133319
3596133386
3596135915
3596136407
3596136687
3596137306
3596137454
3596137683
3596137705
3596138345
3596139422
3596139562
3596139848
3596139953
3596140048
3596140226
3596140250
3596140455
3596140463
3596141354
359614163X
3596142229
3596142245
3596142636
3596142938
3596144167
3596144434
3596144671
3596144868
3596145813
3596146887
3596147514
3596147824
3596147891
3596148146
3596148340
3596148596
3596148820
3596149703
3596149878
3596150019
3596150434
3596150655
3596150981
3596151252
3596151317
3596151740
3596151821
3596151910
3596152283
3596152771
3596152801
359615281X
3596152976
3596153026
3596154049
3596154464
3596154766
3596155851
3596156165
3596156610
3596156955
3596156963
359615832X
3596159806
3596160235
3596161509
359616253X
3596200199
3596200261
3596209692
3596213819
3596214505
3596214629
3596215226
3596217148
3596218136
3596219817
3596220688
3596220742
3596220807
3596221269
3596221730
3596222206
3596223946
3596224284
3596228689
3596237874
3596247128
3596247217
3596247276
3596247349
3596247500
3596252415
359625762X
3596258669
3596258758
3596259924
359626507X
3596267447
3596270022
3596270197
3596270227
3596270944
3596275768
3596280141
3596282012
3596282225
3596282756
359628368X
3596292301
3596292646
3596294045
359629410X
3596294266
3596294290
359650158X
3596505097
3596505151
3596505275
359650533X
3596505356
359650547X
3596505941
3596506581
3596506859
3596800129
3596800609
3596800870
3596800900
3596801591
3596801613
359680163X
3596801931
3596802024
3596802334
3596803055
3596803160
3596803225
3596803365
3608910387
3608918809
3608930612
3608930620
3608932453
3608932461
3608933115
3608933875
360893412X
3608934219
3608935215
360893541X
3608935428
3608935436
3608935444
3608935770
3608938052
3608951490
3608952128
3608952136
3608952144
361015322
361015542
361016239
3612251953
3612261010
3612261029
3612264729
3612264923
3612265490
3612265830
3612267450
3612270117
3612271105
3612272020
3612272926
3612274546
3612275127
3612275232
3612275291
3612275356
3612275410
3612650319
3612650831
3616061520
3625102390
3625200473
3625203499
3627001036
3627100123
3629001475
3629007910
3629911048
3630620019
3630620388
3630870902
3630871534
3635601276
3635605360
363643810
36706950
3701173311
3701704600
3701711119
3704320196
3706516586
372015257X
3720521362
3720521729
3720523187
3725412227
3726003126
3726004076
3728541260
3729603507
3729605879
37301614X
373104235150
373219415
374.1.4424.9
3746202698
3746602068
3746611229
3746611245
3746611571
3746612160
3746612845
3746613590
3746614007
3746614201
3746615100
3746615119
3746615127
3746615135
3746615143
3746615518
3746616360
3746616905
3746617219
3746617960
3746617987
3746618339
3746618363
3746618789
3746618894
3746619157
3746619173
3746619424
3746619726
3746619807
3746620503
3746651042
3746652618
3746655153
3746655552
3746670144
3746680174
3760747205
3760754201
3760754589
3760762379
3760771831
3762605025
3762605165
3762607060
3762607451
3763233792
3763246614
3763247108
376324901
376325059X
3764350210
3764500565
3764501146
3765516376
3765516457
3765535303
3766837192
3767005581
3768809242
3770118979
377011907X
377013463X
3770138449
3770144309
3770144465
3770148797
3770153081
3770153650
3770153987
3770154029
3770156218
3770400127
3770402782
3770422554
3770907558
3770907868
3772371655
3772401961
377241897X
3772516580
3772520049
3774204217
3774211566
3774214565
3774223882
3774227225
3774236992
3774259186
3774600899
3776704675
3778737546
3781034920
378170341X
3781707571
3781751317
3783117321
3783120640
3783905486
3784414850
3784415997
3784426069
3784427804
3784428266
37855190363
3785520379
3785523408
3785524935
378552515X
378552580X
3785526970
378552708X
3785527195
3785527454
3785527772
378552781
3785529058
3785531222
3785532210
378553305
3785533063
378553308X
3785533349
3785533357
3785533950
3785535694
3785538448
3785538960
3785540159
3785540329
378554040X
3785542291
3785544200
3785702272
3785709315
3785709811
3785709838
3785710496
3785720092
3785721528
3788601922
3788602678
3788606630
3788629207
3789106917
3789114146
3789115541
3789117323
3789119520
378911989X
3789119903
3789120626
3789122300
3789129402
3789129410
3789131202
3789141054
3789141410
3789142077
3789142085
3789144177
3789161403
3790515035
3790700487
3791314416
3791504576
3791504657
3791513265
3791519603
3791519611
3791519859
3791530151
3791530259
3791530321
3791535005
3791535013
3791535544
3791535560
3791716425
3792000121
3792000261
379200027X
3794129296
3794129962
3794134141
3794170180
3794521153
3795113997
379511408X
3795115833
3795117402
3795117968
3797308000
3799501061
3800014742
3800022702
3800022958
3800023385
3800025590
3800025841
3800026163
3800026589
3800029871
3800033046
3800040360
38000431095
3800070103
3800168200
3802514106
3802514459
3802523652
380252389
3802524837
3802527178
3802527356
3802527518
3802527623
3802527739
3802532198
3802532651
3803110491
380430141X
3804430058
3804844669
3805205015
3805206119
3805206739
3805207115
3805207506
3806201498
3806821232
3806822875
3806844577
3807701710
3807702059
3808536519
3809402559
3809407536
3809412511
380976587
3810500114X
3810501409
3810504475
3810505218
3810506338
3810507229
381050723
381050775X
3810508985
381052042X
381052204
3810526088
3811215612
3811220209
3811806475
3811806580
3811806769
3811806807
3811815679
3811818465
3811869604
3811870076
3811872265
3813501272
3814401077
3814401115
3814403932
3814421159
3814423143
3814423151
3814425073
3815011809
3815018110
3815018552
3816690580
3817114206
3821805234
3821805897
3821807059
3821807180
3821807369
3821808128
3821812605
382181389X
3821815213
382181814X
3821818271
3821818298
3821819197
3821820160
3821829494
3821829699
3821829702
3821830824
3821835257
3821835699
3822500593
3822502510
3822505455
3822801682
382280214X
3822802352
3822811742
3822813397
3822813982
3822814962
3822816698
3822819794
3822819840
3822821713
3822825158
382282562X
3822825999
3822855103
3822855243
3822859753
3822860107
3822860867
3822861391
3822861464
3822865206
3822865494
3822870005
3822875732
3822881643
3822887420
3822893269
3822893390
3822895628
3822897655
3823110535
3823110543
3823846215
382522211X
3826629019
3827003431
382726202X
382726628
3827290325
3828201061
3828900828
382890095X
3828911080
3828911099
3828959520
3828966926
3828969992
3828970583
3828971180
3828972748
3828975569
3829003307
382903623X
382904829
3829062850
3829062907
3829062915
3829062923
3829068263
382908319X
3829701748
3831121095
383330071X
383371056X
3850011089
3850011461
3850494292
3850495108
3850495299
3850521753
3851031253
3851031512
3851671368
3852182751
3852183219
3852183596
3852184134
3853261523
3854524420
3854890249
3855027498
3857882778
386042131X
3860475533
3860475884
3860700022
3861084406
3861500086
3861502763
3861502844
3861503891
3861503921
3866421050
3870220376
3870245123
387024674X
3870678291
3870678933
3870700866
3871340758
3871342505
3871343625
3871344591
387158035X
387181461X
3872874217
3872911473
3872911953
387294407X
3874051919
3875122399
3875764382
3877910406
3878584547
3878584563
3880022852
3880126100
3880221014
3880510394
3880598614
3880599920
3881040447
3881041761
3882217545
3882438002
3884770004
3886310922
3886612155
3886612201
3886792072
3886798216
3886807452
3886807843
3887352068
388745006X
3887471504
388769161X
3888511267
38885472201
3888972655
3890085652
3890291538
3890291838
3890483119
3891063938
3892480036
3892680965
3893314555
389343304X
3893434011
389350320X
3893850589
3893852921
3893975225
3894012919
3894055154
3894161620
3894250763
3894252804
3894363037
3894375736
3894375744
3894375760
3894377178
3894415398
3894723440
389478069X
3895016187
3895070130
3895070254
3895070297
3895080829
3895082848
3895083542
3895088234
3895760722
3895841439
3895849596
3895849618
3896021435
3896021842
3896022768
3896024167
3896043099
389604489X
3896045652
3896670557
3896672258
3896672282
3896672398
3897051451
3898112934
3898150240
3900956014
3900956022
3900956081
3905008238
3905137321
3906542092
3906647048
3907194357
3908647231
3909485464
3921305578
3921338026
392141670
3922028020
3922028071
3922149181
392238241X
3922723209
3923261012
3924491909
3925817379
3926112263
3926789018
3927568074
3929017237
3929017318
3929017776
3930671239
3930673576
3931476170
3932069099
3932069102
3932069137
3932069145
3932069196
3932069250
3932069269
393206996X
3932170385
3932211006
393223491X
3932784863
3933062357
3933731763
3934254454
3934460003
3934460062
3934601634
3934614191
3935569025
3935843062
3936018022
3936819009
3937051546
3937793003
3937793011
393779302X
3937793038
3937793046
3937793054
3937793062
3937793089
3937793097
3937793100
3937793127
3937793143
3937793518
394174399
394536746
394712587
394716639
394717805
394734157
39483612X
39484372X
394843754
3959222411
3980618404
3980640604
399501487
399503854
399900012
4001156768
400991967
401025260
40393837
4061760823
4061760831
4062001187
4063346706
4091011896
4091042828
4101369194
4141148981
415334711
416442003
4190869775
41GTE128
425019144
42502706195
425031349
425034569
425038777
425040348
425173755
43214113237
43428064X
434934488
4370900045
438303362
439139597
44001149125
44001866175
44003148175
44004825175
44005853125
44006057245
44007424150
4403660207
4403660215
4442237432
4453099966
4453301692
44733015125
4478052123
44901388150
4490140592
44901668125
44901797
44902888095
450017427
450022846
451AE7709
451E9828
4531072962
46140689
46140700
4631506673
4712063011522
4712063012611
47300099
4770006950
4770007949
4770015364
4770019076
4770019874
4770023790
4770025947
4770026447
4770026455
4770027400
4770027443
4770027451
4770028822
4789780236
4789780368
4789780449
4789780503
4789780597
4789780724
4789780880
4789781062
4789782182
4789782786
4789783227
4834008800
4840211884
4879018070
4884630815
4887870299
4889960422
4889960465
4891362204
4902010000495
490590130308
5005005513X
5012657712316
5030012699
5040000995
5040009437
5040022727
5040028660
5040028679
5040040571
5050002893
5050021936
5050050790
5050054559
5050055687
506002301X
5064487996
5080004976
5126659847
517004058X
5170042124
5170071442
5170108303
52/1564/5
52300227150
5237001971
5237016081
5253003533
5264003645
5265004154
5267003514
52670043235
526800099
5268011537
528822713
5352000540
5352003656
538158931
538601306X
5386015402
5386015429
539395277
5410005368
5415008233
5415012672
541501294X
5415014195
5415445145
545318678641
550449074X
55304905125
55307027125
55307099
55307280075
5530773100
55307999095
55308124075
55308590195
553571060
55381275
55496871548
5551172945
5553465214
5553857651
5571607342
5601640090335
5602227300809
5611296801
5699005765
5701203271
5751311543
5765702171
5783604062
5783605042
5783605425
5790003303
5797900068
5798901823
579890184X
580349910170
5807101219
5811202571
5811202636
5816800353
5831212682
583124976
583460031X
5857750229
5860256932
586028668
586037659
586037950
586041516
586042830
586043470
5870660025
5885900647
5886871144
590254812
592707261
5942782016
594962002X
5952403093
597669126
603935290
604628572
604794086
6186188166
618733532
6305181772
631951068
644151296
646471365
6651801004
670010596
670259365
671.78833.7.1
67120872
671209612
671216546
671453076
671453165
67146902075
67147815X
671485024
67172289
671774492
67177588X095
671781618
671782088125
671785672
671800523
671804979195
679721886
684124971
68483339
689669127
689710690
700100599
7009700224
700970024
7009704500
7020031730
7020043275/1
7021449456
703599936
7099300799
709930799
7099903993
7100000882
710003132X/F.
7100900250
7100900350
7100900599
7108013096
7108013525/I.
7111115929
7115200799
7116200699
711902907X
7126767100
714162727
714610854
716005778
717265242
718815912
71908979
720803708
7208050031
721757016
7231037288
72350699X
723563503
723578303
72894/93
72IV107.65026
7301365408
7309029925/B.
7351053287
742352257
7500064772/H`
7500105320
7500739206
7500829574
7502820469/Z
7505100904
7505715313
7505715909
7506317354
7506318881
750631889X
750631889X/1
7507202496
7507712842
7508289001
7508305310
7531429721
7532730158
7537823421
7538262520
7541520713/Q.
754260633
7544223442
754430017X
7560011756
7560020240
7561327293
7562316783
7563331662/G.
7671400395
7671400699
7678300699
7777777777
779028986
7800053865/10
7800054262/10
7800054330/10
7800055523/10
7800733661
7801155556
7801423844
7801477308
7801495519/F.
7803499149869
780394886688
780517100127
7806087036
7806313117
780657025X
7806680632
780671034009
7807300499
7810366785
781568582221
782253005278
782253029496
782307359
782702120699
782702478394
7863866450
78733125
788823905061
788892535
7897380901002
793188808
7£­80656£­549
8001625191331
801040183
8014366020000
8014366020338
8020711457
8022010340
8022010545
8022011215
8022011371
8022201324
8022264732376
8032165389
8055103291
80614479619
807033388X
8071060224
8071151432
8071180475
8071181439
8071185035
8071187569
8071600628
8071850454
8071970654
8072030272
8072032704
8072303751
8072502077
8072578618
807728766948
8085128829
8085174219
8085204061
8085213648
808539572X
8085662299
808576931X
8085906481
8088849101
8088897726
8088897882
8088897947
8088939372
8090181708
8090196071
8091411637
8096752545
8120718992
8125004238
814907180
8171412149
8172234988
8172313691
8174762604
8185986037
8185986053
8187422009
8187671173
818798144X
8200063887
8202029686
8202159040
8221033666
8221731343
8247802368
8252501478
8252517374
8280710655
829172012
829173012
8304046172
8306024842
8307000300
8307023645
8308029094
8310077343
8321110495
8321362495
8321608345
8324000208
8324000488
8324003266
834860058
8370015352
8370016456
8370541496
8370701051
837079811X
8370979319
8371105167
8371204728
8371208030
8371298587
8371501056
8371503946
8371504047
8371790759
8371804504
8372203601
837220439X
8372274975
8372552843
8372553300
8372554897
8372557675
8372980462
8373114343
8373226028
8373370560
8373373985
83749897
8385079068
8385236554
8385264035
8385268669
8385276238
8385468137
8385496181
8385661026
8386268190
838661188X
8387021873
8387376108
8387463604
8387498467
8388243675
8389291045
84.2657243X
84.66400311
84/96246620
84000000001
8400000003
8400000009
840000001
8401008654
8401009421
8401009596
8401010918
8401011086
8401011892
8401012104
8401013151
8401014441
8401014956
840101512X
84010461189
8401242304
8401242576
8401242738
8401242827
840130198X
840130315
840130315X
8401304253
8401304555
8401305306
840132162X
8401322146
8401323576
8401323657
8401323924
840132405X
8401326060
8401326443
8401326508
840132694X
8401327148
8401327199
840132744X
8401327865
8401328136
8401328217
8401328306
8401328608
8401328810
8401328942
8401329027
8401329132
8401329205
8401329329
8401329485
8401329566
8401329647
840133165X
8401335132
8401335191
8401340152
8401341507
8401341655
8401341663
8401341744
8401341760
8401370221
8401370361
8401370655
8401371783
840137569X
8401375924
8401377250
8401377390
8401378389
8401385725
840138589X
8401410983
8401418844
8401421187
8401422256
8401422590
8401422663
840142268X
8401422825
8401423023
840142321X
8401423813
8401426715
8401427150
8401427312
8401427762
8401428173
8401431999
8401440491
8401442435
840145019
8401459133
8401460166
8401460913
8401461170
8401461251
8401461693
8401461766
8401461782
8401461839
8401461944
8401461979
8401462118
8401462231
8401463017
8401463092
8401463181
8401463297
8401464129
8401465516
8401465524
8401465559
8401466083
8401469600
8401469805
840147034X
8401472200
8401474604
8401474663
8401474671
840147468X
8401474698
8401474744
8401476720
8401478138
840147941X
8401479436
8401479444
8401479460
8401479479
8401479487
8401479541
840147955X
8401490014
840149043X
8401491010
8401491029
8401491169
8401491177
8401491363
8401491460
8401491509
8401491665
8401491711
8401491819
8401491827
8401491835
8401491843
8401491916
8401491975
8401492025
8401492300
8401492335
840149236X
8401492408
8401492726
8401492742
8401492823
8401492858
8401494125
840149527X
8401495571
8401498031
8401499127
840149916X
840149950X
8401499585
8401499623
840149964X
8401499909
8401541034
8401561582
8401570506
8401570549
8401570557
8401570689
8401620317
8401813123
840181461
8401903327
8402013813
8402033571
840205076X
8402056660
8402062202
8402067034
8402067107
8402067115
8402071899
840207975X
8402079768
8402081754
840208284X
8402083544
8402083552
8402083757
8402085148
8402085822
8402086543
8402087760
8402087795
8402088031
8402103472
8403092369
8403092377
8403092415
840309289X
8403092903
8403093004
840309375
8403094892
8403593902
8403595425
8403602545
8403602642
8403602693
8403602804
8403602863
8403870086
8408001531
8408001809
8408002511
8408011200
8408011294
840801174X
8408011979
840801515X
8408016245
8408016970
8408017217
8408019023
8408019988
8408020072
8408020080
8408020137
8408020382
840802051X
8408020811
8408020854
8408020927
8408020951
8408021400
8408022083
8408022547
8408022741
8408022792
8408022938
8408023209
8408023306
840802339X
8408024396
8408024426
8408024485
8408024639
8408024973
8408025325
8408025465
8408026933
840802809X
8408028235
8408028472
8408028480
8408028944
8408029886
8408030159
840803085X
8408031325
8408031740
8408031775
840803183X
8408031848
8408031856
8408031996
8408032976
8408033700
8408034979
8408035223
8408035495
8408035533
8408035568
8408035584
8408036416
8408036424
8408037404
8408038338
8408038702
8408038745
840803894X
8408039369
8408039954
8408040294
8408040367
8408040383
8408040391
8408040456
8408040618
8408040642
8408041193
8408041266
8408041770
8408042467
8408043285
8408043404
8408043641
840804379X
8408044842
8408045075
8408045792
8408045806
8408047957
8408048082
8408048317
840804866X
8408049151
8408049488
8408052152
8420225222
8420300624
8420400181
8420400963
8420401153
8420401331
8420401552
8420421804
8420425222
8420425540
8420427462
8420427624
8420428299
8420428655
8420428701
8420428884
842042899X
8420429031
8420429079
8420429791
8420429813
8420429872
8420430714
8420430811
8420430943
8420432040
8420432113
8420440906
8420441619
8420441694
8420441708
8420441732
8420441821
8420441902
8420441929
8420442283
8420442364
8420442402
8420442704
8420442909
8420443026
8420443107
8420444073
8420444235
8420444642
8420444707
842044491X
8420444936
8420444995
8420445479
8420445835
8420447420
8420447595
8420447625
8420447889
8420447927
8420447943
8420447978
8420448435
8420448559
8420448583
8420448869
8420449156
8420450006
8420450588
8420455202
842045530X
8420455474
8420457213
8420457272
8420457477
8420457868
842045804X
842046435X
8420465321
8420465410
8420465429
8420465577
8420465666
8420466034
8420478334
8420478725
8420480509
8420480770
8420480797
8420481025
8420481327
8420481378
8420482013
8420482536
8420483125
8420483508
8420483532
8420483591
8420483869
8420484121
8420484385
8420512931
8420516716
8420519723
8420529869
8420530891
8420533300
8420571485
8420600253
842060125X
8420601276
8420602809
842060321X
8420603708
8420603775
8420604461
842060500X
8420610046
8420610275
8420610445
8420611085
8420611190
8420611387
8420611948
8420613126
8420613169
8420613487
8420613630
8420614289
842061436X
8420614904
8420615021
8420615072
8420615846
8420616168
8420616524
8420616745
8420616893
8420617229
8420617334
8420617415
8420617725
8420617873
8420618756
8420619663
8420621633
8420632759
8420633119
8420633135
8420633194
8420633259
8420633275
8420633291
8420633305
842063333X
8420633399
8420633402
8420633410
8420633518
8420633526
8420633577
8420633941
8420634050
8420634093
8420634115
8420634158
8420634166
8420634190
8420634263
842063462X
8420634727
8420634778
8420634972
8420635545
8420635553
8420636258
8420636282
8420636401
8420636665
8420636894
8420636940
8420636967
8420637467
8420638005
8420638129
8420638196
8420638218
8420638366
8420638498
8420638692
842063882X
8420638900
8420639540
8420639567
8420639834
8420639869
8420641227
8420641814
8420641938
8420646024
8420646032
8420646040
8420646067
8420646075
842064613X
8420646148
8420646172
8420646180
8420646199
8420646237
8420646288
8420646296
8420646318
8420646326
8420646334
8420646407
8420646458
8420646474
8420646628
8420646652
8420646679
8420646709
8420646725
842064673
8420646768
8420646865
842064689X
8420646962
8420646989
8420654116
8420655902
8420656747
8420663522
8420672157
8420672211
8420672386
8420672599
8420673358
8420690015
8420691054
8420699896
8420700150
8420700223
8420700304
8420712248
8420725897
8420725927
8420725935
8420726338
8420726346
8420726583
8420726672
8420727482
8420727954
842072906
8420731013
8420733083
842073358X
8420733903
8420734160
8420735272
8420735817
8420738069
8420738093
8420739480
8420739510
8420741566
8420741582
8420742945
8420744794
8420751049
8420765376
8420767069
8420767077
8420767255
8420777668
8420777684
8420782904
8420789895
8420790079
8420790796
842079239X
842097501X
8421404032
842160970X
8421611828
8421612093
8421614703
842161472X
8421614770
8421615386
8421615424
8421615734
8421616072
8421618199
8421618245
842161861X
8421622749
8421628577
8421628710
8421631853
8421631926
8421631942
8421636294
8421700758
8421708392
8421741543
8421742353
8421743007
8421746502
8421813455
8421820737
8421823930
842260437X
842260518X
8422605678
8422605708
8422606178
8422606615
8422606720
8422607360
8422607824
8422608510
8422610086
8422610221
8422611333
8422612275
8422613484
8422614685
8422616467
842261698X
8422618265
8422618338
8422618702
8422618958
8422619210
8422620294
8422620782
8422621207
8422621282
842262138X
8422621452
8422621789
8422622483
8422622769
8422625148
8422625474
8422625539
8422625865
8422627949
8422628031
8422628066
8422628732
8422629089
8422629895
8422630168
8422630907
8422631199
8422631946
8422636271
8422638266
8422639734
8422640325
8422640538
8422641240
8422643081
8422643170
8422643758
8422644398
8422645181
8422646978
8422647443
842264892X
842264924I
8422649381
842264987X
8422649888
8422650150
8422651572
8422652900
8422653184
8422653931
8422655381
8422655500
8422657104
842265783X
8422658984
8422660385
8422662167
8422662558
8422662612
8422663554
8422663988
842266416X
8422666162
8422667657
8422667738
8422667789
8422669854
8422671131
8422671379
8422671905
8422672731
8422672979
8422673975
8422674564
8422674769
8422675676
8422675714
8422676095
8422676486
842267680X
8422676877
8422677091
8422677889X
842267789X
8422678020
8422678314
842267842X
8422679396
842267940X
8422679582
8422679876
8422680823
8422682168
8422682249
8422682273
8422682346
8422683644
8422683881
8422684500
8422685221
8422685566
8422686066
8422686112
8422686252
8422686333
8422686473
8422686562
8422686570
8422686597
8422686600
8422686619
8422686635
8422686643
8422686651
842268666X
8422687178
8422687739
8422689073
8422689960
8422689987
8422690020
8422690187
8422690853
8422691647
842269249X
8422693393
8422693445
8422694557
8422694565
8422694603
8422695103
8422695367
8422696797
8422696908
8422697300
8422697351
8422697378
8422698250
8422698269
8422698277
8422698293
8422698307
8422698315
8422698323
842269834X
8422698366
8422698374
8422698382
8422698404
8422699176
842302423
842306315
8423300781
8423306607
8423307263
8423307328
8423309142
8423309177
8423309223
842330924X
8423309738
8423309835
8423310353
8423310701
8423311015
8423311309
8423312615
8423312712
8423313638
8423313944
842331460X
8423317293
8423318419
8423318486
8423320502
8423321592
8423322912
8423326543
8423327736
8423328651
8423329437
8423329860
8423329941
8423331172
8423331210
8423331962
842333211X
8423332209
8423332683
8423332896
8423333140
8423333159
8423333175
8423333205
8423333213
8423334058
8423334260
8423334686
8423406229
8423619893
8423625559
8423626806
8423640140
8423643247
8423645789
8423648990
8423651118
842365155X
8423654737
8423655156
8423655164
8423662152
8423663418
8423903060
842390346X
8423911411
8423915379
8423918017
8423918033
8423918106
8423918122
8423918351
842391836X
8423918521
8423918718
8423918807
8423919463
8423920011
842392002X
8423920038
8423921611
8423927075
8423927091
8423927369
8423951537
8423951596
8423958930
842395918X
8423962946
8423963403
8423964485
8423966496
8423970647
842397202X
8423972232
842397233X
8423972437
8423972569
8423972607
8423972771
8423973026
8423973263
8423973743
8423973972
8423974006
8423974219
8423974758
8423976645
8423977382
8423978397
8423979350
8423979369
8423979490
8423979741
8423979776
8423986233
8423987043
8423988724
8423988821
842399485
8423994996
8423995801
842399581X
8423995879
842399662X
8423998266
8423998657
8424114507
8424130111
8424131789
8424131878
8424137272
8424179196
8424504771
8424505271
8424673336
8424675010
842468013
8424681045
842468611X
8424686446
8424687159
8424924606
8425214807
8425309506
8425320364
842532176X
8425323363
8425325218
8425327059
8425332974
8425333296
8425333857
8425333970
842533411X
8425336279
8425336880
8425337208
8425337690
842542092X
8425422175
8425423090
8425509815
842610164X
8426105599
8426105726
8426108083
8426109071
842610908X
8426109772
8426109799
8426109942
8426114644
842611556X
8426116256
8426116523
8426117805
8426118550
8426119174
8426121365
8426121683
8426122108
8426155197
8426155596
8426313191
8426314325
8426316387
8426321720
842632455X
8426327346
8426327370
8426330436
8426341918
8426343031
8426403026
8426411142
8426411487
8426411886
8426426220
8426429955
8426430279
8426434029
8426495230
8426553133
8426951592001
8427002424
8427003846
8427004117
8427007450
8427010230
8427010850
8427015100
8427016883
8427021976
8427025513
8427025823
8427026218
8427026749
842702679X
842702682X
8427027532
8427027702
8427028121
8427028164
8427124902
8427200056
8427200528
842720079X
8427201079
8427201265
8427201389
8427202679
8427202741
8427202881
8427207042
8427207360
8427242441
8427249209
8427285035
8427285094
8427285248
8427285280
8427298013
8427900198
8427906471
8427908040
8427908644
8427925963
8427933800
842793431
8428210675
842860049
8428601135
8428604665
8428902712
8429306382
8429434852
8429434933
8429447547
8429448172
8429449256
8429710329
8429711341
8429712372
8429712798
8429713085
8429713948
8429714626
8429714936
8429715460
8429715894
8429717757
8429720154
8429720863
8429721460
8429724656
8429724664
8429725431
8429728872
8429729550
8429730680
8429731156
8429737227
842974004X
8429741410
8429741773
842974178X
8429741941
8429742379
8429743294
8429743936
842974424X
8429744266
8429744541
8429744878
842974505X
8429745149
8429745696
8429746013
8429746447
842974679X
8429748253
8429748946
8429749063
842974939X
8429749411
8429749748
8429750010
8429750851
8429750983
8429751319
8429752226
842975295
8429753419
8429753486
8429754261
8429754792
8429804838
8429805931
8430013172
8430304258
843030536X
8430570381
8430570411
8430571027
843057106X
8430571396
8430571418
8430571574
8430578447
8430580557
8430581200
8430594558
8430600639
8430604162
8430604987
8430605053
8430932933
8431001097
8431001437
8431006595
8431015586
8431019638
8431021683
8431105763
8431508000
8431509767
8431546557
8431623322
8431625856
8431634790
8431635746
8431637218
8431641401
8431702451
8432021105
8432021148
8432021172
8432021180
8432021504
8432021658
8432021903
8432035718
8432038369
8432038504
8432040398
8432048658
8432050946
8432053589
8432053945
8432055697
8432055913
8432055964
8432065587
8432065617
8432065625
8432068179
8432068209
8432070238
8432072567
8432082589
8432082597
8432087653
8432093483
8432122068
8432202835
8432203777
8432205311
8432205451
8432206008
8432206407
8432206725
8432207020
843220708X
8432207357
8432207667
8432207713
8432207780
8432207829
8432210897
8432210900
8432211362
8432215341
8432216062
8432216070
8432219282
8432219908
8432220035
8432220078
8432221511
8432221562
8432221600
8432221651
8432221775
8432221783
8432221910
8432222690
8432226017
8432227706
8432230065
8432230073
843223012X
8432230189
8432230308
8432231517
8432231541
8432240036
8432245933
8432247901
8432295051
8432296090
8432298509
8432310085
8432983640
8433018027
8433410393
8433420933
8433462008
843353503X
843353517X
8433551086
8433571001
843358460X
8433906410
843390650X
8433906801
8433906992
8433908243
8433908405
8433908758
8433908936
8433910868
8433910892
8433910981
8433911775
8433912283
8433912542
8433912739
843391454
8433914545
8433914553
8433914650
8433914693
8433914766
8433914774
8433914790
8433914820
8433914871
8433920057
8433920170
8433920235
8433920421
843392043X
8433920448
8433920472
843392057X
8433920588
8433920839
8433920847
8433920863
8433920995
8433924494
8433925180
8433925296
8433961578
8433966030
8433966049
8433966111
8433966146
8433966197
8433966324
8433966456
8433966634
8433966715
8433967088
8433967304
8433967401
8433967487
8433967606
8433968211
8433968378
8433968513
8433968963
8433968998
8433969021
8433969080
8433969161
8433969234
8433969285
843396951X
8433969528
8433969633
843396982
8433969978
8433970119
843397023
8433970232
843440267X
8434410990
8434411091
8434411679
8434444445
843447509X
8434534746
8434534789
8434552982
8434558084
8434580314
8434580330
8434582651
8434584670
8434584689
8434585995
8434587572
8434590441
8434808188
8434808706
8434808986
8434809028
8434809923
8434810018
8434810050
8434811375
8434811383
8434811391
8434811634
8434811677
8434811863
8434815397
843481613X
843482082X
8434821508
8434823535
8434824612
8434827484
8434829363
8434830809
8434830973
8434832003
8434837781
8434838087
8434838176
8434840391
8434840472
8434845091
8434845113
8434846861
8434847434
8434850915
843485094X
8434851857
8434851865
8434852497
8434852500
8434852861
8434853264
8434855143
8434856719
843485676X
843486178X
8434861836
8434862123
8434866196
8434871688
8434873028
8434873613
843487735X
8434877821
8434877856
8434878496
8434881330
8434886472
8434886863
8434887819
843489159X
8435000095
8435001334
8435001458
8435002195
8435008924
8435015068
8435015122
8435015521
8435015653
8435015955
8435016536
8435016722
843506.5103
8435099776
8435099806
8437101026
8437220432
8437502268
8437600014
8437600383
8437600537
8437600685
8437600723
8437600898
8437600928
8437601002
8437601142
8437601193
8437601231
8437601703
8437601797
8437601851
8437602130
8437602211
8437602262
8437602572
8437602920
8437603722
8437604117
8437604184
8437604575
843760494X
8437605121
8437605180
8437605229
8437605458
8437605601
8437605628
8437605679
8437605989
8437605997
8437606292
8437606608
8437606632
8437606780
8437607000
8437609178
8437609666
8437610923
8437610974
8437612241
8437612411
8437613671
843761371X
8437614147
8437614589
8437614651
8437614767
8437615607
8437617693
8437618053
8437620325
8437700191
8439001118
8439210450
843928036X
8439500017
8439500025
8439500300
8439509138
8439540086
8439545665
84395456733
8439555164
8439568460
8439569696
843957634X
8439576358
8439582439
8439582455
8439582463
8439582471
843958248X
8439582498
8439582501
843958251X
8439582528
8439582536
8439582544
8439582560
8439582579
8439582587
8439582633
843958282X
8439583257
8439584199
8439584210
8439584229
8439584237
843958475X
8439584776
8439584881
843958492X
8439585063
843958511X
8439585128
8439585365
8439587309
8439587791
8439588542
8439588569
8439588895
8439588968
8439588976
8439588984
8439588992
8439591586
8439591594
8439591888
8439592949
8439592957
8439595107
8439595778
8439596006
8439596162
8439596197
8439596448
8439598112
8439598459
8439598475
8439637071
8439642172
8439694474
8439701020
8439701098
8439701837
8439702035
8439702078
8439702086
8439702094
8439702116
8439702124
8439702167
8439702302
843970240X
8439702469
8439702582
8439702906
8439703155
8439703457
8439703899
8439704135
8439704151
8439704852
8439705085
8439705123
8439705158
8439707444
8439708653
8439708920
8439709188
8439709498
8439709927
843971713X
8439717210
8439719558
8439829671
843990650X
8440200064
8440200218
8440201656
8440202180
844020275X
8440203373
8440203519
8440203535
8440203543
8440203694
8440203926
8440204051
8440204159
8440205481
8440205678
8440205716
8440205724
8440205945
8440206283
8440206879
8440207700
8440207719
8440209177
8440210655
8440216556
8440216645
8440220626
84402207115
8440220952
8440220960
8440221053
8440221061
8440221754
8440222114
8440222149
8440461194
8440606389
8440606419
8440612850
8440616368
8440625030
8440627157
844062719X
8440627203
8440628811
8440629559
844063014X
8440630794
8440637128
8440637969
8440639910
8440641664
8440641834
8440642318
8440643586
8440644574
8440644582
8440648324
8440648367
8440650132
8440651260
8440652410
844065314X
8440655002
8440655010
8440655029
8440655207
8440658443
8440658699
8440658923
8440661665
844066169X
8440661800
8440663218
8440664346
8440664370
8440666608
8440666845
8440666926
844066785X
8440667884
8440668139
8440668708
844066883X
8440670265
8440670397
8440670729
8440672136
8440672322
8440672330
8440672659
8440673078
8440673086
8440673337
8440674104
8440674155
8440675445
8440675488
8440675518
8440675550
844067616X
8440676581
8440676654
8440676670
8440676697
8440676700
8440677219
8440677529
844067774X
8440677774
8440679319
8440679858
844068021X
844068066X
8440681674
8440682441
8440682697
8440684096
844068485
8440685505
8440685564
8440685866
8440686994
8440688288
844068844X
8440690134
8440690363
8440691475
8440691491
8440691955
8440693478
844069382
8440694350
8440694539
8440694628
8440694660
8440694687
8440694903
844069569
8440696248
8440696833
8440697414
8440697694
8440697945
8440699476
8440699786
8440800517
8441000034
8441000085
8441302758
8441313776
8441313857
8441317208
844134598
8441400156
8441402981
844140321X
844140352X
8441406243
8441406286
8441407487
8441409072
8441409099
8441409242
8441409277
8441412995
8441413355
8441501742
8441508291
8441509433
8441509689
8441511314
844151320
8443147400222
8445070320
8445070339
8445070371
844507038X
8445070703
844507119X
8445071394
8445071408
8445071416
8445071513
8445071521
8445071572
8445071769
8445071777
8445071793
8445071904
8445071955
8445072331
8445072897
8445072900
8445073028
8445073303
8445073451
8445073559
8445073818
8445073834
844507396
8445073966
8445073974
8445074059
8445074148
8445074334
8445074806
8445075004
8445075039
844550018X
8447300013
8447300048
8447300056
8447300145
8447300625
8447301206
8447301214
8447301222
8447301223
8447302075
8447305880
8447305899
8447306194
8447306208
8447306364
8447306976
8447306984
8447307336
8447307344
8447307581
8447308839
8447309290
8447309355
8447309789
844731202X
8447312038
8447312054
8447312070
844731207O
8447312089
8447313603
8447314375
8447315134
8447315142
8447315185
8447315193
8447315207
8447315215
844731720X
8447318079
8447318087
8447320790
844732141X
8447322270
8447322289
8447322734
8447329259
844733161X
8447333264
8447333760
8447333795
8447801160
8447903400
844803001X
8448030370
8448030389
8448030397
8448030451
844803046X
8448030478
8448030621
8448030966
8448031547
8448031946
8448032136
8448032683
8448034023
8448039068
8448039289
8448045017
8448112296
8448125150
844830067X
8448300680
8448301919
8448700015
8448700058
8448700511
8448700597
8448802861
8448902246
8448902378
8448907086
844890766
8449013828
8449013844
844901445X
8449300258
8449300401
8449303044
8449305659
8449308526
8449308534
8449408164
8449413737
8449416078
8449417848
8449500133
8449500206
8449500516
8449500524
8449501571
8449503027
844950348
844993348X
8450023238
8450504090
8450591481
8459900614
8460042073
8460408272
8460419657
8460536327
8460557677
8460607267
8460734293
8460761010
846413036
8466100962
8466107125
8466107312
8466200568
8466211136
8466300236
8466300279
8466300368
8466300406
8466300473
8466300570
8466300619
8466300678
8466301402
8466302158
8466302271
846630228X
8466302328
8466302360
8466302441
846630259X
846630276X
8466302948
846630326X
8466303316
8466303464
8466304630
8466304991
8466305033
8466305041
8466305084
84663056611
846630592
8466306234
8466306544
846630665X
8466306668
8466306773
8466306781
8466306919
8466307125
8466307540
8466307621
8466308113
8466309004
8466309233
8466309497
8466309578
8466310428
8466310533
8466310606
8466310827
8466311319
8466311408
8466312153
846631217X
846640080X
8466403809
8466404511
8466601856
8466604537
8466606335
846660684X
8466607110
8466608753
8466609024
846661043X
8466610499
8466610685
8466611622
8466612378
8466612815
8466616330
8467001275
8467001615
8467003383
8467004509
8467004655
8467004665
8467004975
8467004983
8467004991
8467010002
8467013249
8467014105
8467107553
8467201177
8467201266
8467201444
8467201487
8467201509
846720639X
8467206403
8467501952
8469991035
8470020404
8470021184
8470021346
8470022512
8470176811
8470178164
8470179322
8470307002
8470308645
8470350331
8470390244
8470390260
8470390279
8470391127
8470394134
847039455X
8470394819
8470410083
8470411098
8470801473
8470801716
8470805274
8470950444
8471483394
8471516039
847154136.X
8471541823
8471663457
8471665565
8471666731
8471690411
8471751054
8471752921
8471753111
8471753480
8471768267
8471782936
8471785420
8472026442
8472141152
8472228460
8472229955
8472230082
8472231089
8472232158
8472232255
8472232484
8472233642
8472234320
8472235306
8472235718
8472235955
8472236552
847223682X
8472236994
8472237699
8472237966
8472238008
8472238806
8472238911
8472239373
8472239381
8472239721
8472353575
8472450899
8472452859
8472453723
8472504751
8472570398
8472730654
8472792390
8472794369
8472917371
847291738X
8472917398
8472917401
8472917517
8472917630
8472917649
8472917657
8472917673
8472917681
8472917703
8472917711
847291772X
8472917865
8472917959
8472917967
8472917975
8472917983
8472917991
8472918009
8472918017
8472918025
8472918637
8472918645
8472918718
8472918726
8472918734
8472918742
8472918769
8472918777
847291903X
8472919048
8472919056
8472919064
8472919072
8472919080
8472919102
8473068971
8473200038
8473290593
8473290852
8473293398
8473480767
8473482085
8473504249
8473800370
8473855731
847386008X
847386199X
8473863216
8473863542
8473865111
8473866010
8473866762
8473893402
8473931076
8474100860
8474101298
8474101417
8474101719
8474103983
847410436X
8474104769
8474104823
8474104963
8474105161
8474105323
8474106818
8474107601
8474194768
8474233747
8474263123
8474442974
8474443571
8474444365
8474447518
8474448174
8474448239
8474763363
8474891019
8475023169
8475058965
8475060099
8475065287
8475071163
8475073697
847507507X
8475078427
8475079814
8475090451
8475097103
8475100481
8475159036
8475175899
8475176097
847522959X
8475251471
8475290019
847529040X
8475290442
8475291228
8475294901
8475296432
847529653X
8475296890
8475296998
8475300332
847530074X
8475303692
8475303757
8475306837
8475307310
8475307418
8475307531
8475307736
8475337392
8475514154
8475562221
8475612415
8475619266
8475670016
8475670288
8475670377
8475680524
8475681948
8475683258
8475742483
8475742661
8475776124
8475805418
847584121X
8475843077
8475882013
8475890164
847589064
8475960294
8475960715
8475961290
8475961460
847596172X
8475961762
8475962327
8475962653
8475965474
8475965822
8475966519
8475967027
847596776X
8475967876
8475968392
8475968651
8475969690
8475969798
847600060X
8476003156
8476021992
8476120001
8476158432
8476281072
847629610
8476297718
8476299885
8476340273
8476347510
8476405561
8476407548
8476510462
847651252X
8476517092
8476517815
8476555857
8476583141
8476602197
8476602340
8476603134
8476607946
8476670281
8476680929
8476692862
8476694210
8476716753
8476722184
8476722214
8476722338
8476722761
8476726228
8476726449
847672649X
8476726503
8476726546
8476726589
8476726627
8476726724
8476728123
847672909X
8476729286
8476729979
8476730136
8476803583
8476803613
8476803850
8476813708
8476813864
8476813937
8476831870
8476832249
8477021090
8477021473
8477021724
847702300X
8477196915
847720096
8477201447
8477203563
8477204055
8477205094
8477205426
8477207399
8477220026
8477220034
8477220484
8477220905
8477221057
8477222258
8477270082
8477271054
8477271321
847727164X
847727195X
8477272204
8477272514
8477272905
8477273243
8477273855
8477357862
8477358303
8477391912
8477470847
847765073X
847765154X
8477720088
8477720096
8477731829
8477731950
8477860408
8477867143
847786733X
8477943265
8478072950
8478082395
8478091106
8478093036
8478093119
8478093281
8478093362
8478095160
8478095241
8478099603
8478131078
8478132392
8478243313
8478243895
8478266054
8478332502
8478442014
8478442510
8478442588
8478442626
8478442790
8478442960
8478443223
8478443320
8478443487
8478443746
8478443827
8478443843
8478444203
8478444211
847844422X
8478445161
8478445641
8478446117
8478446400
8478446761
8478447105
8478447229
8478710779
847871092
8478800336
847880322X
8478807934
8478808183
8478808620
8478809155
8478809503
8478809783
8478821716
8478821775
8478821791
8478822216
8478822224
8478823093
8478824022
8478824162
8478841938
8478880666
8478881344
8478881557
8478882472
8478882510
8478883126
8478884025
8478884459
8478884661
8478884831
8478884955
847888498X
8478885196
8478885218
8478885463
8478885749
847888601X
8478886451
8478886508
8478886559
8478887040
8478887342
8478887350
8478887423
8478888330
8478888705
8478888845
8478950257
8478950842
8478974210
84790104405
8479010851
847901363X
8479017694
8479018070
8479018682
8479019328
8479084219
8479084227
8479270039
8479270233
8479274182
847953191
8479534087
8479600977
8479693223
8479792523
8479873535
847992170
8479926147
8480100273
8480680547
8480740167
848088455X
84809400609
8480940093
8480953187
8481082961
8481091197
8481091758
8481092908
8481163279
8481300004
8481300039
8481300071
8481300233
8481300500
8481300586
8481300659
8481300683
8481300705
848130073X
8481301116
8481301167
8481301183
8481301191
8481301213
8481301248
8481301264
8481301310
8481301485
8481301507
8481301531
8481301647
848130168X
8481301795
8481301809
8481301884
8481301892
8481301973
8481302007
8481302104
8481302139
848130218x
8481302198
8481302414
8481302449
8481302473
8481302554
8481302562
8481302635
8481302643
8481302651
8481302791
8481302805
8481302813
8481302899
8481302910
8481303054
8481303151
8481303445
8481303631
8481303704
8481303895
8481304417
8481304689
8481304956
8481305081
8481305189
8481305235
8481305243
848130526X
8481305324
8481305383
8481305596
848130560X
8481305642
8481360244
8481362085
8481362417
8481362638
8481363502
8481720151
8481911852
8481912581
8481982075
8482112236
848216015X
8482180088
848218024X
8482180436
8482189875
8482230336
8482370588
8482381334
8482381342
848238158X
8482395467
8482396676
8482561642
8482561898
8482562681
8482568965
8482643118
8482643479
8482643940
8482643991
8482644483
8482662716
8482670174
8482806167
8482860046
8482861328
8482863126
8482863495
8482864858
8482867482
8482880365
8482881256
8482881361
8482881744
8482883550
8482885065
8483002507
848300268X
8483003066
8483004712
8483005123
8483005565
8483006022
8483006456
8483006529
84830068477
8483006993X
8483007010
8483007169
8483008505
8483008939
8483009595
8483009803
8483022095
8483022613
8483024136
8483024705
8483027941
848302831X
8483028794
8483061066
848306233X
8483064707
8483065681
8483069504
8483072025
8483100630
8483101337
8483101610
8483101955
8483102188
8483102358
8483105047
8483105365
8483105373
8483105543
8483105802
8483105896
8483106019
8483106159
8483106574
8483106671
8483108208
8483140004
8483140659
8483221306
8483231328
8483255898
8483256541
8483280213
8483310023
8483314592
8483319101
8483319616
8483319675
8483360853
848339462
848339640
8484031489
8484031845
8484032078
8484032884
8484033759
8484033856
8484034003
8484034097
8484034453
848403447X
8484034488
8484034534
8484035697
8484035832
8484036383
8484037592
8484110036
8484214990
8484219844
8484313247
8484318575
8484330478
8484332039
8484370178
8484376362
8484411036
8484411664
8484411877
8484470857
8484470970
8484470989
8484471209
8484482782
8484490068
8484490238
8484491781
8484500012
8484500039
8484500152
8484500160
8484500217
8484500241
8484500292
8484500349
8484500489
8484500519
8484500624
8484500632
8484500640
8484500934
8484501272
8484501280
8484501302
8484501450
8484501620
8484501655
8484501876
8484501965
8484502074
8484502082
8484502236
8484502406
8484502414
8484502562
8484502864
8484503089
8484503097
8484503119
8484503658
8484503941
848450395X
8484504182
8484504298
8484504328
8484504336
8484504352
8484504638
8484505014
8484505049
8484505294
8484505669
8484505804
8484506118
8484506363
8484506630
8484506711
8484507017
8484507343
848450767X
8484507831
8484507858
8484507912
848450820X
8484508269
8484508455
8484508595
8484508633
8484508773
8484508803
8484509125
8484509141
8484509850
8484530531
8484531341
8484601072
848460120X
848460229X
8484602508
8484603326
8484611493
8485211111
8485224027
8485224051
8485224086
8485224108
8485224140
8485224574
8485224752
8485334744
8485337255
8485337492
8485346300
848538864X
8485455061
848545507X
8485471679
8485483227
8485501217
8485609980
8485626443
8485641329
8485704126
8485752406
8485764773
8485781155
8485820673
8485858271
8485900057
8485900197
8486115299
8486167388
8486197554
8486311144
8486449022
84864780801
8486478456
8486478952
8486491223
848652900X
8486542480
8486575206
8486587409
8486675367
8486675480
8486717345
8486766672
848688313x
8486883156
8486888008
8487169694
8487251439
8487330533
8487435122
8487435165
8487464939
8487484484
8487484492
8487484506
8487484549
8487507301
8487507735
8487507808
8487535194
8487812139
8487943411
8488015712
8488303483
8488337094
8488337930
8488413432
8488413750
8488471009
8488550189
8488574517
8488659407
8488669100
8488671733
8488689462
8488730179
8488791518
8488791634
8488914113
8488944497
8488991118
84890774371
8489080941
8489163499
8489240175
8489396523
8489452806
8489582610
8489618623
8489618844
8489660247
848966921X
8489669309
8489669325
8489669449
8489669457
8489669465
8489669597
8489669600
8489669635
8489669651
848966966X
8489669724
8489669759
848966983X
8489691878
8489693773
848971472X
8489715408
848971584X
8489771030
848985484X
8489859442
8489966338
8489979235
8489979243
8489979413
848997943
8492000813
849204683X
8492224579
8492245506
8492386908
8493058777
8493061301
8493152064
8493189375
8493200425
8493225045
8493225061
8493240222
8493252816
8493264520
8493264547
849326542X
8493270229
8493303852
8493327727
8493337951
8495002175
8495007657
8495037327
8495121263
8495177072
8495239329
8495311046
8495311348
8495318369
8495354160
8495354195
8495354632
849535473X
8495359537
8495407280
849540768X
8495407809
8495470020
849549809X
8495501007
84955010301
8495501074
8495501171
849550121X
8495501236
8495501252
8495501279
8495501325
8495501384
8495501457
8495501511
849550152X
8495501619
8495501627
8495501651
849550166X
8495501783
8495583127
8495589648
8495589834
8495594005
8495594161
8495601133
8495601710
8495616017
8495616254
8495618109
8495618389
8495618435
8495618494
8495618605
8495700271
8495712415
8495752026
849575231X
8495763567
8495787555
8495796854
8495825260
8495875961
8495882213
8495894122
8495908557
8495908751
8495965054
8495965720
8495965747
8495971010
8495971070
8495971119
8495971216
8495971410
8495971429
8495971445
8495971763
849597181X
8495971860
8495980010
8495980150
8495980185
8495980215
8495980274
8495980479
8495980525
8495980568
8496075214
8496075389
8496075591
8496075605
8496075613
8496075621
8496075648
8496075656
8496075672
8496075680
8496075710
8496075729
8496075737
8496075761
849607580X
8496075834
8496075842
849607594X
8496077152
8496077209
8496088014
8496103102
8496136280
8496136426
8496142000
8496142035
8496142043
8496142051
8496142175
8496142183
8496142310
849614237X
8496142485
8496142590
8496173003
849618000X
8496180018
8496180026
8496180034
8496180042
8496180050
8496180069
8496180085
8496200604
8496200752
8496231054
8496246086
8496246140
8496246167
8496246175
8496246221
8496246329
8496246418
8496246426
8496246434
8496246582
8496246620
8496246701
8496246752
8496246795
8496246809
8496246833
8496280012
8496360008
8497080599
8497080955
849710031X
849710045X
8497100468
8497340752
8497350146
8497350588
8497460723
8497461088
8497461495
8497461517
8497590252
8497590376
8497590465
8497590538
8497590597
8497590694
8497590767
8497590899
8497591259
8497591917
8497592050
8497592204
8497592247
8497592433
8497592506
8497592581
8497592611
8497592646
8497592778
8497592905
849759293X
8497593189
8497593197
8497593251
8497593308
8497593359
8497593480
8497593588
8497593650
8497593774
849759391X
8497593944
8497594258
8497594312
8497594886
8497594888
8497594894
8497595017
8497595327
8497595696
849759617X
8497596315
8497596390
8497596668
849759679X
8497597109
8497597117
8497597656
8497597885
8497598032
849759813X
8497598334
8497598563
849759875X
849759889X
8497598911
8497620437
8497630432
8497641370
8497642805
8497643577
8497643682
8497644484
8497830326
849783058X
8497830601
8497890116
8497890965
8497891309
8497893816
8497930827
8497931467
8497931610
849793251X
8497933095
8497933184
85.209.01484
85.254.12333
85.326.06636
85.326.18456
85.326.2958X
8500007974
8500009101
8500009713
8500010428
8500013230
8500116951
8500412399
850061675X
8500801190
8500912596
8501012076
8501014877
8501019437
8501035289
8501041084
8501041300
8501043222
8501046019
8501060445
8501067113
8501068330
8501915505
8506503787
85069125
85080070993
8508029748
8508040016
8508040822
8508040830
850804318X
8508046030
8508046642
8508052170
8508052928
8508052995
8508054319
8508055587
8508057512
8508065183
8508067712
8508067976
8510194300
8511046019
8515014920
8516008177
8516009505
851602141
8520501826
8520903096
8520912427
8521312490
8521612613
8521902069
8521902247
8521902255
8525002186
8525002402
8525005037
8525010995
8525017655
8525017663
8525033464
8525033472
8525404373
8525412449
8526001779
8526003070
8526003364
8526205412
8526219278
8526238426
852804848
8528608301
8529400437
8530806956
8531102340
8532215300
8532216579
8532501028
8532506240
853250888X
853251166X
8532513735
853251507X
8532515363
853260851
8533203799
8533607563
8533615167
8534902844
8535900586
853630623
8571234582
8571640696
8571641498
857164327X
8571644756
8571644950
8571648395
8571648972
8571649375
8571649944
8572323104
8572325638
8572342540
857237528
8572820922
8573020474
8573022159
8573022396
8573022744
8573022876
8573023384
8573024089
8573024771
8573123303
8573211415
857374.7366
8574023213
8574023477
8574024082
8574130907
857420336X
8575810138
85852470291
8585418796
858542821X
8585466960
8585469781
8585490268
858587984X
8586075957
8586488070
8586821071
8587122061
8587333240
8587333259
8587333275
8587333283
8587333291
8587333305
858733333X
8587333348
8587791052
8588791021
858879103X
8588791056
8598078018
8611087550
8611147057
8611165985
8637100236
8639300267
8661196837
8674360645
8674460232
8681283405
8690282939
8691103247
8700386065
8700462284
8700550612
8701043145
8711081155
8711088192
8714193523
8714194910
871787532
8721014213
8732500328
8735730669
8742972906
8742974410
87500671
8755323197
8756903480
8757006253
8757012784
8758303642
8759500034
8759500344
8760800143
8772587091
8773247367
8774900765
8778803616
8779010784
87799912
87812797
8804057335
8804059125
8804119144
8804196343
880423606X
8804236078
8804258608
8804279737
8804284757
8804291613
8804294078
880430281X
8804303069
88043077730
880431169X
8804311703
880431463X
8804314842
8804315X
8804319844
8804320095
8804320257
8804320559
8804321008
8804323671
8804325038
880432578X
880432581X
8804325968
8804326212
8804326387
8804328088
8804329424
8804330937
8804331402
8804334835
8804334878
8804338571
8804339497
8804339993
8804340347
8804340592
8804342609
8804342838
8804346043
8804347007
8804347260
8804347368
8804350318
8804352507
8804357983
8804358068
8804358092
8804359080
8804359277
8804360976
8804361204
8804361581
8804366419
8804367377
8804368144
8804368861
8804369760
8804370130
8804370637
8804370866
8804370874
8804372192
8804375582
8804375906
8804375914
8804375922
8804376554
8804376619
8804379901
8804380950
880438171X
8804382449
8804383224
880438347X
8804384387
8804388730
8804390271
8804390298
8804390662
8804390727
8804394641
8804394714
880439594X
8804396105
8804396156
8804397225
8804397527
880439904X
8804399996
8804400110
8804400870
8804401222
8804401842
8804402881
8804403012
8804405090
8804406828
8804407824
8804407859
8804408154
8804408782
8804408820
8804408871
8804408898
8804409118
8804410140
8804411171
8804412828
8804413441
8804413476
8804413557
8804413662
8804413832
8804415266
8804415665
8804415940
8804416181
8804416513
8804416777
8804418222
8804418370
8804419172
8804419466
8804419741
8804419806
8804420863
8804421843
8804422416
8804422890
8804422904
8804424605
8804425326
8804425903
8804427426
8804427590
8804427744
8804429526
8804430044
8804431725
8804432675
8804433434
8804433515
8804434732
8804435526
8804436182
8804437693
8804437995
8804442166
880444438X
8804446285
8804446870
8804447869
8804448571
880444892X
8804448997
880445105X
8804452757
8804454636
8804454849
8804454865
880445668X
8804457546
8804457805
8804457813
880445878X
8804460296
8804460490
8804464046
8804464542
8804464895
8804465905
8804465913
8804466863
8804467053
8804467061
8804467630
8804468769
8804469102
8804469404
8804469722
8804470895
8804470909
8804472987
8804474793
8804475331
8804476583
8804476796
8804477733
8804477806
8804478586
8804479094
8804479272
8804480416
880448059X
8804483148
8804483199
8804483369
8804483385
8804483474
8804483482
8804484616
8804486074
8804486201
880448683X
8804486856
8804487658
8804487682
8804487690
8804487712
8804487801
8804488255
8804489448
8804489472
8804491574
8804492066
8804492104
8804492163
8804492465
880449252
8804492694
8804493011
880449509X
8804497432
880449817X
8804501227
8804501472
8804503912
8804504110
880450616
8804507454
8804507543
8804507993
8804508469
8804509414
8804509554
8804510692
8804512512
8804512814
8804513314
8804514531
880451471X
8804515465
8804516658
8804516844
8804517921
8804518987
880451986X
8804520205
8804520620
8804521686
8804522232
8804523379
8804523417
8804524545
8804525134
880452572X
880452944X
880501738
880501821X
8805052612
8805052957
880505402X
8805058998
880603099X
88061136321
8806114522
880611587
8806116053
8806116770
8806117858
8806118277
8806118293
8806127381
8806127616
8806128175
8806129376
8806129821
8806134817
8806135309
8806135597
8806136151
8806136402
8806136658
8806136968
8806137050
8806138383
8806138391
8806138979
8806139843
8806140639
8806140957
8806141139
880614152X
8806142100
8806142682
8806143042
8806143549
8806145088
8806146343
8806147439
8806148664
8806151681
8806151762
8806152068
8806152211
8806152238
8806153145
8806153390
8806153994
880615494X
8806155172
88061551800
880615527X
8806155873
8806157957
8806158481
8806158848
8806158902
8806159623
8806161741
8806162160
880616368X
8806163698
8806164139
8806166239
8806166484
8806167960
8806168444
8806168754
8806296604
8806325167
8806330683
8806354108
8806409077
8806444794
8806522337
8806581562
8807014092
8807014440
8807014467
8807014815
8807014955
8807015633
880701601X
8807016354
8807016400
8807081563X
8807170698
8807170701
8807700476
8807701022
8807701170
8807701189
8807701251
8807701375
880770143
8807701510
8807803348
8807803380
8807804506
8807806746
8807809672
8807809907
8807809990
880781000
880781000X
8807810212
880781031X
8807810549
8807810557
880781076
8807810778
8807810794
8807811022
8807811073
880781112X
8807811189
8807811421
8807811588
8807811936
880781210X
8807812207
8807812436
8807812444
8807812487
8807812495
8807812576
8807812630
880781272
8807812770
8807812800
8807812886
8807812940
8807812952
8807813025
8807813157
8807813319
8807813327
8807813386
8807813483
8807813602
8807813645
8807813793
8807813815
8807813823
8807813858
8807813939
8807813947
8807813998
8807814080
8807814099
8807814234
880781434X
8807814684
8807814900
8807814935
8807814986
8807815206
8807815303
880781532X
8807815419
8807815494
880781563X
8807815753
8807815761
8807815923
8807816016
8807816032
8807816059
8807816067
8807816318
8807816806
8807816814
8807817039
8807817187
880781725
8807820625
8807820668
8807821184
8807821427
8807840081
8807840103
8807840243
8807840251
8807840324
8807920026
8807920441
8808031071
8809011996
8809017528
8809020871
8809023099
880902407
8809206126
8809209303
8809214153
8811020328
8811062577
8811361982
881136230X
8811548985
8811584582
8811587603
8811593905
8811620317
8811661129
8811666902
8811667046
8811668204
8811669472
8811669731
8811669901
8811671159
8811685486
8811910285
881191034X
8815070516
8816403780
8817106100
8817106119
8817106259
8817106267
881711191
8817113077
8817113387
881711348
8817113484
881711359X
8817113972
8817114111
8817114170
8817115207
8817115827
8817120014
8817120038
8817120413
8817120901
8817125261
8817125539
8817126438
881712947X
8817129488
8817131628
8817132438
8817134899
8817140325
8817150134
8817150193
8817150207
8817150428
8817150479
8817150924
8817150932
8817151149
8817151157
8817151262
8817151270
8817151890
8817152722
8817153109
8817153567
8817165840
8817166901
8817169455
8817170070
8817202266
8817210218
8817537551
8817660434
8817660590
8817660760
8817661031
8817664243
8817670421
881767043X
8817673013
8817673390
8817674087
8817677043
8817840718
8817842125
8817844306
8817851493
8817860751
881786207X
8817862517
8817863254
8817864277
8817866652
8817867012
881786983X
8817870072
881787017X
8817870579
8819823413
8820003643
8820009838
8820017865
882002117X
8820024381
882002438186I
8820026945
882002778X
8820032295
882003266X
8820035669921
8820103532
8820114216
8820114690
8821162028
8821508218
8821517527
8822101790
882211311X
8823411912
8824103758
8824105300
8824701930
882470476X
8824704891
8824706746
8824710220
8825609655
8825900112
8825900953
8825901402
8825901410
8827205616
8827215166
8828600144
8828600667
8828600942
8828601663
8830408875
8830414182
8830415987
8830419788
8831504037
8831508407
8831509837
8831521950
8831760122
8831767941
8831781006
8834009916
8834403088
883440534X
8834413490
8834702050
8834703871
8834705440
8834705963
8834706080
8834707613
8834707907
8835061148
8835074517
8835601479
8835940028
8835940125
8835940168
8835943205
8835943213
8835943981
8835951062
883721006X
8838435081
8838435197
883843607X
8838436568
8838442967
8838443610
8838446296
8838454108
883845518X
8838455422
8838455473
883847807
8838910170
8838910987
8838912343
8838913196
8838914052
883891544X
8838916225
8838917353
883891818X
8838918600
8839709878
884036255X
88409806609
8841002891
8841514116
8841517387
8841800631
8841802170
8842040444
8842483079
884248315X
8842483575
8842483583
8842483605
884248363X
8842483648
8842513113
8842522929
8842582565
8842582581
8842611026
8842611042
8842806978
8842907464
8842909920
8842912816
8843802356
8843804286
8843804790
884394293
8844001787
8844003844
8844004662
8844006940
8844010174
8844010182
8844011626
884401336X
884502301X
884504257X
8845121550
8845123294
8845126064
8845171140
8845201155
8845202259
8845202305
8845203522
8845203654
8845207536
8845211967
8845213145
8845215598
8845215989
8845216950
8845217205
8845217256
8845217329
8845220516
8845222101
8845222950
8845225941
8845226794
8845227669
884522886X
8845229467
884523018X
8845231836
8845237303
8845242617
8845243125
8845246574
8845246604
8845247414
8845247465
8845249778
8845251578
8845251888
8845252906
8845290069
8845290077
884540238X
8845407039
8845408205
8845408574
8845410072
8845410692
884541096X
8845418243
8845420965
8845421643
8845422615
8845422968
8845423050
88459016002
8845901602
884590184
884590184X
8845901858
8845902803
8845903338
8845906868
8845906876
8845907120
884590718X
8845907295
8845907333
8845907341
8845908143
8845908801
8845909344
8845909557
8845909840
8845911209
8845911446
8845913791
8845914305
8845914461
884591447X
8845914550
8845914933
8845915034
884591531X
8845915611
8845916103
8845916642
8845916731
8845917592
8845917940
8845918319
8846200012
884620002
8846200039
8846200063
8846200144
8846200292
8846200349
8846200365
8846200381
8846200500
8846200578
8846200659
8846200683
884620090X
8846200934
8846200969
8846201019
8846201086
884620137
8846201515
8846201574
8846201825
8846201833
8846201841
8846201973
8846201981
8846202023
8846202147
8846202228
8846202295
8846202309
8846202325
8846202430
8846202465
8846202473
8846202503
8846202570
8846202864
8846610202
8846810473
8847701759
8847712009
8847712211
8848102433
8849403577B
8849419856
8850200005
8850200579
8850200927
8850202660
8850203152
8850205961
8851520003
8851520267
885152033X
885471345
885940249
8870267709
8870310248
8870311848
8870680096
8870680940
887068136X
8870681807
8870682234
8870682250
8870682617
8870684652
8870684989
8870685993
8870689247
8870785300
8870910091
8870910415
887091089X
8871003535
8871003543
8871004140
887100602X
8871007719
8871009134
8871060008
8871081595
8871083008
8871199987
8871223357
8871223470
8871224345
8871224353
8871225619
8871226100
887133356X
8871480991
8871520122
8871527704
8871663337
8871723864
8871801253
88718395
8871921518
8872031745
8872160707
8872160731
887226152X
8872261872
8872263166
8872263700
8872263964
887227840
8872730414
8872730619
8873057705
8873058345
8873058647
8873058833
8873122887
8873122933
88741800047
8874181159
887424132
8874330154
8874330170
8874330367
8874330456
8874330472
8874330588
8874330766
8874331053
8874331134
8874762003
8874960107
8874973632
887641035X
887641083X
8876412867
8876412972
8876412980
8876413073
8876413790
8876414673
887641486X
8876415130
8876415785
8876694927
887684108386I
8876842527
8876843205
8876843884
8876844139
8876844791
887684760X
8876862404
8876862447
8876866906
8876924094
8876924604
8876924698
8876925066
8877420030
8877423862
887746691X
8877468122
8877468300
8877469455
8877469838
8877471689
8877541261
8877706066
8877820535
8877824875
887782512X
8877829826
8878181447
8878182397
8878182419
8878182427
8878182885
8878184381
887818490X
8878185442
8878186716
8878186880
8878188212
887818876
8878188824
8878190098
8878190195
8878190381
8878190853
8878190861
8878191388
8878193100
8878193526
8878193968
887819428X
8878194352
8878194891
8878195820
8878196991
8878197351
8878197912
8878198900
887819946X
8878199915
8878199923
8878240087
8878240265
8878240303
8878242624
8878242780
8878243760
8878244570
8878244716
8878245283
8878245607
8878245992
8878246522
8878248053
8878939063
8879261096
8879261525
8879261541
8879262580
8879286404
8879442988
8879720465
8879722247
8879723111
8879724029
8879724673
8879725165
8879830023
8879830058
8879830139
8879830155
8879830163
8879830546
8879830562
8879830643
8879830651
8879830678
8879830694
8879830759
8879830821
887983083X
8879830848
8879831100
8879831151
887983116X
8879831208
8879831372
8879831410
8879831429
8879831526
8879831674
8879832190
8879832204
887983245X
8879832492
887983259
8879832832
8879832956
8879833146
8879833197
8879833537
8879833553
887983360X
8879833642
8879833685
8879833790
8879833812
8879834207
8879834223
8879834371
887983438X
8879834517
8879834533
8879834614
887983469X
8879834711
8879835068
8879835181
8879835327
8879835408
8879835424
8879835610
8879835688
8879835696
8879835734
8879835831
887983584X
8879835858
8879835874
8879835882
8879836102
8879836488
8879836900
8879837184
887983732X
8879837370
8879837664
8879837923
8879837931
8879838288
887983830
887983830X
8879838350
887983861X
8879838660
8879838725
8879839063
887983911X
8879839225
8879839306
8879839624
8879839845
887983990X
8879839993
8879840827
8880190628
888019092
8880570501
8880571788
8880891766
8880891901
8880892118
8880892207
888089336X
8880893971
8880894536
8880897470
888089787X
8880899880
8880933817
8881110040
8881110059
8881110156
8881110199
8881110288
8881111039
8881111055
8881111136
8881111209
8881111314
8881111322
8881111438
8881111470
8881111527
8881111578
8881111594
8881111667
8881111713
888112033X
888112338X
8881123533
8881123983
8881124254
8881243962
8881294850
8881541688
8881801507
8881830078
8881830183
8881830221
8881830353
8881830426
8881830663
8881830841
888183085X
8881830868
8881830884
8881830892
8881830906
8881830914
8881831244
888183152X
8881831562
8881831570
8881832100
8881832259
8881832909
8881833204
8881833239
8881834073
8881834863
8881835177
8881835657
8881835738
888183619X
8881836890
8881836939
8881837234
8881837293
8881837323
8881839563
8881930625
8882102556
8882370488
8882460746
8882460827
8882461394
8882461521
8882462226
8882463141
888246315X
8882463672
8882463923
8882463958
8882464164
888246427X
8882466140
8882740579
888274129X
8882741486
8882741931
8882742369
8882742970
8882743691
8882743829
8882743942
8882744442
8882744493
8882746097
8882891496
8882892204
8882892719
8882893375
8882896714
8882902617
8883641361
8884100453
8884140807
8884510538
8884511607
8884513413
8884900492
8884901235
8885165893
8885405274
8885412522
8885414672
8885982131
8885987702
8885988083
8885989403
8886026153
888604237X
8886350805
8886528000
8886528001
8886586426
8886676697
8886676956
8886713886
8886809417
8886819536
8886845081
8886845634
8887011303
8887291721
8887409064
8887433313
8887433321
8887517932
8887592306
8887592322
8887692092
8887750017
8887762074
8887765367
8887765472
8887775206
8887881197
8887913056
8887923043
8887923175
8887923418
8887936641
8888042396
8888155031
8890789051
8890877701
8897812800
89473592
8971007815
897580363
8983140674
8983141972
8983142278
8983142545
898314369X
899792145
9001548032
9001548210
9001548431
900154875X
900154877G
9001549209
9001549616
900155038X
9001553664
9001555926
9001561160
900548156
9010029425
9010049736
9012089611
9020276867
9020422375
9020426052
9020664174
9021466937
9021474700
902148451X
902149129X
9021510464
9021513994
9021585383
9021597268
9021597462
9021617633
9022514463
902251899X
9022520803
9022520994
9022521788
9022525430
9022526143
9022530450
9022945987
9022971155
9022979415
9022982785
9022984583
9022990494
9023412389
9023430212
9023435850
9023439651
9023501462
9024219523
9024347637
9024504295
902450841X
9024509629
9024511593
9024526663
9024537533
9024538718
9024538785
9024539242
9024542162
9024544521
9024545595
9024546354
9024547733
9025269648
9025402267
902541494X
9025469760
9026910525
9026941641
9026966938
9026981481
9027412952
9027439028
9027471401
9027472637
902820833X
9028419537
9029007125
9029012730
9029015853
9029052406
9029055405
9029058552
9029058676
9029070781
9029072172
9029500956
9029517751
9029522321
9029522429
9029528893
9029561505
9029983064
9035125088
9035125398
9036612896
9037428754
9038412479
9038826818
9038827067
9038880448
9038914393
9041300139
9041300163
9041300325
9041350233
904140500
9041405674
9041702903
9041703381
9041711082
9041720138
9043904600
9044301330
9044301624
9044302248
9044305573
9044309897
9044502026
9044502107
9044502166
9044503871
9044600362
904460175
9044925075
9044929534
9044952121
9044980017
9045007436
9050004458
9050005241
9050006043
9050180213
9051086695
9052406006
9053300554
9053330569
9053336397
9053525890
9053561382
9053565280
9054442093
9054442190
905513113X
905513369
9055990302
9056411071
9057132230
9057134543
905713571X
9057137933
9057680254
9057868059
9057970716
9058312488
9059042049
9059360249
9060051785
9060052420
9060745191
9061695538
9062130585
9062139019
9062650147
9062914845
9063050852
9064697663
9065556176
9066481439
9066481471
9066653817
9066655445
9066920785
906754678X
9067661244
9067661996
9067662208
9068060465
9068061127
9068061224
9068061917
9068062409
9068062506
9068340344
9069635305
9069742772
906974290X
9069745003
9070066041
9070066505
9070066807
9070066882
9070066882/CI
9070092441
9070506041
907065699X
9074336256
9074336299
9074336329
9074336396
9074336469
9074336582
9074336639
9074336701
9074336825
9074336981
9075858019
9076174148
9076410222
907674199
9080447536
9090061592
9100101923
9100479039
9100566837
9100575704
9100579211
9113006282
911319661
911744232X
9117920418
9119125615
9119129610
9119514913
911951591X
9127098818
9129493374
9132108230
9132115296
9132131089
9132140045
9132322658
9132323506
913232362X
9132429924
9137057944
9137060600
9137119966
9140033244
9143000371
9143040578
9143199690
9146133690
9146135995
9146163107
9146169806
9146180117
9146200177
914787567
9148504866
9150205382
9153421388
9158202021
915821724X
9163834618
9163835444
9164022951
9170210667
917024619X
9171022406
9171193596
9171331751
9171339752
9171396063
9171601481
9172212683
9172421150
9172630124
9172630450
9172632917
9174480103
9174480200
9174480227
9174480499
9174480634
9174480650
9174480731
9174484389
9174485032
9174486055
9174487892
9174489267
9174489585
9175740133
9175882418
9176420108
9176420760
9176425630
9176425797
9176428613
9176428796
9176431304
9176433870
9176434087
9176434656
9176435245
9176435326
9176436470
9176436950
9176437183
9176437795
9176437833
9176438236
9176438503
9176438600
9176438694
9176438910
9177076257
9177090438
917709171X
9177093569
917711762X
9177983653
9188916006
9189618335
9189646045
9197305294
920207022
9231017012
9232024756
9241568482
9277102980
928277595X
93.30.07.39
9312796000807
9323456296737
94033211
9420634808
946708109X
950028359X
9500285339
9500301245
9500359081
9500362406
9500362643
9500406977
9500416387
9500416689
9500417561
9500418606
9500422298
9500422824
9500423707
950042410X
9500512343
9500703203
9500704145
9500707756
9500711427
9500714256
9500715309
9500717697
9500719193
950072040X
9500720418
9500720426
9500722771
9500723549
950072359X
9500723832
95007240X
9500801663
9500801973
9500814005
950081417X
9500815214
9500821125
9501290670
9501505456
9501505790
9501512290
950151546X
9501516822
9501518434
9501518442
9501519511
9501519538
9501520021
9501902315
9504001068
9504604730
9504904599
9504906087
9504907210
950491036X
950510863
9505112033
950511446X
9505115571
9505116721
950511673X
9505117477
9505156642
9505156944
9505470010
9505500203
9505812744
9506144656
9506410860
9506510695
950731332X
9507313710
9507313729
9507396403
9507398082
9507421459
9507424202
950742895X
9507530193
9507682074
9507860568
9508521481
9508570156
9509009059
9509439096
9510000868
9510003832
9510022233
9510024007
9510056456
9510057576
9510066184
9510070777
9510075205
9510091707
9510093556
9510093688
951009871X
9510099716
9510101494
9510107069
9510108553
9510112224
951011376X
9510116254
9510119342
9510121150
9510121711
9510121878
951012642X
9510129046
9510130486
9510130516
951013449X
9510134554
9510140112
9510140988
9510142727
9510144363
9510145742
9510146021
9510152323
9510152641
9510152722
9510152859
9510154946
9510156035
9510158453
9510160113
9510165131
9510167177
9510169692
9510170100
9510170682
9510171905
9510173894
9510180823
951018943X
9510189510
9510189669
9510195030
9510196118
9510196223
9510199184
9510202975
9510204099
9510204900
9510208132
951021258X
9510218898
9510222011
9510222313
9510223603
9510225320
9510225347
9510226866
951022829X
9510233838
9510234176
9510235350
9510238104
9510238120
9510243809
9510245968
9510253251
9510258288
9510258296
9510260738
9510262749
9510272353
9510273155
9510276804
9510278645
9510279307
9510281239
9510282855
951100655X
9511016024
9511022598
9511051334
9511061562
9511066900
9511077805
9511079808
9511080350
951108285X
9511095943
9511105213
9511105582
9511106279
9511111485
9511111531
9511112791
9511114891
9511122096
951112496X
9511125044
951112921X
9511135333
9511143832
9511144197
951114426X
9511144529
9511145320
9511146122
9511149628
9511154168
9511154621
951115463x
9511155423
9511157418
9511158163
9511158678
9511161075
9511161237
951116175X
9511161857
9511162446
9511163469
9511163558
951116502
9511165208
9511167839
9511168681
9511168932
9511169327
9511171380
9511172115
9511172298
9511173758
9511175114
951117620X
9511176730
9511177168
9511181408
9511181939
9511181971
9511183214
9511186442
951119108X
9511194011
9512026015
9512028271
9512045788
9512046873
9512050544
9512052873
9512054302
9512056232
9512307367
9512307707
9512319942
9512325470
9512326299
9512326841
9512328178
9512333724
9512335379
9512335646
9512335840
9512336928
9512340496
9512341115
9512341123
9512342421
95125740915
951261636X
9512624990
9512629968
9512634570
9512635607
9512636212
951283832
9513030113
9513030954
9513036367
9513055477
9513059014
9513064603
9513089460
9513092534
9513092887
9513094371
951309569X
9513098214
9513102688
9513103757
9513103765
9513108147
951310902X
9513112128
9513113167
9513113183
9513116220
9513121372
9513508978
9515212731
9515402743
9515710154
9515770114
951578512X
9515786649
9515786657
9515787718
9515788978
9515789176
9515789222
9515789494
9515789583
951578963X
9515789656
9515789672
9515890004
9516051332
9516118534
9516119778
9516183379
9516186114
951625523X
9516264077
9516265677
9516380336
951638157X
9516430414
9516430503
9516430600
9516430864
9516430902
9516430929
9516430996
9516431054
9516431178
9516431186
9516431224
9516431477
9516431631
9516432115
9516432689
9516433162
9516434045
951643407X
9516434088
9516435009
9516436838
9516439659
9516439950
9516626602
9516626718
9516626815
9516627013
9516627099
9517491646
9517629616
951796045X
9518640181
951864019X
9518640289
9518640416
951864084X
9518720193
9518732485
9518751021
9518842191
951887193O
9518872236
9518954569
9519114556
9519362797
9519455566
9519590331
9524590263
9524590395
9524590433
9524590530
9524591065
9524591170
9524591693
9524591723
9524592045
952459238X
9524592401
9524592479
9524592576
9524592703
9524690918
9524691442
9524710129
9524710668
9524710722
9524711214
9524711303
9525194639
952547402X
9526020011
95271261X
9529582048
9529646135
9529646496
9531950679
9532200096
9536293056
9539760925
9544450254
9544490124
9561111918
9561209136
9561301660
9561308770
9561311739
9561601109
9562180232
9562392082
9567510105
9567510253
9570316519
957131577X
9579809593
9580455635
9580464154
9580464162
9580600031
9580600120
958060021X
9586391688
958704049X
9587041852
9590802494
9590804160
9590804535
9597030551
9597124017
9597135167
9600300321
9600321655
9600323496
9600324735
9600325294
9600325685
9600327661
960032882X
9600333432
9600333491
9600401241
9600403082
9600411794
9600415145
9600416036
960041727X
960041761&#93
9600423466
9600423660
9600509883
960051013&#93
9601400672
9601402721
9601404023
9601404414
9601406360
9601406409
9601408193
9601606211
9601609687
9602083271
9602281650
9602363894
9602365579
9602369981
9602500128
9602740507
9602741449
9602936908
9603063584
9603250376
9603250384
9603250392
9603250406
9603250422
9603253634
9603783897
9603920029
9604063812
9604101404
9604101412
9604170163
9606000907
9607002903
9607021037
9607021436
9607021622
9607213858
9607478215
9607478401
9607919270
9607919343
9608164168
9612181047
9612224099
9612313830
9612335192
9616014684
9616221272
9616352490
9624210381
9626340118
963222121
9633524245
9637409017
9643030253
9643060969
9643122778
9643125777
9643180425
9643280780
9643281310
9643510131
9644481321
9644481941
9645596378
9645596602
9645601991
9645643724
9645643775
9645643783
9645757029
964610455X
9646117171
964611718X
964619415X
9646358012
9646379878
9646578969
9646635385
9646652050
9646839002
9646941095
9646941362
9646962653
9647033028
9647033117
964704951X
9647230184
9647514425
964760345
9649009817
9649056386
9649194320
9649198482
9649282793
9649405208
9649450224
9649481133
964_7049_05_6
9653610481
9653611283
9666201534
9671722778
9676101494
9676101710
9676101915
9676104817
9676104825
9676108952
9676108995
9676109002
9676109630
967610986X
9676111619
9676111627
9676111635
9676112259
9676112275
9676112305
967611300X
967611345X
9676113468
9676114588
9676114618
9676115975
9676115983
9676115991
9676517704
9679221067
9679522814
967960067X
9679662225
9679785904
9679785920
9679786552
9679987167
9681105583
9681106210
9681312473
968131574X
9681330722
9681335457
9681336089
9681500350
9681500563
9681500830
9681500887
9681500954
968150108X
9681506030
9681509765
9681512979
9681602072
9681666763
9681902068
9681903110
9681903900
9681905318
9681908201
9681908355
968230573X
9682310202
9682318998
9682319013
9682321557
9682989302
9684030053
9684051085
9684110545
9684132557
9684195613
9684320779
9684320949
9684443102
9684529287
9684940912
9685368503
9686001042
9686005153
9686354611
9686605150
9686932828
9686957065
9687723106
9688567108
9688569925
9700508609
9700508943
9700509125
9700510123
970051336X
970051613X
9700616699
9700717828
9700739597
9701868609
970188194X
9701883810
9702002834
9702002842
9703815648
9706513604
970651452X
9706514643
9706516158
9706516190
9706665099
9706906053
9706990461
9707100567
9707140577
9709161512
9710805207
9710834363
9710862847
9712706370
9712712125
9715115314
9715690890
9718340181
971899467X
9719019166
9719175672
9719175680
9719201894
9719214872
9720051019
9720067306
97201046590
972100085X
9721007536
9721009512
9721013412
9721019461
972102030
9721021016
9721026662
9721026697
972102743X
9721027839
972102919X
9721029629
9721029742
9721030988
9721035336
972103567
9721035882
9721036587
9721038717
972103875x
9721039276
9721039780
9721041025
9721041424
9721041440
9721041548
9721042366
9721042609
9721043257
9721043834
9721043958
9721044342
9721044466
972104511X
9721045217
9721046086
9721046116
9721046426
9721046582
9721046965
972104721X
972104749X
9721048151
9721049549
9721049638
9721050822
9721093055
9721716914
9721839667
9722000004
9722000020
9722002171
9722007467
9722008048
9722009184
9722009826
9722011375
9722011529
9722011532
9722012738
972201398X
9722014323
9722014730
9722015184
9722015958
9722016202
9722016210
9722016563
9722017489
972201840
9722018841
9722019074
9722019228
9722019384
9722019449
972201949
9722020102
9722020250
9722020358
9722020420
9722020609
9722020770
9722021370
9722021478
9722021605
9722022180
9722022288
9722022423
9722022539
9722022547
9722023012
9722023373
9722024132
9722024493
9722024620
9722025260
9722026011
9722100262
9722100386
9722100459
9722100726
9722102176
972210277X
9722102869
9722102893
9722102923
972210375X
9722105183
9722105248
9722105329
9722105485
972210568X
972210585X
9722105922
9722105973
9722107526
9722107763
9722108328
9722109030
9722109316
9722109332
9722109618
9722110195
9722110217
9722111159
9722111299
972211137X
9722111450
9722112201
9722112384
9722112430
9722113348
9722113542
9722113666
9722113747
972211493X
9722116118
9722216333
9722217186
9722218697
9722218786
9722312251
972231369X
9722314483
9722315544
9722316573
9722316575
9722317210
9722319019
9722319345
9722319493
972231954X
9722319914
9722320319
9722321773
9722321781
9722321927
9722322125
9722322702
9722323229
9722323628
9722323660
9722323970
9722324993
9722325337
9722325698
9722325841
9722326015
972232635X
9722326937
9722327135
9722327526
9722328212
9722328298
972232840
9722329111
9722329359
9722329405
9722329472
9722329766
9722329960
9722330071
9722330446
9722330586
9722330594
9722330608
9722331108
9722331302
9722411438
9722500171
9722502514
9722504371
9722505033
972250648X
9722509713
9722511149
9722511475
9722511653
9722511971
9722512293
9722513087
9722513524
9722600923
9722613367
9722613553
9722706829
9722900137
9722900315
9722900528
9722900706
9722900781
972290079X
972290079x
9722900803
9722900994
9722901281
9722902059
9722902210
9722902636
9722902911
9722903381
9722903438
9722903497
9722903691
9722903950
9722904043
9722904469
9722904566
9722904647
9722904973
9722905147
9722905244
9722905325
9722905406
9722905732
9722906259
9722906321
9722906542
9722906607
9723108453
9723302489
9723309475
972331608
9723604590
9723606267
9723701782
9723702363
9723702487
9723702916
9723703718
9723703858
9723704056
9723705087
9723705192
9723705990
9723706148
9723706318
9723706563
972370899X
9723800306
9723810751
9723810832
9723814005
9723814021
9723815869
9723817497
9723817598
9724109879
9724110141
9724110656
9724110729
9724110990
9724111229
9724111911
9724111989
9724113361
9724115666
9724116913
9724117588
9724117847
9724118223
972411824X
9724118487
9724119211
9724119254
9724119602
9724119904
9724120007
9724120200
9724120503
9724120600
9724120724
9724120759
9724123847
9724124975
972412522
972412586
9724126552
9724127001
9724127036
9724127575
9724128164
9724128733
9724129691
9724129705
9724130282
9724130630
9724130649
9724131319
9724131432
9724131637
9724131890
9724135373
9724135632
9724135756
9724135853
9724136639
9724204154
9724206467
9724208761
9724211142
9724212327
9724216683
9724217744
9724219186
9724219968
972422219/5
9724222500
9724223329
9724224562
9724224937
9724225623
9724225690
9724227030
9724227049
9724227847
9724228754
9724228940
972422919X
9724300684
9724302768
972430292
9724303160
9724303209
9724303837
9724304779
9724403068
9724405664
9724407764
9724408647
9724607429
972460957X
9724609731
9724609995
9724610616
9724610640
9724610667
9724610799
9724611914
9724614565
9724615197
9724615332
9724701131
9724708217
9724722678
9724724107
9724726347
9725002830
9725300432
9725300564
9725400674
9725610385
972564090X
9725642317
9725642767
9725643801
9725643887
9725644476
9725645227
9725645316
9725645553
9725647459
9725681282
9725681398
9725681738
972568446X
9725750756
972575137X
9725752228
972575235
9725781481
9725970306
9726053134
9726080045
9726080088
9726080630
9726081327
972608136X
9726081378
9726100682
9726101247
9726101794
9726101824
9726102065
972610422X
9726106141
9726111390
9726111404
9726112257
9726112648
9726113199
9726115582
9726115604
9726115981
9726116007
9726116015
9726116074
9726116279
9726116309
9726116449
972611652X
972611657
9726116902
972611702X
9726118247
9726170060
9726274591
9726490561
9726593855
9726621275
9726622751
9726623030
9726623197
972662410X
9726624185
972662441X
9726624797
9726624835
9726624851
9726624878
9726625017
972662533X
972662536X
9726625483
9726625513
9726625785
9726626064
9726626250
9726626544
9726627257
9726627532
9726628229
9726650119
9726650534
9726652774
9726653134
9726654654
972670037X
9726700396
9726802466
9726854401
9726950872
9726951666
9726952514
9726952670
9726952859
9726952948
9726953340
9726953359
972695357X
9726953898
9726954533
9726954657
9726954835
9726959553
9726994217
9726994322
9727071937
9727083218
9727085261
9727086578
972708673X
9727086802
9727086918
9727087388
972709094X
9727091539
9727100228
9727101623
9727103278
9727110797
9727110819
9727110843
9727111270
9727111491
972711167X
9727112137
9727112501
972711251
9727112625
9727112943
9727113818
972711405
9727114059
9727114377
9727114539
9727114962
972711511X
9727123198
9727221041
9727310486
9727311466
972747005X
9727472044
9727474381
9727474764
9727474799
9727480160
9727480802
9727591108
9727591124
9727591965
9727592953
9727593690
9727594298
9727595375
9727595545
9727595553
9727596266
9727662978
9727663001
9727713629
9727716180
9727716334
9727721583
9727722458
9727722466
9727920462
972792090X
9727920985
9727940706
9727980880
9728028229
972802844X
9728082436
9728095570
9728165145
9728178131
9728202032
9728298145
9728305444
9728393644
9728423160
9728423179
9728423462
9728436300
9728436408
9728436440
9728449100
9728463065
9728515049
9728529511
9728529554
9728529589
9728535759
9728541007
9728541252
9728541260
9728541317
9728575254
9728576021
9728579063
9728579225
9728579667
9728579675
9728580312
9728580444
9728599225
9728605161
9728608225
9728609187
9728632592
9728661142
9728710372
9728751249
972877401X
9728820011
972882002X
9728820097
9728838026
9728838034
9729013896
9729018405
9729230463
9729241406
9729247013
972927827X
9729360065
9729360111
9729360154
9729469067
9729478198
9729685525
9729750734
9729765898
9729801320
9729911908
9732001526
9732005521
9732500700
9732502568
9732503823
973254331
9732807717
9733200689
9733200697
97332700
973340182X
9733404098
9733700212
973380116X
97339680097
973500450X
9735620804
9735731150
9735763958
9735763982
9735763990
9735833026
973601097X
9736083861
9736530884
9736820082
9736833364
9736838927
9738171326
9738171334
9738195357
9739032052
9739104045
9739182623
9739217184
9739225012
9739293638
9739293646
9739293654
973930754X
9739319092
9739453406
9739494129
9739494501
9739502407
9739507972
9739507980
9739523013
9739531008
9739533901
9739541089
9739559484
9739566243
9739586708
9739601103
9739601154
9739611567
9739680054
9739717535
9739797245
9739815952
973981638X
9739867219
9739878571
9739973736
9748237389
9750803833
9750805968
975080628X
9751009332
9753623038
9754030308
9754700834
9754945144
9755701753
9755702067
9755990402
9757991236
9758212583
9758420771
9758723030
9768175087
9770104987002
9770390107900
9770392942004
9771120496004
9780064407663
9780099765219
9780140315387
9780140327243
9780141009827
9780141311425
9780207197314
9780316782265
9780330413169
9780385334624
9780393029291
9780425173305
9780553157673
9780590962735
9780602264079
9780718143688
9780747544159
9780844296371
9780896086685
9780999436745
9781400032648
9781562477547
9781568811307
9781570719929
978187834607
9781895636291
9782020108928
9782070368075
9782070368167
9782070375165
9782070392605
9782070403691
9782070408832
9782070419654
9782070426850
9782092800461
9782221049754
978222136244
9782226053886
9782226116680
9782226126610
9782226133892
9782246633815
9782253006169
9782253031192
9782253031437
9782253066019
9782253141693
9782253147930
9782253148623
9782253149101
9782277211976
9782277216902
9782290314951
9782290316214
9782290319109
9782290321522
9782290327845
9782449040
9782702478479
9782743400057
9783442099757
9783453196049
9783453199316
9783492227575
9783492229418
9783499144028
9783548224916
9787506309745
9788401499883
9788408025023
9788420447865
9788423648993
9788423651108
9788433910370
9788433910899
9788433920423
9788433966322
9788434846852
9788475965949
9788478885258
9788484502111
9788484505075
9788484601104
9788485820689
9788495346230
9788495470188
9788497598392
9788532219022
9788804476789
9788807814327
9788845906862
9788872267264
9788874330650
9788874330677
9788874330685
978887433088X
9789021484280
9789600404388
9789724120607
9789724129457
9792038744
9792204369
9796554488
98011125
9810006640
981001953X
9810032439
9810068565
9810463952
9810690625
981204132X
981204695X
981204731X
9812320164
9812346856
981305607X
9813056398
9813056517
9813056576
9814096679
98300320
9831040538
983124043X
9831240588
9831240626
9831240774
9831241096
9831241185
9831241495
9831920120
983378676
9834037244
9834139500
9836210989
9836220208
9836225277
9836226060
9836240853
9836250476
9836251804
9836252797
9836257691
9836257713
9836261575
9836265066
9836267522
9836272054
9836279695
9838120200
9838120332
9838120634
983852381X
9838933848
9838933945
9838934143
9838934178
9838934218
9838934445
983893447X
9839065122
9839177028
9839216120
9839216490
9839216708
983942243X
9839541323
9839727729
9839778072
9839804154
9839956205
9871071159
9871106173
9871106181
9871138008
9871138016
9871138024
9871138148
9875021245
9875500046
9875500526
9875500534
9876543210
9879017056
987906500X
9879065271
9879186672
9879280350
987932504
9879397274
9879460065
9879588800
988000552X
9881022419
9881570183
9895520182
9895550138
9895550235
991728671
9958101416
9961723575
9963617166
9963617379
9963626297
996632269
9966460020
9971655373
9971905280
9971972204
9972402207
9979213744
997951079X
9986003059
9986195152
9986437164
9986536189
9986575370
9986945682
9990371628
9990984042
9992056002
9992803029
9995848007
9997405307
9997503031
9997586352
9999000350738
:+12082659096
:8420634476.
ASSORT00626
B00000DMAA
B00000DMAD
B00001IVC7
B00004WGVX
B000051WXP
B000051XGM
B000051ZUO
B00005BBW4
B00005N5J6
B00005PJ9D
B00005Q8OL
B00005QOXD
B00005RID3
B00005SNX0
B00005UMI4
B00005VGK1
B00005VVO3
B00005W4T6
B00005W5VY
B00005W8I7
B00005W98G
B00005WAAC
B00005WFHH
B00005WN5U
B00005WOUD
B00005X230
B00005X97M
B00005XB0U
B00005XD6L
B00005XDYT
B00005XK9C
B0000633PU
B0000640CT
B000065V20
B00006CRTE
B00006F7IV
B00006H3BO
B00007L4MJ
B00007MAM9
B00008JYQC
B00009EF82
B00009MBYK
B00009NDBF
B00009RGB8
B0000AA9IZ
B0000AZW79
B0000B1O9O
B0000BJMMZ
B0000BLD7X
B0000BSH37
B0000C2W5U
B0000E63CJ
B0000T6KHI
B0000VZEFK
B0000VZEH8
B0000VZEJQ
B00013AFZQ
B00013AWVI
B00013AWZY
B00013AX6W
B00014WRH4
B00016560M
B00019U4II
B0001FZGTO
B0001GMSV2
B0001GMSVW
B0001PBXMS
B0001PIOX4
B000234N76
B0002JV9PY
B0002K6K8O
B10.3372002
B158991965
B196902000
B298392002
B338032003
B37.3692002
B460712002
BCID074116156
C81/2003
CN108081
DITISEENSOORT
DOESNOTHAVEON
EBTTLE0650N8S
I556591608
ISBN009970350
ISBN059050590
L55L668866
L9287490LL
M79702002
MOHSINDADAADN
MaeveBinchy
N0440219078
N0553212583>>
N0553260502>>
N0553282980>>
N3404116143
N3404136276
N3442118344
N3453124715
N3453125444
N3453129520
N3704320196
N3817422431
NA13152001
NA14322001
NA14332001
NANCYDREW
NOTPROVIDED
Narraciones
O141313242
O34535152
O440222656
O440495962
O441555292
O446310492
O452281903
O590459880
O590603647
O688097480
O753800055
O82130208
O8408040294
O8474238757
O8495712555
O96815005550
O971880107
O97I88OIO7
Q552146269
X000000000
ZR903CX0003
\0432534220"
\0432534220\""
\0679751521"
`3502103682
