0374157065
0393045218
1575663937
0671888587
0060914068
0345260317
0375410538
0393020371
0316602906
0060013117
0375801677
0937858994
0486282112
1575843366
0684193957
0345371984
0312995423
0517577402
0590450875
0590481371
0915811537
0140345809
1567184294
156718796X
006101351X
1579651658
0140382658
0152012966
0385503857
0767903579
0486285529
0030096189
0312965745
0345374657
080521061X
042517736X
0439061644
0439569842
0307118703
0816728739
006015781X
0316116025
1567920047
0385504209
039304016X
0553579681
0425049981
0345418778
1884777805
0894342789
0345428544
0312853238
0425161722
1928791107
0892967994
0836230868
0381999866
0130139165
014036336X
0679420118
055326382X
0440215625
0671726889
0345409469
0684819066
0441317502
0060242388
0671500546
0425137015
0451450604
0316929190
0345307674
0345297687
0345368940
0345331605
0399146008
0688105408
0708881297
0590660543
0345458915
0895773538
0767902521
0609608444
155643068X
096478260X
155643152X
0743221990
0553486411
0451409086
0671527215
0679772677
0231105592
0743444051
0380773155
0316693324
0205280854
0679412271
0785324712
0670867144
0764504509
0743201736
0440177499
0898707129
0140283382
1888740051
089587198X
039914255X
0307001385
1888698357
0618127453
155143234X
0782125557
1587991039
0130179620
0072453907
0130305065
0130219193
0312251890
0765342294
0385508980
0385491328
0802713661
0679884394
1566091446
1562477676
0060170441
0091880955
0563537329
0345392825
0590449737
0425109267
1558747028
0312774842
0192860925
0890420254
0778800229
0684818868
0070419361
0285632655
0804832463
0385484518
0767902513
0130289221
0130891347
0452284058
0345308239
0671757059
0835902242
0385304366
0385299842
1552976246
0684867583
0425181200
0896082172
0393011224
0472095978
0890876096
1560238763
1880032627
0440204321
0811812006
0062508482
0030020786
0133502813
0553205587
0716723980
0471485527
0525440631
0679723374
0716744481
0395629497
0140259988
0441225691
0375509283
0486270718
0345283554
0345260627
068808527X
0929634063
0590448595
0201731355
0140255087
0684866048
1583940677
0743456823
0671743562
1568650418
0345412451
0380815931
0930878132
0312263120
089281313X
0486251772
0671002384
0671004247
0671002406
0671006754
0394756827
0312275560
0820319627
0767901266
0395874653
038079893X
0425177696
0525945172
0440170370
0553801309
0441048862
0451451899
0451452380
0671730177
0312876912
0312850581
0029281113
059045367X
0442043244
0898861780
0812566351
0385199570
0590762613
0671721291
0590429892
0782123813
0782125352
0688127169
1589880013
0395873347
0060987049
0140124373
0380973499
0743201981
0743203399
0688158943
0878911774
0671250671
0811802981
0670891576
1558214291
0316588032
0451201507
0345308999
0345309006
0786889527
1561383619
0393317552
0345275675
0553568728
0886778697
0755310047
0764525662
0505522675
1558747109
0553575007
0806903481
0060198524
0691005419
0399143947
1551113074
1575664054
0743236777
0385337272
0590424165
0446690295
0307157857
0451458680
0684871580
0066620996
0671526103
0671021257
067100882X
0671008781
0761513779
0446528382
0345382323
0747546215
067102440X
0671024396
0140346848
0140346031
0385479565
0876056354
0375714383
0807085464
0886779014
0060505559
048627263X
1857238982
0743480562
0821776126
1570625190
0062736302
0071352430
0060953497
0393318923
0471415804
0596000987
0134843460
0618134786
0375726446
0805324305
0821730894
0231121008
0312032978
1931561648
0345379330
0810922975
0761520937
0785281754
0345405730
0761522557
0345431618
0451132343
0553380168
0851123554
156592861X
1565926730
0440222915
1568842406
0066214122
0375410597
0465006930
068810391X
034531798X
0590452037
0061097268
0399150897
0684841185
0312873085
0028625757
0670861944
0060174056
0060723890
1562054376
0735700737
0028604032
0886778964
0874775132
0803251734
0066214688
0060929871
0425192792
0679721037
0803267355
074341120X
059045563X
0312087357
0441231942
157586326X
0312876343
0195085140
0425166805
0875426638
0875422462
0875421202
073870279X
0425158640
0671532545
0743489063
1572241314
0262192624
0764548573
0553100130
0786705302
0810934302
0884042871
0486232948
0394758439
0425179613
1879181363
0399518460
0778320324
1892145057
0486256111
0743490398
013029442X
0789716399
0061098035
0821771426
0310220033
0201741644
0446530689
0312304269
0449220354
0553106643
1568846533
037550303X
039951743X
0451457250
0312850247
1884820298
0140194916
0553233890
0761116230
1580174493
0440225639
0323023924
0821221817
0441007163
1402710658
0517706814
1577658043
0671798340
0330301497
0140187375
0192833669
0786004827
0671493183
0859344304
0688149626
3540587101
1565922093
1565925653
0672324253
015602943X
0671877046
059041691X
0590457403
0875730701
042517364X
0679444815
0471407380
0375760393
0915473569
0590640860
0679736662
007212170X
0743400771
0425179206
0590897543
0385468709
0684829223
0684870673
0441694543
0399142851
0399146253
0399146504
0590484133
067982412X
0671550578
0875963234
0782141676
0399526609
1565924975
0471142425
0448168278
038081093X
0671743481
044166251X
0385334206
0671785141
0385492235
1570671222
0824518977
0743249275
0752801716
0812930088
0060198184
1857988884
0441000150
0679433015
0440136482
0883781042
0671632949
0380974487
0671721631
1573221597
0071364498
0451527712
087542001X
0831705183
0375501517
0399147837
0452280958
0684859734
0679734163
1930722109
0785812245
034542705X
0312860374
0380762595
0140113428
1570624380
0802713823
038532748X
0441569595
0936552034
1556618638
068482292X
0385324138
0385319959
0304357278
0471293334
0517573199
0385306059
0774803436
0870407570
0375506292
0023672609
0553575708
0934641641
0446671444
0385318413
0590189344
0451188586
1568222033
0060009640
0312890273
0385323921
0670877999
0060163283
0684827123
0671657860
0140345353
0810913763
0671769316
0802137040
0142003735
007212248X
0671701045
0895888041
1568849052
0782903800
0782903363
0811821706
1558745718
0425176932
0671550284
0689856083
0878577386
0684801051
0818403802
0345448359
0446527084
0743444965
0425173534
0451457781
0380779323
0771014236
1576104176
0782124526
0425187055
0970897251
1555661874
0142001104
1558505857
0385302312
0385302320
0805063196
0448416492
0688172253
0806974109
0553280074
0312288549
0385247958
0449002594
0671631985
0672320967
0132267055
0198607199
188455010X
0553351672
038079439X
0670032891
0743458168
0152008675
1562055089
0830645519
0140143459
0060191341
1891620452
074347502X
068486729X
0440504589
0877799156
0596005059
0735619255
0596004893
0393051404
0345392477
0874770475
0874770351
0878570950
0385302304
0451158237
1561385751
074324141X
0870449559
156565269X
0894806149
0789495929
188559304X
1557346755
0375504443
0618015841
0590065912
0201093804
1570671044
0812022009
0590250841
0743492919
0807554200
1574090356
1858283434
0156252856
0140135375
0201754703
0590462261
0737003103
0399525009
1591860008
0376016760
1559706848
0764586335
0805071792
156025307X
0452284139
0385115784
0786881194
0140167455
0385493258
0767906039
0684835290
0671799584
0345445899
0747541140
0664225985
0671742647
0671700103
0671028383
0312253435
0451411056
0060009462
0060952970
0929661192
0553344803
0590449389
0517051516
0965455572
0762401400
0762401397
0821223275
0486227456
0789709651
0062732749
0761530878
0425177351
067088782X
0300069766
0871138611
067153873X
0671869124
068805935X
0425159671
0440237556
0060392436
0684195976
0446393681
067177879X
1858282160
096737930X
1579903002
0762727942
1590591224
0789205106
1565123778
0898866294
0804114277
0441003389
078670621X
0399146113
0590623516
0618071784
0517880539
0312104456
0385314280
0590972154
0425158594
0060508876
0671038850
042518269X
0156008661
0671019228
0451458559
0451458141
0971009902
0345434110
0899093655
0812929802
0224031457
0671007637
0140378278
0312869088
0679419454
0385298870
038530532X
0553803700
0671025325
0802850995
0718143051
0439132266
0340767065
0582327318
0679752560
0805031251
0440134056
0807004553
0671724800
0375500642
0743219287
0385488181
0312861591
0393039307
0151002290
0156013177
0671734334
0374181152
0140264450
0192632442
0393045358
0525945466
050028251X
0789300354
0753506483
0965866823
0835918696
0345315499
0345423828
0312970129
0671551337
059049418X
0465026567
158180119X
0140390448
0517654954
0025294458
0903505355
1551050765
0517693399
0920656080
0835607771
0345391373
0821225685
156761583X
0805063315
0671009443
0399524827
0312862091
0312866712
0679437851
0671675427
0399133038
0140104321
0486405524
0451458222
0679735747
1892859084
0590489410
0553256653
1567184766
0679730680
8445073850
0878579915
156512281X
1565121384
0395653738
0312170955
0152013415
0765107619
155870406X
0192829823
0316133175
0380792648
189162007X
0201877589
0596001967
0764551280
1586480286
0671878549
0446520667
0806524154
006009527X
1568849168
0394726251
0743234693
0316116726
0306454114
0380791021
156276134X
0716713616
0375704051
0590300393
0517208326
0425132358
0131654233
0672315610
0137089171
0136362346
1842157086
0874779111
0060154969
0684846608
0688160999
1553662415
1565121465
0140465340
0385242719
0671041800
1852305606
0946395438
0743206061
0345445910
0224045814
059013387X
0345391837
1844130533
0060177888
0448210339
0812092821
0395683297
002346450X
0515129232
0965834522
0684834669
0385333005
0321130073
0441203981
0441048854
0425115291
0451409639
8173711461
0138153094
0764912518
1588800296
0849396409
0446349763
0385484984
0465005594
0889951918
0486290387
0395636264
0802713432
0783889542
0553110004
076455168X
087483435X
0938756370
0874835909
0399146725
037550298X
0399150412
1403905843
0553273299
0590483471
0451210972
0449908593
0553110748
0688110290
0060196300
0448431025
0316141631
0684195984
0399141464
0684195305
0941711420
157322135X
0140112847
0679408193
0345466632
0399144714
0060962348
0880117834
0375401296
0130421499
0935989870
0876591063
0876591195
0935989900
0553380303
0671739999
0380790750
0395714060
0878570764
0380758962
0553088122
0879752408
0822023016
0307336565
8440668058
187963905X
0805047794
0879050721
0385404859
0451208773
051513581x
031228361X
0425187721
0091833345
0899972020
0451624769
0743235053
0804818584
1566091888
1562829254
1559723475
0465031358
0201626098
0805065415
044023655X
0440234808
0803723547
0395746566
0399127216
0882669842
0679439196
0691083886
0030211212
0060974990
0520223446
0465021182
0740721909
0441000525
0140282025
0553053868
0671870602
0789402017
1550546163
0809468700
0809468549
0816735662
0673982432
0743202236
038508854X
1559718641
0439343518
0590457268
0385335377
0684194201
0792218345
0375756469
0553263633
0373243979
0345342445
0880117168
0307115208
0373613601
0399206868
0821766066
067081976X
0871564599
0385315279
0226726770
0553052268
0613117905
058242092X
0811828379
075350507X
0007119860
0385418485
0684191415
0140092501
0385508603
1893910245
0802713815
0684855631
0515129739
1882180887
1878257528
0865714487
0071360166
0520204514
0316441791
0415222818
1573922110
0803959907
0618219196
0415167914
0345362322
0679758941
0679430946
1565840968
1840463503
0130647608
0582037670
0345333152
0024031216
0874221501
0812533313
0886777151
0875962432
0894716174
1556432151
0912500867
1558506438
0895295458
0671027441
0590956159
0671038931
093317490X
0441000762
0590880748
0590879979
1565928431
1931836876
0596000588
1565927206
1565926994
0835605728
0072131780
0671019813
0671002570
0671658131
0671633295
0671465414
0671836323
0802773524
0425170470
0878331824
0789488914
0449703274
089529768X
0446521612
0897890272
0895942402
0441515444
0671896776
0345272463
0345257448
0671464795
0345277406
0441167128
0671495003
0671836927
0671625810
0515130125
0671415018
0345275187
0671832867
0425040801
0393310477
0743437888
0688143660
0671793225
0446603775
0937295043
0918956730
0020869002
0684852772
0806961740
0345439252
0440498058
0671702262
0387986065
0375503897
0140120491
1556151047
1570613028
0071360638
1886039224
0062505319
0679872027
0374515360
0843711299
0375708111
0385477058
0517589818
0201340208
0452006228
0743204123
0916410641
0688124887
0345319656
039470780X
0894800159
0684856875
0399215301
0785279954
0553800973
0937721778
0140265716
0673524299
0316320277
0871202824
0446394580
0945448619
0684802082
068810004X
1558744029
0849952476
0789405652
1580172938
0764501801
013029604X
1874508003
0375811354
0806984929
0786862262
006446735X
0679824111
0394557212
0140376283
0674354427
0439049989
0590944770
0767903390
8479532165
042509345X
015201800X
0141311096
0792276868
0451456599
0385314256
0897322096
1857988027
0394501691
0743436466
0786000139
0671019147
0671047574
0671032569
0688103324
0385266294
044840172X
1561840092
0764153730
0394733312
0671015850
0767901843
0140154515
0894803204
1558508473
0062731009
0062731025
0316153915
0671015443
0070145121
007014530X
0385054580
0849934176
0451197143
067087762X
0807083054
0385304854
0811801802
1561792535
0684844001
0316099813
0609601032
0679451145
0515128872
0446522570
0151006040
0062734547
0671204971
0590630954
0201107120
1573420387
0743225961
0312161271
1890132322
0448343606
0307002101
0394837037
0394889568
0689304374
0824813928
0553342762
0445205377
0816704317
0553140175
0399139710
0066210690
0060914289
0756401518
0886779561
140004832X
1841954608
0375502971
0156006898
0670031909
0345326490
0151003378
1565123352
0898866065
1892327988
0312273126
0586025944
1869414365
0684818442
0803298188
0811831620
0689860064
0805066128
0399236260
0880707232
0801855578
1580172466
0130866172
0679426612
0471349976
0446528595
0140275010
185585662X
0520206738
0877017883
0525485082
0395528151
0679783571
0385499345
0517595753
0609602330
0393311031
0812217268
0679743839
0316299235
0140071814
0767903854
0689841930
0373250304
043938074X
0684833727
0823026906
0879733438
0894809938
0590403729
156138190X
0940319004
1885593155
0812043650
0812046439
0517590662
0517590670
1551050900
1851825924
0898706602
0971412936
1569552924
0674445449
1579830021
0590763563
0393048136
0716765144
0307100820
0861128273
0789405784
0395743427
0590333194
0891914927
0446361046
0440159415
0756400988
0345448820
1580170951
0879850213
0743200322
0840741391
0385474903
0385506686
0345356535
089577481X
0449149986
0312925581
0761109196
0671534645
0345341678
044096895X
0590466771
089296426X
0671567713
0782122221
078212223X
0782122213
0671769057
0671673238
0375420762
0738205702
0451528522
1556521952
1582700230
0970866402
0679752927
0451175123
0142003514
0061083259
0425192784
044041833X
0312166907
0253212340
0679737995
1565926161
0471213020
0596003846
0596005229
0375506160
068482390X
1585673552
0716732106
0671705245
0375700943
1887424377
0876308000
0375701079
0878339175
0918273420
0525946896
0671023411
156138450X
0764534238
0811831310
0679311149
0919433820
1551051737
0316813079
0684803534
0300084730
0062732765
0140261494
0262560038
0521777526
0471404217
0375706348
0201150255
0738203491
0345430727
8495501015
0553375334
0764506765
0875968864
0811827151
0696211785
0801980801
089721255X
0935278184
0814623581
0385497903
1576104192
0752221892
1565924878
1565922204
0130843709
0782126472
0130173231
055357681X
0774712619
0671578820
0590412264
0679816607
0884481492
0486292886
006090674X
0895770695
0689704208
0618055819
1889392030
0671724819
0374386137
0425065553
050552385X
0380753014
050552516X
0553567772
1850510881
1887166734
0671874594
0553100637
0684824175
0307128199
0670857661
0737000465
0141308109
0201489392
0452279097
0767913019
0060926945
0786886099
9960340112
0553293362
0836250877
0393322963
0743427947
0671019163
0441783295
0441001467
0671568310
0886773865
0762702265
0743427920
039303853X
0738204048
0823030970
0966443004
0689863632
0761319417
044991089X
038531700X
1851680659
0415908078
1566395305
0895297310
0066211484
0812921828
0380975440
0875964818
047116917X
0743205626
0471496421
0312253419
031286129X
0345345053
0316105163
0448192187
0471155454
0553284134
0441007910
0553573322
087584877X
0886774926
0671720082
0345371976
0060932902
0525457453
0671633635
0671678051
0452262704
0140178724
0671506048
0671882678
0671797042
0671537830
0671568116
0671520474
0671501054
0671524887
0671879979
0671666622
0921912951
0446525685
0140046941
0839828500
156476768X
1561382477
0382091175
0060952423
0399512330
0671892258
0312146310
0679454799
037601556X
1556155689
0465019803
0534178081
0471985813
0812928342
0375706690
0060950773
0520209109
0312152841
0380781484
0671413678
0917657462
0385503636
0684815095
0875346197
0609602489
0399207589
1579545637
0452272580
067100610X
1556708556
0070439915
066991066X
0393323145
0321090934
0505522551
0307136566
0553374524
0671222473
1582341338
0446530190
087351288X
0896938174
0028702506
0310459311
0771020139
0679893342
0517585073
0918684544
1564772241
1561381527
0028630238
0671742906
0671708368
0553562940
0285620878
0883638886
0671620991
0688111505
0394718526
0312960875
0553147021
0553029754
0380802562
0613071832
0671431056
0671541811
0806961007
059087764X
0671652273
0671019155
0671032550
0671775715
0804101396
0446392340
0312857322
0396065023
0345318315
1557508275
0446602930
0816724334
0915793806
0801487722
067187599X
0590456903
0397320043
0307132048
157145165X
0811643085
0671026518
0762409053
0590494368
1569716692
1568304706
1568849079
0875965598
0452272785
067972902X
0785787828
0873325079
0786901349
0375401768
0395585643
0688096956
156584100X
0742522458
0892817100
0849912962
0932592058
1841881465
0380813394
0674951867
0778320421
1570643253
0451201124
0471318590
0451204417
034542610X
0867091436
0394577892
0787609390
0395964644
0316817139
0395078652
0671250140
039531870X
0394507630
0534385354
0471842370
0821728598
0805305416
1888608285
0801057744
067974021X
0393300234
0553374117
0226725391
0619057009
068812920X
0205323871
0786808098
0389202991
0679443746
0380731274
0312283423
089919334X
0061013544
0140243518
0452269687
0451523938
0515122610
0821749609
0425171078
0679758461
1932100040
0679419462
0060976926
0786866772
0670772895
0345351363
0380973596
0684852853
0684841177
0002554151
0670327107
0740700812
0714834556
0060911581
0811804739
0425054721
0812540069
0312148240
0897212452
051513581X
0807085391
0486290360
0684823713
0767901746
0806512385
038079294X
0451407075
1571742751
0553493906
0876305044
0802713327
0140269630
0066212855
0345365836
0394721284
0060156139
0425112705
0886777976
0441000371
0441006701
0553578944
0201489899
1555611435
0876592019
0804724075
0531103110
0553341456
0671784986
042512830X
038076041X
0525940634
0895298341
076450407X
0142002836
0553201042
0871130629
0448226774
0809245868
0517562456
0394410459
0671658298
0316511668
1571740570
0877283362
0844243507
0425138739
0060163518
0826319688
0689815042
084313478X
0671683063
0807824437
1552976599
0201409178
0195091477
0671567837
0786811838
0439087589
157322099X
0306460149
038524228X
047109675X
0380711141
031239019X
0786805250
0689846843
014230199X
0060195231
0689849427
096092261X
0684845989
1559724579
0816749701
0807070920
0671027352
092963408X
0071358943
0761310258
0385470223
0806985046
0762101245
0004724119
1580173063
0689832273
0140086838
031224309X
0374523657
1888608099
0783541155
0789719924
0517123207
0962054348
096503240X
0684846004
0893816949
0394860292
0393318133
0810934353
0882668439
067085414X
073820336X
0393020185
0880708859
0399234039
0060958340
0375508244
014024980X
0385334303
0691023522
0345383249
8495501643
0590543229
0060958707
0786219149
0953896706
1582340676
0451527070
0735612773
0805410783
006092327X
1888869070
188886902X
0520219376
0312381859
0201354934
0062510770
0345426754
0064472361
0345321588
0684846462
1575664305
0738200301
0679721835
3822896403
0671535951
0764507192
0749930527
0099734508
1582431310
0750643935
0802139809
0684817438
031070314X
0310702984
0671751077
0316803081
0393324591
0802732984
0803893175
0770422780
0785268103
032119912X
0380977427
0887306551
0878575782
0671741535
0936347953
0395395844
0596003323
042517400X
0786011971
0684819902
0425188132
0060177349
0066620864
0446513601
0733602894
006054094X
0689821875
0201059592
0827345313
0894805002
0156010763
1931686459
1863683488
1877004057
0874774640
0934252637
0958613702
0864173474
1863303960
1561706566
0958725209
0706371666
0385240112
0836270207
0681409649
0882665545
0312185839
0749320346
0679863710
0399129499
0441009743
0688064922
0156439557
0441002536
0130914525
0812415647
0446512818
0385319878
0465032028
088266249X
0874775442
0312872186
0393058506
0201360802
0898795249
068801111X
1567614957
155615822X
0812551796
0908802641
0441003508
0553062247
0964564106
1575667622
0399525343
0440508509
1558670254
0374225869
0875969313
0684852691
0385134649
0894803166
1889538019
0312318383
0375414827
0684837188
0762104295
0060510862
1587541068
0156130637
0849936535
067973807X
0380794780
0767908171
0385311400
0809135523
0312181825
0380799146
1564408949
0809104903
037603078X
0553011596
0806931930
0806942436
060960970X
0895778602
0671882368
0380753987
0071345086
1573221201
0965793613
039586061X
0789727323
0345379225
0195046455
0316082775
0395437482
0898793491
0764154133
0376011599
0395578213
0789431890
0684824299
0971394202
0696207400
0534526241
8401463335
0393315703
0375501037
0671898841
0399522115
0679426965
0306445077
0399528199
0671873180
1400047609
1855383055
0060193344
081673643X
0029059801
044079515X
047111927X
1564581128
0762101466
0393037622
0743204735
0764170201
0394891139
0064451771
0880293225
0373272960
0373227620
0895770873
0380790777
0882666231
0394752430
0395745195
0696219166
0886778484
0881069167
0451406516
0789429187
0689844778
0789439786
0679894829
1890627062
0881601950
0812092414
0395557011
0881064556
0670032301
0870334573
0307960366
0823405311
0064451666
0689716141
0805061924
0812065530
0803717598
0064451429
0763605573
0399234446
0140508953
0465073158
0439309085
0671779583
0671793241
0696025701
069602585X
0505519488
0836246322
1561707228
0721457150
0743453069
0505522802
0307125394
0380782782
0894718282
0307176274
0965783308
0375507973
1558217827
1579543022
0345429192
0882402323
0590477404
0373264496
0446608092
0736401199
0449147738
0671639722
0671002600
0553569732
0486406504
0486284727
0307021688
1930722028
0486266885
0670032107
0140508570
0307130479
0618033807
0307201201
0152560238
0307107167
0836246152
0316817155
0786004533
0821218395
0762703245
0896891127
0517026821
0786861827
0809425815
0385145217
0836270061
0875961517
1551668823
0761409033
1852232641
1570761930
0892561912
0789484285
1586632434
0517141957
0376038772
0803600747
1567999794
0671067990
0897210115
0440508215
0679428526
0871565471
0897212533
0060176172
0312695977
0395404509
0399140530
0743211189
0743452399
1569246009
0843175842
1563318385
0810939339
0345461983
0786002301
0743202988
0962994235
068816112X
0679403566
0425178587
0140084096
0330351931
0953057526
068981433X
0395363179
0891344209
0394492153
0312851537
0451453212
0451453204
0553578898
0553295594
0816719683
0441000908
0441002382
0716717964
0921103131
0716733870
0671502859
0886778336
0913589101
0590972138
0373221754
0373703260
0439285542
0441000185
0812530144
0445202432
0671016784
0312021305
0671877631
0061053562
0671554271
0553562428
0446524891
0451453182
0684819449
0399139443
382286398X
0395657806
076100775X
0831727802
0345304985
044020657X
0875962947
0446515655
1565049136
0201709147
0517580306
0440849446
1586605879
0156006464
0451455169
0671780689
0136225063
0890875278
0505525534
0373512430
0312089244
0060161701
1577330021
0192834681
1567186904
039395739X
0671474219
0761304428
0671877437
076530032X
0671697994
0691015589
0684865785
0966579828
0765300109
0380599317
0967953502
1559638095
0813336759
1559583673
0140360999
0205126693
076451640X
1563053144
0028636406
1858051576
0688084915
0304346934
0743477154
0671695649
0934977143
0374524750
0155001736
0517598604
0793125553
0736410090
0072230819
0684871270
0679816755
0140621016
1841620149
0806905573
0816516502
0876591691
0451188918
0449911020
0671891510
0836228073
1559707135
081292150X
0875961010
0393701484
0385468423
0525946764
0786709014
038071115X
0891071806
0060969555
0140127089
0767400135
0553117467
1891620088
0060932856
0553101838
0805065970
0582061725
0028606612
0312848692
0525945261
0691037639
033035082X
0373512090
0758203187
0553109537
0060193158
0874779537
0684856212
0812928962
0425159116
0887308910
0671003461
0385495315
073560505X
0375502777
0964509768
0517599945
043913742X
0226710319
0753804670
0878423001
0307244997
0743411803
1557046395
0671000667
0811822028
0679891986
0743435826
0671778730
1584850515
0590486500
0875962149
0060196378
0062516272
087983966X
0609600575
0764502611
0440123836
0812547470
0872165868
0523414811
0425044688
0385261470
1931498555
0618009345
1571742549
0374514429
0020136609
0376030895
0674953002
0130208876
0393964582
0807846627
1588517314
0590203088
1559120177
0789439964
0590484125
0789457075
059046602X
0133262243
0312868863
0515112070
1552975401
0553378457
1558212574
0802713556
0345353943
0865713774
1878239910
1563055597
1558507205
0679768114
0312110413
0140298533
0028610687
067973239X
0440237165
0821228188
0393009173
0684859726
0939837471
0140264132
0156007401
1552093948
1400050219
0375508791
0345410122
0070237565
0895470543
1886411077
0029126800
0446525766
0684853949
0316602027
0590330454
0525466878
037581356X
076130715X
0822595036
0375800298
1570360251
0753451182
0679838996
0671034766
0743452739
0671026267
074345832X
0671870831
0743400518
0375401334
0786911794
0789429586
0743242181
0448419718
0448419726
0842301232
0521379253
0706406257
038000321X
0878423028
0394549082
0060977728
0394502949
0679764860
0395883822
0671632337
0446531278
0446531251
0330343629
0786867876
033033428X
0811805905
034542252X
0684854503
0810934868
0760700192
0671450972
0761515585
0070549222
0471898503
0471850454
0471627348
0201614774
073700049X
0789410982
1589230094
0768320208
0811800741
0963310917
0425182673
0789414546
0684801582
0071362428
0028603788
0806983809
0696209675
0789410532
1564580652
0696046644
0806981415
0393959007
1561387525
0446314838
0534213308
0882435205
0671744429
0553249479
0516016423
0819308609
0399610898
0516016644
0516016474
0152749586
0684149060
069001306X
0690038704
0396076440
0895771632
0140390340
0834803763
0395291305
0525296107
0735614490
0596002491
0786915870
0789715341
0425176649
0399151346
0671520350
0684807610
0743411463
0931432022
0060969288
0671727095
044041444X
0915943921
0060199865
0671638491
0754804615
0848722507
0806966440
0806968699
0465067867
1858284422
0670837547
039452764X
0879518502
0895298694
0441007465
0062585274
1565920872
0066209234
0895264544
0684811820
0684859718
0440220734
3492233503
0375506063
0375502319
0740718576
078212710X
0140102663
0060162937
0060162945
0060191546
0879852429
0895297272
0062500872
0743426894
0670030473
0141301120
0375401156
0385336454
0785700099
0865471185
038533673X
0804833087
0778320359
0671551701
1878398148
0964322218
0072122234
1568840489
056338722X
0812034422
1551051656
067179325X
0394845552
059044879X
0307130673
0716616254
0716616114
0679858555
0671663488
0394874994
0789466341
0439121949
156326207X
067165859X
0671658581
006446704X
0882404954
0590455109
0590468464
0439241731
0822514567
156326210X
0439240239
0689715161
0448402238
0789473631
0316781975
0689816987
0866225366
0590134493
0590473026
0590023780
0439201659
0439042879
0307100839
0816745072
0448417413
0307119785
0763607517
0590769650
0786808373
0307100944
081671441X
0307118533
0525455345
0881064645
0881068942
0816717923
0671681362
0590409891
0816735107
157062187X
0767909208
037575525X
0791412865
0791434869
0671412205
1878239090
0201135493
0672526344
0395199794
1558532781
0395348358
0917352017
081391289X
1573221708
1558749780
0684861518
0312859201
0345408578
0886776759
0553569252
0732259037
0895865475
0671673661
0376038608
0670818941
0696025574
0517887940
0875963161
0674577620
0072227877
1556158068
1565923766
0060183349
0312114869
0671822543
0207189668
1886913447
1558745726
039552394X
0767908155
042519311X
002037500X
0226752275
0687278007
0871230232
0195208153
0684843994
1402705573
0806961511
0465006140
1853267805
0316150541
0879756861
1567997554
1883422051
1555972357
0393046850
0684824183
0762402377
0764150391
0061011509
0060114991
1887208046
0671796119
0451450159
0553273965
0071381392
0922705437
1887128425
0969245726
0394745027
0525464689
0060105283
0380788411
0893011150
014011582X
0316344095
1858910684
0873228669
1555836585
0312266626
0671577905
1565298942
080651728X
1580420249
1879102463
1562055852
0449147460
0517662000
0672309785
0965966755
029272019X
1893956393
0679442529
189568630X
1896219012
0321170113
0060535679
0966942604
0767906047
1891984322
0764535757
1861003730
0201727870
020135358X
0201354632
0130878278
0201741334
188506845X
1565925157
1565923251
0399527087
0688077625
0415933749
0743439724
0440223814
044100797X
1564588637
0395467225
0393323242
0151008469
0671695886
031287829X
0783548036
0440228166
1552975649
1895629969
0553370316
0314128042
0201696967
0719552885
0590458469
0789483947
0670136662
0962936022
050551964X
0380729369
0876669658
0684830272
0425174077
0425171132
0262024616
1903468000
1555611745
0586044566
0743225708
0393963357
0672307456
0698118022
0894806319
0448415763
1878257145
0806994029
0373441835
0465048927
0397013353
0382095464
1571430547
0871131943
0887309968
0809231492
1567182992
0395892732
1550501208
0590483579
092077525X
0590435159
0590410091
0307045420
0442003668
1565921232
055380247X
0671433083
0060976519
0394556631
0130819336
0312855176
0312044178
1591450365
0130661902
0876043902
0393300560
067172066X
0385232799
0897932188
0394563492
0385317956
1888799315
0897932935
026210069X
0451411633
0375413022
0066211735
1586481541
037541536X
0374236488
1570717141
0070522464
0743200799
0375414940
1585742198
1565924924
0517703939
0465081991
0684827573
0465053548
0913580821
0893815381
039453512X
0395537592
0471127957
074340727X
1562828746
1850328471
0670875678
0060193611
1578564816
0965590194
0764152777
086622212X
0793803683
0939251906
1852305029
1842770772
0399143920
0762103973
0471858013
0395877571
0806902833
1564581322
1566194024
0802135897
0671549197
038549422X
0671240862
1570642753
0619015268
076453310X
014005121X
0385334850
0679732136
0618082875
0811717283
0528820745
052882399X
0516098020
0394800303
0152243151
1879287021
0316772437
0152001107
0307204006
0060201851
0805059091
079380258X
0201570084
0385314647
0439131952
1567188095
1562825348
0613085744
0517703289
0866224548
0435083716
0696206366
0815106653
0486287386
0743202228
0446517534
0764505041
1572319364
0812926013
1564581764
0671782231
055337320X
0385333099
0895774283
0517880105
0897210026
0764152688
0786704551
0805027599
0062701789
052594446X
0394870239
0671737953
1566869250
156686903X
0793821010
0761300422
0761312838
076132562X
1562944002
0066620422
0688161480
087584801X
0812930371
0684867400
0395727685
1551666022
0807588199
0316829358
0441005373
0130342653
003001512X
0060404361
067003116X
1571103422
0374321272
080149687X
0226816273
0802772463
0805026568
0415141842
0674704940
0313300704
1565937287
0670869392
089774151X
1581150296
0761504966
0306459809
065800221X
0816631298
055325748X
0192834878
0761503714
0030115078
0130815667
0130112887
0764500481
0812043626
0070605769
0764560670
0899199577
1557831572
0590399934
1853266817
2831504139
0679778314
0749399570
0761511059
1857021584
0340769688
0671530720
039731681X
0911104917
0871318156
1852337095
0671466844
0563384034
0451627768
1561385220
185471063X
0582556503
1869890604
0436204959
0156027496
0749429704
1568600461
0671660349
0380711117
0446347272
1572240687
0517572605
0471572918
0672314983
0440226147
0684862328
1573247073
0914516132
0802713637
0671551655
0671877739
0521633982
0743400135
0070676844
0897321146
0875963005
0806947241
0439106753
0590762621
0439115213
0439070317
043907035X
044841838X
0761975055
0553345117
1886330026
0887306705
0140266712
0896584658
0394871804
0060973684
0717282783
0307681076
0843119039
0060950668
0738206997
1564586146
0879755733
0691033277
0201422891
0684810204
0316491705
0375700129
0871206404
0060913150
0743407253
0486213943
0679721878
1881527301
074320297X
0312867778
0312284195
0679428895
0312262868
0060086629
0465083285
0974506818
0070132127
0517703912
0802713157
0553249835
0375404481
0671682938
0226542378
1740470893
0743464664
0679994092
0307130444
0312141378
1581170769
0849914663
0060524367
0805063579
0684809184
0802482422
0962959170
0806509732
1878175505
1585743941
0806516674
0914676520
0385337043
0889830096
1894121082
0061000671
0316116106
0140093664
0307010007
0307020231
0345298748
156592262X
1578700396
1565927087
1565923227
0895263211
0847811603
1559702680
0452269520
0760307520
0760730008
188691026X
1856190676
0752818643
0811215199
0789306808
0738204005
0786887567
0743241657
0449219887
0439113520
0671748882
0811722961
0679864318
0893752908
0140513221
0590457128
0394820932
0375800093
0553117084
0553371177
0440423376
0880380802
1570822662
0679857079
157082262X
1586602373
0897090101
0671797476
055356918X
0151334811
059045658X
0671793497
0961484047
0887305938
1565925122
0802112188
0312262396
0465046347
078971146X
1568849443
0964809400
0789716720
0201483033
0525937269
0465007228
0030226546
0943403243
0679743944
1568303173
1883577632
1576101029
156884705X
0767904133
0671207148
0849944783
0875420052
0345362241
0061000388
0671476629
0807820733
0805018956
155634127X
0934878307
0345381114
0201567512
1563270439
0071375228
0201615843
0066620120
0738202444
0397011695
1576832880
0671649574
0891079025
0345382293
0393010465
0312301898
0425195295
0823073335
1879102919
1879102064
0903505460
0195132408
0743474643
0312285140
0843711213
0826411746
1862070059
0385084765
0071350055
0121218511
0525946381
0743444043
0425188884
0425172686
044900712X
0070356831
0812928377
0671002279
0595205763
038518400X
1843540894
0140140700
1901970310
0395277884
0809030411
0517582155
074321675X
0805033041
0385495404
0821226703
1563056313
0832903507
0385299419
0394731271
0394731395
1891517503
0395599326
1565792807
0679723064
0898864704
0684834820
0816508356
0871087324
0375751521
0894718533
1878685546
0374250324
0670814466
0679408525
0874170966
094544866X
1580400523
0945448856
1580400035
1580400469
0945448333
0195078004
0936608250
0520238656
0872234878
0517118483
0300095325
0802714129
031210409X
1580400388
1565652061
0803280033
0805066322
0696206900
0679454500
156852398X
082481424X
0394543955
1884224059
1588340023
0395670292
0618056653
0312199066
1580401317
0898867304
0684811073
0805066144
0805066152
1840462515
0425179877
0525945717
1401300553
039914207X
0688085458
0913087025
0782127711
0886776481
0671042114
088404291X
0688172016
044100329X
0425149579
0679420533
0002116286
020135473X
1883955084
0684860015
0847693643
1551092905
0393040771
0306426536
0465032044
0394728440
0836236394
0961462000
0698306619
0553372971
1568360142
0764539507
0786002999
0306804123
0439176832
067100316X
155963216X
1573223522
0816769729
0895779137
1840842032
0316808946
0446973483
0696206730
0441009123
0312856423
067232105X
0671659081
0307061140
0307060993
1570826935
1570826927
0671422901
0671880748
1570980071
0590881299
080694756X
0385300441
0764504525
1565657063
1890957267
039526619x
0895860775
0822437694
0793820103
0060252022
0783547528
0865475431
0140170138
0395285216
0030693012
0764113798
0812098080
076890806X
0395859964
0842318380
0822053187
0806999780
0806920459
1564772594
0875967175
1570629048
0345414373
0345385284
0786889136
0385498837
0684832941
0195143051
0140296476
0451522907
0789709252
0836270096
0735611319
0395609763
0515126543
0878421602
0140069631
0684810166
0671854135
0439139287
0226044408
0394494326
0375703373
0671722107
0380772329
0823059243
0375502904
1591840031
1889833746
1885173334
1402709668
156156401X
082300984X
0376013192
0062733710
0345278372
0806964650
0789423936
0938717413
0761112227
0441013910
0671559591
0670894486
0373244835
0670030260
087477859X
0345447069
0446370363
0789206749
0874772362
078947381X
0785263152
1560255285
0500019053
0679886893
0380789094
0679867007
0679876618
0373259565
082175324X
0553492691
0312240910
0515128740
0821761269
0373484909
1567182607
0822003554
0671774786
0201357569
0764547003
067973614X
0373272154
0375800263
0376030453
1575213931
0916489744
0672316358
0764508121
1576102513
1568840799
0345308360
0762402032
0394739698
0451457072
0060176652
067170866X
0894950223
0452270936
0375761764
0060959789
0375762302
0804109559
1559711868
0521585635
0590454331
0671761226
0671876988
0671653741
0809432609
0308101251
0521357454
1566911494
0684840022
0813918677
1560986077
1560980591
067399094X
0915272245
0064300862
0874749530
0130811270
0195007778
0844286184
002327901X
0786880953
0385469551
0935576460
0671654128
0380773791
0375409807
0380973928
0590494236
0590997327
0590762583
0844247480
0451201655
0553282549
0871311801
0802760945
0697062023
0805503528
0195403843
0872871940
0688007481
0001382608
0004334787
0442017707
0689705557
089169515X
0690012888
0399208615
0399209743
0529055600
0399207880
0025430807
0771061005
0446357863
0871968460
0934878129
0030003474
0070558701
067943125X
0671002619
0394851323
0684865416
0140309128
0590866346
0689852940
0881768502
1557820120
0670861936
0816733872
1570821119
0914846248
1564581349
0306809907
0743245458
0061010898
0877423245
0813919983
0374126461
0762409444
0393050939
055380202X
1570541019
0897332024
0674463676
0671002007
0671567985
0613173503
0140188592
074754042X
0517118807
0027657108
0394954602
0590189360
0679430067
0679733558
0684864339
0380793717
0763614548
0679844376
0394898095
0375808914
0782124674
1852425601
006008460X
0517592576
0761532552
0679456996
1857989481
0887764282
0898621496
0425188205
0671683225
1556522746
0761517065
0786868031
0028604156
0814405673
0812925904
0393050041
0517149397
0553375156
042518451X
067972155X
0679456589
0895294907
0300040873
0201696487
0471118494
0789700778
0672306670
0451408225
0380789108
0131867016
0062501143
0201096676
1856493423
0387989161
0066620724
0345253566
0886775469
1852423196
1852425474
0553245244
0451193261
0312422326
1561895113
0774712678
0836223012
0764502344
0451456815
0925190500
0395770149
0963188933
0671633163
0684852810
0805032681
0425173704
0345390938
0380730618
0771044089
0888626983
0440217245
0671876414
031219983X
031220955X
0346125138
0517592398
0715630954
0867600055
0525934774
0743444728
0345461843
0375508562
0399143629
0385485573
0679457143
0871134640
0571199976
0486425576
0446690589
0413724905
0671002376
0465017606
0553492365
0684845164
0553492632
0743410238
0192880802
0345407113
0811832279
0743227042
0345455371
0807014192
0743448545
1930892128
0824793773
0824787846
0807730572
0801668131
0801679613
0805057706
0399514074
074341795X
0679883398
0864425066
1569246602
1878823205
0500279322
0965400328
0878577211
1841151890
078943962X
0812512847
053114058X
0671666533
1579549586
1890035009
0465042252
0060917059
1561642045
067178546X
013121831X
0786880643
1575664569
1564400778
0312281528
0465044735
0786881585
0452265886
0805054065
038531700x
0072121270
1570621225
047117727X
0441000851
0385334907
0440235715
0394822544
0912186933
0671850229
0471183652
0937064505
0563371277
0679735666
0395645662
006108171X
186448280X
0452265053
1561381489
1575210398
020168862X
0671497316
1560254327
0395346452
0684837056
0658017934
0929173252
0312069146
0671877704
1590560442
0586050388
0133499456
0672308401
0701150696
0142000159
0688058744
0553277758
0446530883
0913589462
0140285598
0752817299
0810938928
0875420281
0395877431
0385503520
0452269350
0226317641
0812092813
1869534190
0195405366
0969280726
0792274989
0877736855
0807843636
0935848444
0393063852
0684836262
1550549952
0824815629
0804712441
155110301X
089272336X
0684718863
0609600923
038078517X
0826400183
0060157895
0743458621
0393045625
037570261X
0866227865
0679865683
0679860045
0521010683
0590373889
014043268X
0689814763
1572971800
0764501879
0307240533
0590202995
0671007939
0425169731
0679861815
096941806X
0671658166
0283073217
0786882069
0394810112
0433397101
0689826494
0805041346
0671894560
0747528209
0345348427
068486424X
0130616443
0707102014
0863696503
0205331920
0072346949
089577397X
0782141668
1582341656
1561705721
0066210852
1579213286
0595229883
0442001177
0671527320
0716736373
0130305367
047136522X
0072322381
0534561152
0300078552
0803493762
0553565567
0385422822
0312927215
0966288904
0876285655
0534508545
0130856401
0822013541
0689817517
0151002797
0809311100
0813513960
0671887246
0316134767
0130084662
0590520938
0517799693
0441010962
0886773687
0441008348
0671255274
0871915065
0195063317
0345464982
0590483072
0553568027
0446364959
0449006832
0505524449
0517545357
0060926724
0802132987
0893842672
0671042955
0879237422
0195135156
067175081X
1572972971
0553574183
0553579002
0553568019
1569717451
0684810522
0920656331
1558533273
0060007737
0671671588
0671767895
1568840241
0822311682
0441008313
0886778344
0505522691
0505523078
0451405994
0505522918
068487136X
0231053576
0393046842
0878332030
0782901379
0061056588
0743412575
0812516230
1928896014
0895295504
0811820777
1552094804
1565301498
0142001848
1579546463
068814862X
1870098110
0316771635
0872595021
0609602373
3411086211
0816027412
0671021311
0671319744
0679758771
1570716161
0375759484
0679446346
0070030952
0071343296
0071356347
0810965720
0870447246
0760723079
1583330771
0517268256
1555217605
0689860250
0446524107
0688161073
0521440491
0394525590
1582430667
0878576991
0922769001
0071400095
0195129172
0877736588
0874777984
0743202082
0471399744
0738201693
0812916182
0618042474
0821223542
1575842890
1854106252
0743221435
0465092241
019860176X
006001007X
188028443X
0786885378
0385318901
0306459922
0691048436
0786867817
1568303653
0307109283
0811840417
086318328X
1931868123
0394587391
0811832384
0786705949
0830693742
0805063463
0689860242
0156013908
0596001339
0596002963
1582341303
0805063323
0842349502
0609611038
0449222217
0060509287
0062511130
0425193705
1573229954
0786005858
0671540858
185649814X
0875848508
0812519116
0316738956
031209423X
0735607958
0735605947
073560620X
1572318937
0735605580
0136386776
0782124690
0486284956
0792265211
0811830934
0805067523
0965328309
074324480X
0312857349
0486238164
0465024866
0385335164
075350426X
1567511600
067167630X
1575210304
0802713734
0865714215
0415070317
0849953219
0395883245
0393305287
155591148X
0020633505
0875961835
0312065523
0060156538
1559344687
0925794104
0314127453
0894802208
0671707728
0312252218
0439129338
1854356283
0312263058
1560254017
0316573957
0486225402
1565610393
0760303762
1559121548
0870441418
0817215662
051600591X
0811816036
034543711X
0688081312
188308976X
0486261131
0385195362
0525943404
0672313626
157610608X
0871068052
0743411757
0060166673
0786865512
0380797259
0670032514
0792279522
1558219730
0312420196
0671647482
0345420071
0670868884
0312181728
0897321618
0965208656
0752834096
0380976501
1558505296
1565923901
0312289871
1558746803
1576730387
0446526614
0809240742
0345430794
0140219854
0316366110
0822874849
0316342939
0761306498
158485216X
0531143732
0689806914
0895774550
0753451409
0753451417
0688065635
068802579X
0439568277
0810394367
0393324397
156584758X
0671551329
1568842228
1568843828
067174559X
0060936517
0812917731
0446610895
0786862556
0891074805
1561709077
0395960657
007007190X
1555911773
0898863872
0898864240
0446600512
0671865110
0394747003
0440217067
0875962343
0312198779
0671554719
081291239X
1896522963
0553097156
0914091549
0934601038
0806913975
059040279X
0913515116
1884910327
0758202822
038549890X
0394589491
0809424045
0878572007
081254725X
1568840780
0811704866
0553050664
0894806297
007881796X
0070495807
0806121688
0345427165
0345402812
0380449099
051753231X
0671013955
0890190372
0843950641
0517702967
0590483129
0743421914
0866223703
0834803429
059047295X
1561565768
0590425137
059047975X
093825636X
0761542078
0812216431
0072130318
0072126213
0517688336
0385492413
0375508074
0446692514
1400032253
0385508026
1581126018
0767906284
1400062322
0312285027
0688152473
0823038661
0312203942
0140117350
0684811340
0517706997
1582341516
0312229461
0684191377
0373078358
0373512260
0373613792
0373691378
0743464451
0373252196
037361375X
0505523647
0373079672
0226816214
067165375X
0786705442
0380795558
1893554562
0684844176
0130831549
0670831379
159113112X
0618001913
1857984587
0118806211
1841490431
0140205160
0060392428
0860206858
0722507674
0330373838
0802713122
1580800564
0964651009
1568841701
0671793373
0684196654
0898868300
0451627873
0670813001
0694001775
0671634984
0878337237
2080105396
0671799215
1862041059
0679865721
1850282625
0944589227
0836215249
0394822587
1561564524
0746005148
0394896203
1593080263
0689829523
0448012081
0679890661
0965512509
1559637994
070222250X
0868401412
0312262043
0822508931
0531085295
0702230677
061328125X
0671028626
0822463717
190261836X
0060237384
0312266596
0738204935
038079313X
0822469413
037351316X
0696209268
0486298434
0688168949
1844160815
0821219766
0894719831
1882664442
0910707413
006250925X
0156013606
0192838849
0689828861
1570627401
0394480112
8790730186
0140106545
0553245627
0385318928
0875968600
0671028405
0451185056
0756400597
1581150245
1566261228
0195053052
0451450000
1570829799
0553484532
0375401997
0394556690
0312855028
0140241256
0671479903
0024248606
0201360829
0802713521
0811836800
0553111337
0060502835
0385260148
0394493435
0060173416
006096085X
0449910016
0316809039
0553131796
1401300596
034545040X
0865714010
0913677086
1863732438
0880298766
0451181301
1879102056
0385416067
0880380365
0505520605
0809255553
0380763664
0882665170
0671661302
1583226443
067944078X
0140272380
0515134635
0743223926
0345434250
0821753819
0590463144
0590463136
0373264534
0385121687
0345425588
0805007318
0071423125
3822817015
0671251902
1564580725
0062730282
0836210859
0875962920
0140288546
0875965237
0894717960
1561383112
059012899X
0806983248
1859676146
0696208466
0754801993
0895775549
0895775778
1885223544
0696046520
0696204223
1581590199
1567997465
1567997848
1567996981
0810941201
0811826562
078531685X
0875967957
0875968031
0399142657
0670870617
034542333X
067086871X
0786889381
0061058297
0439135494
0876057776
0875961630
0395911532
0764550896
0394738136
1565049837
0942084241
0801980135
0312973624
0448411202
0689839049
0060194839
0553233963
1575669072
0670859508
0743223306
0517121557
0394890701
067940337X
0671870734
0671027379
0425082059
0060173025
0151005575
0881069450
0789429160
0393050327
0425062880
1556523025
0440404371
0690048033
0893755591
0307118150
067988338X
0375806113
067989070X
0553370529
0816013551
1575050714
0671870858
0768907357
0871562332
0316130281
0590762575
0590494309
059044686X
0684810263
0805047387
0679824243
0916392295
0312106572
087666933X
1560251743
0312278322
0816734208
0590107291
0816717524
0307262022
0307123243
0590262432
0307128555
0789447339
0471120014
0944708234
0394844874
0375813071
0689820151
0609607472
1881527360
0671520032
0913668583
0590445952
1570643296
0590762591
0822492156
0792227360
0394411501
0916392015
080075364X
0836819675
1581840047
0816769486
0071347984
0792263561
0321125290
0020136803
0520215753
1861001568
158243297X
0312280777
1565124030
1568846355
0142001619
0140260641
067179938X
0672317249
0789723700
0786705973
1886411999
0596005830
0596004788
1593270348
0933670079
0764508075
0930031741
0486209741
0439306086
0439207851
0345422171
1562820745
1570822344
1570826307
0590042963
0439042445
0895658194
0312107951
0394837851
0911910875
0895261863
0517223651
1579543561
0874348234
0689805527
0689805772
0060950978
0671891529
0816742790
0425138038
078971406X
1856978796
0809240238
0890878145
0761110526
0609802348
0312931735
0684810794
3548224946
0691049890
0671502476
0553346148
0060194804
0684811006
0394588010
0590434977
0679454330
0816516650
086571357X
0745310826
0816633746
1559636823
0066620503
0590442589
0385414153
1573929859
0451150317
0451408551
0764550438
0689824637
0553378082
0312077165
0393046117
0394874714
0679869743
0439188776
0590073397
0767904656
0380973316
0553106244
0590847783
0312044119
0671744593
0515129062
0870406167
0026885018
0671492489
1573181641
0590327399
1564028550
0895294915
0836235924
0306449528
0393041298
0684857782
0786862017
0553106309
0590494244
0441010393
0571053718
0582717531
0790008483
0060082070
0886778778
0553492357
3540606580
0440206588
1580080405
0471135453
0441005209
0380713799
0525945075
0345321405
0345324358
1568849036
0764501836
0440505674
0743435451
0393325423
0393324427
0452284392
1854904787
0312855311
1857026691
089526692X
0740704753
0671652419
0671674382
0671797468
067177056X
0671568132
0671872508
0671702378
0878573410
0486227995
0809463245
0809463121
0307244113
0451192567
0688058523
0312869967
0453005209
0762101040
0786889268
0962819034
0679745408
030907309X
0306460025
0805071377
0805070923
0394557816
030712004X
076530080X
0262193388
0877286760
0743442229
0590535579
1576108813
0735611343
0072123834
0764507230
0735612846
0735616361
1576107124
1581121717
0595253563
155817169X
0803946562
0439073723
1579540465
0553283499
0425193764
0534217982
075640018X
0441000231
0441090796
0966810465
1565076311
1572970987
0312262701
0531025756
0886191033
0517582252
0805059857
0380804662
0897212738
0966234138
0425155935
0609802879
0684850397
0806931744
0060111089
0399141308
0679411607
0060572140
037550124X
0395522471
0471137820
0192803212
0871131625
0805064923
0879239980
0140047433
0719559790
0671698699
0743207432
0679761659
0297843370
0671872524
0312147082
0590478044
0805424385
0895263734
0738700525
0689808976
0671547798
1571740279
1564146316
0911019200
0525946209
156718443X
1567186254
0619188251
0619202181
0393047520
0671867296
0684835770
1565297768
1565298667
0764545256
0156002221
1567615260
0471133337
1586481983
020148837X
0690044917
0735712018
0465072739
0465072658
0465016065
0689314043
0743445449
0316528587
0613336526
0671880241
047128369X
0091836581
0451410548
0151005060
1569245630
0766011135
1560442999
0671701355
0312056036
0553067133
0811821234
0877736391
067165568X
0684847930
0140260404
0809232197
0451404130
1570671036
0743458982
0717129802
1855380641
0572023642
0752264885
0898860806
0805037934
0373028458
0060595604
0373110146
0226097862
0440566967
0688015395
080149771X
0553051865
0517887592
0879831146
0671619454
0830716408
0345340248
0345388232
0590436570
0394826868
0553236024
0898794471
0866229701
0449909565
096263980X
0312977018
0875421229
0891343296
0486271323
0195073088
0534505236
0801011035
0915793288
0867094087
039914062X
0843950471
0670307254
0792271025
006095244X
1551666472
0380008211
0141001615
0446526061
0446526150
0822954427
0762700505
1850106320
0312154925
0877888493
0590420151
086571231X
0691002304
0670465682
0805238530
156205791X
0446528315
0399151397
0020315910
031285983X
0870441264
067231133X
087628134X
0965026302
1567185215
0671855719
0966817702
0816714614
0451208676
002475630X
0486246744
0802711693
0142000078
0451207084
0590203576
1570540403
0440104971
1881052281
067165831X
009925672X
0789429829
0385326742
0806913452
0312300786
0394701577
0671793136
043921582X
0672301717
087605405X
0688029558
0789723255
0764547569
0201490889
1861000863
0072232188
0764516337
0764543105
0789725096
0672321289
0752827839
0399523723
0671756540
0394869354
0767906373
0060962194
0913592420
0316134694
0679863745
0553484559
0307215806
0966728513
0806986352
0516036629
0738203467
0816703132
0590537393
0590469126
0816732795
0690047614
0307204014
0345326717
014005622X
0553346237
0446600962
0671877305
0684836424
0684839016
0671799657
1564584968
0875962939
0938151541
1878058754
1878058614
0811834999
0590433059
155054926X
0671775227
0571199615
044072337X
0898791383
0465055400
013447905X
0226816257
0451163192
1591391539
0806996676
0307240789
0486295133
0060923156
0786862750
1401887457
0071358927
0385419945
0553254839
0671665979
0867090332
1840462507
0679736220
0385319460
0673461750
0471237124
188641128X
0151898502
0684848813
3423781106
006019300X
0394834852
0374146608
0395421144
0743215613
0394549392
0380973030
037540340X
0060170301
0805057668
006251010X
0679449698
046504512X
078688021X
0156027348
156276490X
1568304331
0671541730
0671568329
1556113625
0877799164
1897884672
0394576012
0412342707
1885171676
0609600796
0843950757
0671795120
067188459X
0671795872
0671793772
0671724207
0671869094
0060969350
0878579567
0809461633
0590762567
0140170219
1570362939
0590460188
0590494414
0590762605
0886771927
0140468625
0060191279
0446353442
0075484609
0891041192
0373169728
0465078494
0373765266
0876056788
186508347X
0451155211
0023159111
0785264434
0072126620
0670871117
0312098790
0881922684
0813366771
0553262408
0765303922
0672305534
0804116725
1567614140
0316908339
0525945431
067188526X
0399147632
051779974X
0876056664
0375504141
0071373616
0071357548
0399145621
071484053X
038533611X
039543095X
0140444394
0316303682
0684839008
0688069592
0801483905
0887306349
0786863609
1562762753
0782120385
0471297135
030908430X
1566091713
1886411212
0679449132
0201876744
0805058745
0306456354
0312932006
0894718541
0679735925
0060172134
0060393084
0071382275
1857025024
0689847432
0807845477
0877936072
0060196483
0060160772
055338077X
074321630X
0060099089
0525246215
0152002715
8408003038
0517887800
0671038672
0553342533
0743455827
0743444078
1550741136
0679762906
1898573239
0684838737
0330375458
0802713750
067163576X
1857989988
0393311910
0571202039
0764103202
0774712694
0590762648
0486226956
0747264953
0764504444
0609806491
0345365763
0671568388
0345382315
0312970188
1579902995
0140139966
0791445836
080704220X
0448414813
0679986898
0590476513
0590463837
0816724199
0517555646
0374522596
0962789658
0939165295
0394837401
030713105X
0393326713
0465027407
0060088613
1401901689
0195147103
1401900577
0802713912
0345306317
0345277961
0345388216
0399149805
0876043554
0866221433
078790810X
0262210169
0415917832
0791432165
0871546183
1579550088
0312926049
1565925874
0684822881
1568361106
0880991690
0806942584
0441008356
1580760945
0465001106
0830628460
0020303750
0517066505
0842338810
0345260716
0345417011
1558217401
1570620598
0764507818
0764506048
0964425890
0451456750
0756400163
0070247846
0528815873
0517572613
0671640526
0920656242
0609609580
0811201511
0374178615
0679747044
0300056397
0312109733
0393022633
081292603X
0140122656
0517546248
0393029530
051758123X
0312806809
0374267812
0679734155
0374250820
0374128901
0374105200
0374106452
0345280008
0425192024
0425188817
0452281326
0515135968
0425169707
0743412680
0671664956
0440206081
0140291938
0874777380
1892049422
068484964X
0394837487
0062512064
0505523043
0449902242
0590298941
0385335970
007138250X
0670887544
0679407731
0618263535
0785341722
0812017706
037327257X
1563824507
0684854384
0312975139
156458061X
0448014564
0380808056
0448014580
0893750700
0070633614
1568846134
0505519127
0895298163
0345435346
0670891606
0671869949
0963154478
0895295709
0395445949
0152374493
0894717561
0590448390
0307231305
0812065689
0448412772
0064460029
0590599313
0590498894
0880881291
0764503316
0761512764
0670841838
0689811926
0689838999
0689811918
0399208534
0395752884
0385473400
1571780793
1886785112
0345305833
0805041567
0805209204
0452264499
0671534637
0805209220
1579543162
1930900074
0486402983
1570640114
0385484577
0764507680
1568846479
1568844549
0670030856
0822493535
1583331336
1400047951
0517884410
0130273635
1568304102
0761523065
0486281221
0486218309
8471319217
0898799457
0471292990
1565070852
0307118606
1571453210
0582060168
0596002653
0672317842
0970747926
1582401829
1590520858
1401300464
0471133264
0761521941
0316741671
0812967941
0312421702
089281330X
0840774559
0671868446
1558219293
0743442261
0132045796
1585673137
1573223573
0345375750
0425173062
0811834603
0764504320
0425159841
039331409X
0060959843
0877736618
0345298691
0888782772
0486230945
0809237962
047161985X
0590419528
0534347835
039535773X
0671793853
0743464079
0471620793
0520218639
1892934000
0060193441
0865714533
1587990822
1930131011
034542008X
0465045405
0743227077
0894803697
0060169087
0821714511
0877734526
067945120X
0060925442
0425192903
1581950209
0515130133
0385191944
0316057487
1581170297
0486250466
0762409150
0195151917
1581803761
0060537639
0609610015
0789496755
1580110835
1857329554
0762413123
1857801504
0375758194
0812967011
031228263X
0895295202
0061050369
0811819094
0786882085
0060929413
0671732943
039526619X
0895299488
156592455X
0132036703
007212220X
1565921240
1558284060
1565921275
1565921976
0937175757
0937175595
0471153257
0195129660
1890817147
0590397575
0060548452
0807031437
0805026878
093601511X
0521397928
0764508393
0130845000
0886776376
0449910709
0809001586
0803725116
0451408993
055305340X
0814721648
0802075991
0060927801
0786860197
002862825X
0446530301
0345407253
0553095366
0441009816
0451458362
0385483430
0689843216
0786804483
020140964X
0688119190
0375805729
0736412344
0375805753
1862331782
0843177098
0689846347
0689846355
1893017508
186233188X
1862331839
0789429179
051756484X
0446600989
034545183X
0373625731
0743467558
0451176219
0449144763
0671015354
0373625421
0425178625
039471380X
0681411295
1555663168
067155977X
0895771039
044100217X
0425178153
0743453077
048627263x
155192465X
0452265630
0262631598
0553106473
0441007694
0060160950
0373243456
069620682X
0767905598
068483457X
0155161431
067164727X
0060953020
0821755528
1566261635
0020427204
002042700X
0671040774
055324504X
0671040790
0142437433
0553239929
0399526323
9625935037
0553381180
0914955063
1930051220
014250050X
0670858382
3823821245
0679824251
0784708320
0027613658
0836250907
0393308197
0805019669
092989507X
0752838121
0563387408
0903505371
0754800059
0751308005
0563371358
0671000403
0140035745
0812578791
0505520257
0553582372
0801838010
0441858767
0465091296
067400194X
067160032X
0786851481
0766804933
0024198358
0553298119
0553298429
0553562630
0192828193
0385499086
0871507676
0226425940
0698119002
1585420069
0876054122
1878239155
0312878702
0810915146
1566091594
0135658217
0672307871
0789723166
0874774241
0672317206
0025225804
0684869543
0226143813
1580082394
0789713845
043904362X
1569244669
0912550015
0070459835
0345346297
0679456023
0486424502
014130975X
0872204227
0375508325
0805242120
0764100769
0764114638
0072318023
047141803X
0618197028
0471351962
0136119719
1580083447
0073656011
0395745365
0805366245
0534370926
0192829475
0590761846
0945354630
0393051242
157542035X
080506284X
0321078438
0312269099
0451526910
0945582730
0385502443
0449230945
0916773337
081183199X
0531112810
0385419937
0684825090
0877287708
0590444972
0590922424
0670232165
1559580046
0743201655
0525939822
1555911447
0743480694
0812511832
031285532X
0767900480
1571290788
0385489056
0671643983
0671747967
0553246364
0020426917
0571199054
0609804758
0375758283
067187084X
0385311222
0393001431
0299096246
0842346155
0875964133
0445205474
1551520540
0070345465
0140177116
006105206X
0843104295
0894801937
0880380845
0375406492
081180139X
0345394801
0452267692
0199100942
0451144899
0871135248
0890879451
0688091318
3908247667
0399143971
0449905446
0451453638
032103788X
0446602604
044100850X
0929661036
0553053337
0812046056
0764501208
0394587693
0688087507
1571458697
0743222288
0451186060
0684857332
0671696068
060960385X
0671799568
0240802608
0671037692
185723314X
0891349251
0486235009
0684835509
0380977915
0415125715
0670808423
1565922301
1565293053
1565920465
1568302606
1568301774
0471598208
1560250801
088404288X
0471859184
0671774654
0763608106
0679751068
0738201669
0440911230
0515109754
0201489988
0440420385
0152012842
0671537954
0875966705
0735708967
0441674518
0030695031
1562055593
1566091381
0345419707
0914846566
0877423814
0070480397
0312970285
067100221X
0373612222
0812034252
0812035046
0671006673
1563707357
0375713425
0671020366
0684846098
0140072187
0671007300
0671014323
006057559X
0521386950
0671748084
0671041827
0672310694
155934072X
1566046866
1565926536
1565924258
0590527924
0786710055
0380724723
0590419536
078944724X
0375813578
0394886690
1884364195
1884364411
1884364268
0395879884
076153475X
0761536744
0870441973
0152008128
1566868939
076450214X
0590400258
1576903389
1566868157
076153170X
0761531726
0375404031
0816027722
0684833379
0822453614
0061059307
0061059374
0440405653
0849934044
0672315009
0130895717
1572319763
0761528547
076453484X
0764547305
0672310678
0672316382
0672312999
185697801X
0786881089
0446513857
0590066595
0590344153
0590066560
1586637517
0553102923
0440503647
0684815427
0060005998
0470849827
047139341X
0743229517
0804118752
0747542813
0064637336
1557042233
0553075527
0684826631
1886433763
0345368924
0345340965
1565920864
0060910305
0517573229
1556234244
0207178550
0671319663
0886775809
0345428501
037312001X
0505522128
0515121290
0451209885
0312965095
0312861605
0375811648
0789471698
0805036261
0060187018
0553240013
0865730830
0848723902
0345340949
006447190X
0671668331
0310219442
0809039214
0449148386
0208023143
0874512964
0684857189
0385312571
038531843X
067163514X
0394558502
0791019845
0764113259
0762701307
0425189066
0671024477
0451409221
030711659X
0352336927
0816726132
0375806164
0226650251
0843946237
0310528801
0061084050
0930031717
067417948X
0942256107
0812531671
0471897841
1400034213
006019619X
0618335404
0060006781
0743220102
1893224546
0892811285
0805037756
034544101X
0006385427
0939666758
0895554941
0394824571
0300084641
0307109291
0842303804
0860519260
0060513608
0060535962
0195139224
0345277023
0738204366
0870449842
0380804689
0684835150
0394534816
0440384249
081180142X
0441007872
0452283043
0441009549
0299196801
1557507023
0875966497
0679310495
078621371X
1564145530
1567183964
0875421261
0553354566
1567186335
156512071X
0393700194
1555425550
1400060133
0964427907
0385477813
0553103741
006042561X
080328165X
0140243283
156865037X
0060173696
0762103310
0195117891
0517577291
0521642396
0375500707
0811832007
0312280610
0060267925
0738700703
1565922840
0764503324
076152729X
0840764235
0672315092
0806904569
0679457380
0887307477
1550749668
1575660180
0922915563
0738700312
0441009352
1565124219
0807574570
0151007039
0060975008
0515119806
0746010095
0374177112
0517590751
0131003550
0873921143
0023248807
0534953085
0688131379
0684868849
1562920995
0525249907
0590672959
067189806X
0553562541
1887078649
0806903279
0195218337
0933280823
1572230924
0395453909
1570980160
0590324330
0441731228
0441731260
0942237331
1561387398
1558284036
0671702491
0767417011
1840182318
1562925911
031213620X
0304346942
0375411089
0609608983
0399142045
0892563206
0553106236
1893732401
0684854848
1556431376
1561383570
0744001986
0738206946
0674566769
3426611937
0943104831
0945397461
1877228338
0451409493
067101465X
0671047493
039304002X
0671014676
0307617955
0671002589
1558283854
0126246602
1566198216
0072193840
0670830909
1565123107
0152005471
0385020422
1853686700
0451207025
185626436X
019283309X
0195581172
0195580591
0790005190
007070550X
0316359580
0375501290
039304064X
0792279611
0451527631
0563208260
0895298090
0792269357
0316826812
039589171X
0030045894
0963887505
0399142703
0765303027
0670899909
0812533089
0028620089
0517882132
0671795015
034539710X
0441780539
0679754474
0385267746
0732258782
0374384436
0874779405
067147247X
0452283760
1561381446
0743408950
0441009212
006251380X
0393038912
0684834901
0061051438
0689804458
0060558032
0312303653
0060580666
0060510994
1573225347
0060197455
0066209242
0553099957
039305764X
0060193794
0553576178
1884834078
0297815288
0688086179
0715308394
089334222X
1899762043
0762103280
0762103388
0312093993
0340768134
007219300X
0684819899
075222414X
0810939983
0786712716
078686883X
0688121896
0671013971
088001671X
0786881879
0684818221
0062514792
0471123080
0671778978
0201328429
0140248145
0553344323
1891620193
1859841295
0684838613
0195092589
0465069908
0590466577
057507390X
0439317924
0345377184
0886771064
0451452526
0964692503
0072311908
0836223020
0812018680
0425160130
081917825X
0875965911
156458027X
0312139853
041690100X
1893956032
0312863365
0684837528
0375500561
0696000652
156305339X
1558504788
0789403374
0517162598
1582293082
0553104535
0812041585
031218087X
0876591624
0684844095
0764502433
076450665X
047206357X
0590464159
0312968949
0866221042
0874776082
0618048731
0534587887
0812963857
0898794455
0312970986
0538811870
0070496358
1892065606
0345434684
0453005004
087628411X
030774017X
037351235X
1578400651
0688145507
0671439553
0689831978
0804820279
1895900611
0393306763
0137231318
1573221279
0060174919
0451453832
078972829X
0816516413
0768100941
0445046562
0812531108
0671432435
0893817279
0819552755
0465007201
0684865343
0743421876
087131813X
0711249628
1571780866
0789726912
037580417X
0803717792
0786810998
0563538511
0232515840
084991454X
0787901822
0879839295
0505522659
0671721968
0062500783
0060405821
0806913681
037576139X
1878067273
1558605347
0520070631
0415930111
0684812010
0446673919
0393315681
006091209X
0940975017
0689820372
0916119556
0590481355
0590117114
059068714X
059004706X
0448415941
0380977753
0802771149
0525938273
0789455315
0689844182
0964081385
0764107232
0895775654
0874775841
0142180149
0882668889
1575662302
0393046885
0590477285
0590471287
0938190644
1558217479
1880599538
0525483454
0764560425
0966994922
0393302393
076153136X
0782128130
0761519432
0201696983
0735710732
1887902783
0789725541
020168859x
1887902457
1565922352
007213108x
076453470x
0761529055
0395282179
0590436147
0321043731
0140431179
0881501166
0425173054
0345402529
0843942533
0812566378
0850309859
0743233476
1551431335
0920576451
1565970004
0002621010
0385250630
006621274X
1878086952
1561709336
0375412883
0931719011
0425158543
0515132306
0874570891
0690018231
0721669743
0385265840
0714530557
0889020175
0889610444
0440596483
0062554182
0809448610
0809448696
0590880160
0394854438
079226472X
0394715969
0425134202
0062516590
0865476365
0765300362
1568840748
1878542907
0140510397
0394853334
0679810471
043910677X
1550547100
1558285520
0789722399
0134808800
0139498435
0130614661
0471602035
1565549945
0894718797
0747526443
0743413172
0764102974
185702317X
0919783465
0345419685
0801852447
1584850825
0738208248
0262681218
1582341087
0870441868
0870441892
0688126596
0684831872
0415302706
0262122634
0415944007
0471202576
0415945097
074531774X
0415240174
0485006170
0764507214
0195512790
1565120965
0670837652
0609601407
0472088491
1864364408
0380979039
0465043593
0316038121
0767902408
0805046968
1559705213
0865714568
0340541946
1864362006
0380772876
0864313004
0855633433
0521599326
053408172X
0534096727
0139067027
1569472785
0415131723
0521567572
0750706651
086431339X
0864311893
1864484322
0522848966
0304705543
0300079826
1850004811
0534154921
0262631652
052143971X
1862872252
0393011836
1863510087
1892065029
0207168814
0747553351
0007117507
0060628642
0747259887
0262112272
0262522950
0201874849
014028561X
0631226494
0761926879
0716723212
1557863954
0521790069
1876473169
014043237X
080504891X
1580082297
0312396066
0803955405
0761964401
0321056779
0521627494
0521796792
0415117909
0521254779
0333984684
080395767X
0226065847
0803938632
0224037161
0297816926
0316640522
1857996488
1864484160
0333962990
027365604X
086840781X
0415289793
1566913101
0619131209
0060166851
1886093040
1578050383
0816744289
0590118315
0316778540
080698323X
1560250887
0060972769
157071164X
0132903393
0130107786
0840751397
0307131726
0890154570
1565920414
0375411127
0679890637
0898862213
0738200093
1572313153
0316234192
1896951120
0671631322
0130989088
1402710631
140271064X
0486270785
1568810830
0671721216
0023658207
0801097398
0802713300
0684864223
055324793X
9057020661
0691087504
0252064364
0684802902
0060194979
0465041752
0792261887
067976867X
0394515927
1565610008
0553373315
0134635221
0312973152
0062734660
0764501100
0345384725
0553380419
0849938910
0671700715
1883010365
1883010144
0688155626
0072131403
0380973022
082340630X
0440410517
156044942X
0735614539
0520218752
0060629169
080500775X
0471385107
0830604790
0151005249
0385482264
0743400488
0201886685
0448418401
1843330202
0671319981
0380802090
0770423310
0307118894
0425177742
0226808408
1560254556
0061013536
0515120847
0316821497
0380820781
0471142751
034545281X
0310585600
0688157572
0812556143
0671730320
038526254X
0688061397
0060165901
0399144617
0689710542
0373700040
0425176568
087477957X
0452281377
031287216X
3540526897
0394573358
031286034X
0688048382
0805062440
1885171714
0812967658
0060670223
051758221X
0811817962
0807047023
0684847655
0226701506
1566090210
0965172805
079223426X
0792234235
0792234251
0671014463
0385508719
1580910157
0765804298
0671663429
0380775786
0743435664
006019863X
0802774784
0060509570
0684822644
0679774106
1566046173
0764507354
1561797979
0764508938
0672314932
0691050848
0553095234
031600023X
0521427088
1556703856
1565921496
0130202630
0743205227
0812045998
0399240071
0385311567
0553405071
0312867123
0312200102
0871318059
0609605313
0816629943
0816629927
0195084438
0671001256
0140119000
0684837102
0671505378
0735200335
477002147X
0689821859
1551664844
0590441698
0060523794
0393306550
0060175451
0671023519
0786014679
0451207300
0671528343
1577311825
0679448667
0375500111
1570752370
0440104734
0385336187
0226252035
0674576330
0345336895
188492977X
0738200212
0684810077
067166980X
0064637344
0782120261
0385502524
0316688495
0385490550
1573220426
8402048323
0070684863
8402047831
0684842718
156352578X
0201791684
014200121X
0201608405
0425144291
0789454211
1576902889
0395877377
0373263694
0760050929
0672317788
0590404954
0698118243
0789454068
0809166518
0893759724
0816703310
0786013990
0531029301
0590253522
1570825254
0307101630
0307020800
0892815108
0471171875
0345377982
0590462946
0139586032
088768064X
0670899186
0399231277
0961462027
0671675818
0380770717
1883647029
1879181479
1879181215
0939680556
0671756079
1879181304
0671001590
068814649X
1557489106
033371752X
1853685836
0399149252
0672322544
0007103921
0449206548
0743422465
0395977657
1562763008
0441005586
0764504266
0671799649
0789434504
1929766084
0689822804
0787902659
0062516582
0672304643
0078823676
0131262025
1572596112
067944677X
0553246348
067988470X
0446677264
0439158079
0895652153
0590484028
1570545685
1565924207
0026851555
0671885073
0553228668
0425072975
0441718515
0451144465
0671721275
0880384557
0671024973
0441001157
0152012850
0451453964
0486656209
0523416466
1566041791
1874166218
0671025007
0671011405
0744590116
0312874065
0670858048
1869501853
0670863920
0671708201
0674314514
0790003473
053110902X
1859679404
0231070594
0517572591
0836227697
1857936159
1859679595
0195581776
1850299072
0751303445
000627658X
0340599561
0207186332
0582035015
0958800472
0395773075
0316849472
0531059316
1564146685
0767904303
1555610242
0895946149
0380801701
0880883928
0345293002
0875885594
1556431635
0553574973
0671896563
0425166821
084870777X
051757098X
0020641400
0394712587
1570541787
0143018809
0684860260
1852276843
0880103892
0060175931
055306682X
0804111618
0888392818
1885211422
0071410287
0316881791
0440502675
1565120442
0792279964
0451411323
1560255048
055356370X
0505525917
0671780492
0393325261
031228554X
1400048702
074347550X
1898323887
0740738593
0762413077
0525947531
0446613606
0679783768
0486287602
0441010849
0865714088
0446677434
0425190854
1890771651
0375719288
0743205847
0446380792
0618197362
0887306748
1560520868
0309044944
0743462807
0671035797
0140285946
0684808900
0373027605
0679642870
0609809172
1586852590
0671898019
1573225665
0880014733
015100269X
155652210X
019282080X
0393319199
0385334176
0805062262
038076511X
0517150808
0916410676
0688101771
0448404753
0448191164
0345425871
0689813422
1569521409
0805052151
1588162192
0684822571
0486290379
1558534997
1931868093
1558215476
0811836347
0786853212
1569472661
0060194596
0300076096
0829902813
015201344X
0440400538
1555662412
0060143266
0385334222
155963927X
155591036X
0028740106
0664325564
0393314251
0764585304
0439070333
0435081241
0130558141
1570611432
1878067184
1843330520
0425082717
0394734947
1586602306
0609803719
0486273784
0312860420
0964332809
037570051X
0345381688
051770787X
076530158X
0553348833
0534348939
0671751034
1550132245
0345362462
0375422331
0774800925
0471595497
0201749696
0446672939
157071911X
0375509194
0375507167
0875968708
076810131X
0679749268
0679741488
0789478994
156098368X
0811806553
0312058667
1583225919
1857988647
0195108280
0393033856
0226301516
0780311361
0802074111
0060184078
0886777917
0553227742
0671702831
067172052X
0671014633
0201115190
0449130703
0374272387
0835607313
0140147756
0786803398
0385336098
0486247619
0806124733
0201734303
1568303823
0937175838
0156000970
075409054X
0895295482
349223674X
0609600354
0441000681
0792452631
1885183186
1580170757
0374523193
1932234063
0743403711
013797101X
1558585346
1566260434
0679463038
0394729854
0918495253
0684813335
0813511453
0813518121
0316088188
013611542X
0486259978
0812047664
1555910882
1555910270
0446393959
0316034347
0914732226
0385190727
0697145530
0451456122
0451456246
0451456041
047162084X
0963159194
0882666207
0916124142
0813516358
0029115809
0801838339
0674659201
0394547241
0060160551
0553070819
0674116496
0385263279
0060973145
0395500818
0380835193
0553077724
1567311369
067463442X
0517703947
0393029611
0393302008
0380712342
0671724991
0385412649
0525482466
0440362660
0553275801
0395331455
0345288238
1569751005
0517548747
0671024434
0434960993
3823803662
0813513030
0671036009
0671785621
0671042432
0671042408
0762402334
0945903219
0782127215
1570231052
0860209644
0434967092
0897893603
0689835914
059025961X
1562820125
0836270045
0517706792
0744563755
0446675903
078972331X
006018471X
0672313308
0764534955
0789722402
0688155081
0945912056
1561560685
076890952X
0870446797
0380795027
0446519774
0812545842
0394835387
0061006149
0394490185
1899163123
1881325210
0809281090
0465012353
0425043150
3540760954
0515106623
0449220591
0806965142
0399116699
0380018136
0673980693
0373253044
0451158768
0915811065
0806905530
0590049801
0439296501
0307204022
078531489X
0739439707
0811806340
0937921556
0898864631
0747501025
0071347674
1882419529
1556156782
1572313439
1556154844
1568842309
0764502751
1568841639
0078822408
1562054287
0789711168
1565296869
0789708426
1565299981
1565296273
0471178411
0079129838
0201192462
0521468213
0201006502
0070636362
0395848385
0743201744
0375508147
0812927370
0297816705
1592571700
0671819119
055323661X
0553801171
0819305014
052594270X
0394896955
0375406204
0312084986
0965834433
1590520734
0486203948
2850186457
1572242434
0393051005
055329587X
0735609713
0307602745
030700306X
0307602389
0687132428
0812028597
067940774X
0830619380
0830631380
0380837749
0152012419
0590448919
0590334107
0425166201
0812026314
0879752858
0805797424
0877451761
068481871X
0812020707
0812020693
0671740954
0465092128
1560322233
0671463632
0804717702
1573247197
0415943205
1564144917
0471150576
156858265X
1590580486
1929925328
0679739300
0812552288
0385493622
067152948X
0312283091
1562790358
185283899X
0471124745
0471134597
0471553808
0132635348
007059239X
0471873241
0131286293
044050841X
0821739522
0345317998
0373638361
0425053121
031286955X
0312954816
1582970076
0590114069
0761508147
0446513466
0874779545
0395633184
067521162X
0395421101
0316236535
0792272218
0811832937
0517704005
0393320820
0205323669
0534365825
0767421523
0534586171
053458618X
0534608671
0155062050
078795019X
0806987898
0192861824
0805013695
0671630148
0671004611
0878573402
0471018732
0764502050
0891347550
1888869003
0670880183
0874832004
087905963X
0465004180
0670829358
078354751X
0812011414
0449242579
1571430156
0448428636
0590366572
0875421830
0812065875
0395730996
0689504551
0806972955
006106002X
0806526300
0307118223
080694868X
0919964583
0141185465
0895773848
0897210107
0921820453
0696018071
0590845721
0435906739
0689808542
0843139579
0679767983
1856979733
1570718229
0399525610
0471889660
076450245X
087156680X
0913512540
1892941589
0140243887
1570829373
0786831987
039952293X
1566040051
0201622246
0931141419
0415106001
0517576600
0672227878
0131654403
1568842422
1559580887
0345342615
0674046803
0771065949
0505523876
0765301679
0345253787
0192862189
0738206792
0312872003
0446677949
0553801635
0875965334
0395694604
1577576438
0345295242
0520215745
0887307043
0471644129
0812234863
0762407905
015216281X
1571400079
0590496379
0937934399
0671536265
1400300398
0870446584
0789702401
0072337397
0072398329
0760049238
0619000279
0672317885
061901590X
0072127066
1888451173
0394745361
034536130X
0671567802
0679419896
0553101595
0061008524
0345340396
0764121650
0792274512
0385312865
0380753499
0061056502
0789709996
0425177386
0671724177
0486240614
0861634845
0895775751
1575843722
096772550X
067188560X
0969168705
0809448378
1577480775
0764500503
0871066599
0307122891
0393309274
0394829247
0394861493
1840240687
0385172451
0713995831
0875961290
0399210059
0895772949
185326850X
1561384747
0882822403
0395670675
0316817171
0671799592
1562763636
0812041844
067248448X
0931988217
0316360074
0385263260
1857443047
0746006756
0312854498
0765303558
0671319485
0441006396
0671649655
0307120015
0671525204
0671002392
0894806572
1861000081
0789724057
1861002238
155828592X
0312869096
0743403819
0307061183
0345427211
0307121380
0307602842
0312874243
0060505850
0743435095
0451455568
0451456645
0345412222
0684845776
0691033900
067088457X
044100864X
0380798336
0380798328
0937295396
0061057568
0399148892
1929766122
0441005225
1843094444
0446603414
0786907088
0898797268
0806904739
0874773962
0060194464
0786884630
0449244334
0425178781
013040456X
0471503819
0671500147
0061052744
0684836009
0898159091
0060959444
067978344X
0812557859
0933469209
0716733897
1559920610
0374226075
0743449096
0061050261
0811207919
0375402497
155850477X
0316328383
1561706361
0672311070
0873514300
1563056291
0399523170
0679727175
0385507690
0201700468
0201615762
007212606X
0596003366
0691096570
0312198930
0201408252
1565924908
0671319442
0399527257
0882666355
0440057515
0688116191
0671846469
0876058411
0394530101
0395655978
0122635906
1558605827
0125184069
0836278755
0375505520
0451157060
0060929898
0563360178
0921335067
1862047456
0887800726
0316824836
0887803121
1890132055
0762100141
0688106196
0553580795
0738206679
1578565480
0743483510
0330325434
0743463838
0743485106
0743470737
1570671389
0806994304
0671001507
0671563114
0395791502
0671004689
0671002511
0671787861
0671784935
0875969771
0684854163
0060520736
0743405927
074343434X
0743411838
0671785540
1858683114
0534546129
1569247080
0743200063
0671014714
0671004255
0749004517
1550135082
0671011421
0671035827
1842772813
0671774832
0895299976
0671011413
0671793446
0520205359
0130898155
0688151604
1573921998
070637102X
0060974060
053420886X
0517066890
0920656897
0525943366
0307002039
0425181642
0671799134
0156482401
0446525561
0684842319
0609609661
0452257344
188522382X
1585420352
1564782425
0553229680
039301956X
0446527939
1564142264
0590455400
0205134106
1565927591
0393058964
157231320X
0609605895
0782121241
0425173518
0380807580
0679463208
1883318246
0590402277
0316557684
1567997783
1888608978
0553574000
0515118303
0312968248
0395475910
0446386251
0684849887
0374518734
0080374409
0465023223
073820370X
0787961485
0571129072
0671632655
0399517278
0688164994
0716740176
0393014894
0811810623
0395733251
0226078744
0226702367
0385423403
0812014987
0385245556
0226493636
0441864767
0060191554
0764533932
0375421785
0465043623
0786709162
0891078770
0688109349
1885211155
0515125288
0345365755
0836221834
0679423265
0452280141
0385475098
0679442006
0060972343
0395955386
0139269657
0195118162
0738201731
0440500079
0312010966
0671805177
0803250401
0688100228
0393003388
0345341848
1561384186
0722532652
0671897187
0310597811
0787901075
1567186432
0895778998
0415924510
0314069216
0314203850
0619016256
0070379904
078956548X
0805209700
0773731199
192968505X
0916773426
067154747X
0684865793
1591840376
0452264634
0312284055
0415920124
0142000531
0812212991
1881527018
0878570756
0878571183
0878571256
0944092284
1562946714
0375810048
0140249508
0140345973
1561445800
0963159186
0687049245
0938151355
0345414136
0804116202
0765807521
0312304005
0947062939
0395857163
080506916X
156718331X
0895292343
0743471717
0760307717
0553576291
0486230287
0679740392
0486229475
0262680025
0140201092
044990699X
0140081135
3775791213
0806962674
0312853173
0072131586
1853266957
0439101395
0439101417
0439101387
0061056618
0425183009
0895295121
0865776962
0761305173
1576750159
0764504797
1576104117
0060195886
0894340301
0596002602
0764506749
0752261703
0316342920
0671793233
0304354732
0805003525
0442228872
0785328076
046500637X
086299179X
1878086235
0441783309
0440213371
0874038901
0688149510
0060913835
0696016109
0671039571
0671009265
0671749927
0764515470
067101398X
0395517591
0192823345
0847690474
0761994769
0679416463
159285107X
0375755063
0787910066
0684869462
038533320X
0887305199
0631153926
0399138226
0850522978
0312039166
0570037921
0425188566
087773982X
0140437363
0764117041
1882770250
9513904245
0812098102
0471528986
0590402722
074991002X
0671661108
038097326X
0789716615
0201703394
0395857007
0330325183
0963132016
8401012317
8401328667
0471542652
0804108579
0201696819
0761509674
0345421280
0672310732
1565927184
0072119306
0782126979
0138430799
0789717522
0079136710
0672308711
1565927192
0672304996
0671517422
0380973103
0515121959
0895263017
0399147411
0762707380
0307136698
0451171179
1558703845
0966822706
0944386296
0944386121
019281625X
0684812088
0156013975
0735709718
1560449853
0072131888
012079151X
1587130033
038705801X
0843105739
0394896408
0812042905
0471543640
0133388239
0131749137
0130185086
1558744185
0471498467
0811820718
0516026909
0781722969
0397551630
0877791376
0781725569
0314045759
0130307262
0590881949
0696211270
0201709007
0394574028
041591972X
0761112006
0789706849
0307747158
0307128881
0785314873
0785314881
0671502255
0671653911
0312253427
0345452038
0553285203
0312954581
3540416129
0140100881
158542059X
0515124648
0060273240
1559632887
0471170305
0967415306
0471606006
0717123146
0465077145
0140285091
015584072X
0782124623
0140467629
0816733864
0448428474
0821224964
014028902X
0198661657
0880014261
0380001950
0967820405
0345252888
157231608X
188927402X
055338029X
0813911095
0764551302
0931993393
0931993296
0931993288
0887248217
0887245285
0931993180
0931993210
0931993458
0060011572
0505523256
047119297X
0140375406
0895774542
0846703238
0764501631
0822512270
0822512041
0871920786
0671676830
0060151293
0471153060
0345331591
0671017578
0821754416
0060629177
0843942738
0441467415
1887299106
0029292700
0452263174
0517704900
0590259954
059044834X
0897214277
0844222976
0844739928
0345416872
0671578677
0743458613
1564581675
0521310458
0871968568
0395545560
1556522428
0380007622
0310384915
0932551211
0387948791
1568302894
0596005466
0854566678
0674033639
0671876775
0679743758
0345376595
0738205257
0671436546
0070464766
0024093408
1575210878
1571690662
1571690417
0689843801
0766601706
1860468233
0465041760
0399150498
0671519832
0345247116
155166061X
0553275372
0451126246
0890432694
0451177614
0440226058
0446608246
0425064891
0449242935
0380777185
0890432376
0804114048
0425105539
0806625007
0879837462
0872168107
0345328116
0886771390
0553295209
0451407377
0804114684
0020891504
0345337581
0395478111
0553255967
0871315742
0312273142
0684836149
0590763407
0880881305
0713711736
037316713X
0884197190
0590642588
0505521822
0373836015
0060503580
0394824725
0140135189
1570642028
1878257749
1556617275
0898154278
0671015427
0590477374
1570621632
0345402804
0441007201
0671876198
0671877666
0451207386
0670816671
0870447238
0805003258
0877013055
0871563983
0312261950
0060972378
046509127X
0393321932
006016445X
0738200115
0521413230
0393019217
0684813025
0295973668
0486265412
0919433871
1585420360
1571458506
069621184X
039305201X
0735200300
0201632837
1578590027
0811440818
0345406451
0671698753
0451453859
0451456831
0696211823
0696211297
0375503587
0425178099
0515131156
0425173038
0515119148
1591020158
0399140654
0813531330
0691026963
0374281939
0061219800
1586600990
0762409487
1577490657
0882404393
0879837977
0895949385
0874517990
1571690506
1568849958
1562764411
007881653X
1853832162
0764504649
0964716836
006097298X
0806994959
0553568043
0060953683
0029106958
1879045621
002021782X
0809138662
0865476187
0886778654
0792274245
0792271521
0553151495
0816139113
0670912484
0670030937
1557664951
020529930X
0749912731
0670890936
0500018766
0140467106
0253215684
0345368916
0380786613
0679409386
0070440166
1887128794
0312307497
0807031119
0803268904
0375761608
0553293087
1854879677
0553570242
0884412792
0505523299
1886910278
0806938781
0679437339
1561640913
0609606255
0375707018
0596001290
1859748910
0028610415
0205295665
0465068626
0451528557
0375759239
0871012421
0737303859
0874777739
0471382574
0312253192
0394548108
1881554031
1879085771
1570822948
1562055925
1556156235
1566091470
0714829080
1562763113
0789463709
0821225022
1560987286
0195097408
006016056X
0385071566
0380760592
0140194762
052143775X
0671720872
187798826X
0140283374
0395466318
0805420541
0890876932
073520019X
1879431114
0140168893
1850321663
157231365X
031022652X
0671445715
0310224632
0609603914
0822005662
1840672544
1875481389
0670033057
0934672180
0683304925
0671678574
0062585649
0395926181
1568820682
1568821484
0471000051
0201066726
0672311623
0395366461
1858680212
0139205128
1565650476
0345397398
0553053140
0787606162
0898794161
0262521563
0671693034
0875425755
0446520675
1879181487
0385484321
1573220450
0764102842
068813582X
0520220218
0521794803
012781910X
0517385708
0030262860
0939497182
0806315466
1575210096
1575210649
1563088576
0872879666
0078210585
0827383533
0763803405
0763803286
0789546515
0534246184
0762401524
0486414183
0877207534
0451529065
0151315108
0694009040
0307030849
0553214705
0553210815
0792266404
0070294267
0310904102
0670734411
0380017644
0763607495
0698301978
0895770466
0446323241
0452008050
0345362489
0505522446
0671525972
0307681416
0451408616
0393041948
0690047142
067985438X
1555703984
0688003095
1564141624
0515126837
0425148815
0515132047
0385400004
0688110320
0688069711
0300072333
0553269704
0874834430
0486206106
0679023739
0525934200
0385130570
0316100714
007212637X
0201053594
0394719824
0811701123
0072222794
0394713648
0831795662
1893005240
0671568396
0440999014
039950656X
020135389X
0880222395
0811720187
0879610042
0446897965
0062733214
0881623016
0312011636
0671694200
0521262275
0791404714
1567184138
096525660X
188473720X
1878175025
1878175629
0345422775
1578702666
0735710996
0897893042
0688026826
0553284983
0385484992
0060187514
0671578545
0312264178
0803295537
0671014528
0671000713
1585421375
0060169230
0590406477
0810944553
0879833068
0393307174
0060183721
0375763317
0385327730
1580173136
0192835122
0618249060
1566090520
0782114180
0670820113
0813390400
080075672X
0767907590
0875961908
0316545139
0671720090
0590266004
0395745470
0007164076
0903505312
1587990180
1874166129
0471119784
044651909X
0563384476
0747523444
034540551X
0684819295
0718146255
1841120170
0575402458
1873982828
1902813286
0765308908
074325144X
0743252071
0941267067
0892930160
1861891946
054006436X
0743445104
0752224697
1570671176
0671027484
011340557X
0835607690
0789410672
0751302031
1403963193
0722534086
087728525X
1569245509
0806970707
0806904178
0553378813
0415040655
0140195408
1859580513
1853263893
0738700738
156718961X
1853263451
0471048631
0609804774
0873641752
0751354287
0809498502
1852308478
0718143493
0716714353
0916672360
0850662176
0874806011
0812966538
0785787534
0340859601
1858683858
0446524328
1902418158
0789478587
1556343639
1568820569
0933635389
1568821158
0933635885
156882095X
0140440453
0962293733
187143890X
0199105308
0199105286
0199104948
0199104956
0399512934
0465004199
0440506832
0130412600
0201612712
0590468561
0764505963
0446516171
0061083933
1564143082
0312451121
1570610584
0345365615
0697098273
0448418851
087857090X
0256189390
0201440997
0155038443
0070214794
157521069X
0471146048
0671509489
0671501658
0394819519
0307760278
0307062236
087508401X
0275972801
0130797790
020187072X
0471165131
0130797707
0275978397
0679738576
0451134699
0849981182
0072347201
0785303294
0590457012
0590431900
0761309713
0385120745
0155064339
006105223X
1563050854
0761521690
0671877364
0671318519
0786866578
0060196319
0736044884
0743491777
0743462858
0743483006
0743482980
0486235467
0486233529
0743487257
0451528956
0743482999
0849917859
0465054684
0671878697
0684810271
0743407210
0898797187
032111583X
0596003536
0884042898
0884042863
0201734834
074341926X
0786001453
0590216872
1869501632
0671015702
0971964300
9652292834
0965897214
1887374167
0394757912
0070705240
0553493507
0399141413
1592281257
1558591281
0690045913
1931499152
188301073X
0816719608
0762401532
1558215492
0911266135
0062700901
0375500200
1556703961
0425188426
0385096119
0307244105
1859672981
087349377X
157990002X
0823010449
0935182713
1931499225
0806968273
093727495X
1579901905
1878257730
0964595737
0840743793
0786704373
0671604309
1561382159
0671880292
1564580741
048625058X
0393950255
0152062319
0870334492
0898154502
0870334638
0446525405
0688062164
188521121X
0026305909
014034263X
0440224098
0684829762
0394563581
0300016425
038546973X
0321047133
0310546516
0743418581
074346401X
0451410084
006106100X
0671869116
059043294X
0385416040
071675018X
0316034401
0312109628
0871138743
0553069349
037540208X
1552851761
0439242045
1887128964
0961822716
0394931289
1560251549
1560252006
0764507176
0805045430
1885211325
1556111053
1593080778
0312113536
0345390180
0674011864
1582701148
0809034050
1580624308
1571200800
0764500988
0071351035
0735611661
1559724838
0898156866
1579901190
1564773299
0792455126
0792274563
0394414055
068715748X
0793835771
0793835801
079383578X
0793835798
0793835755
0793835763
0393057658
1859846246
1565924665
0596002920
0020768702
1562054147
0201627086
0316754307
0935553436
0553125281
0385498179
0789451875
0441008518
0517571714
0684185784
0553122789
0810934957
0375702105
1863962654
0689832761
0966010639
0062517570
0749920793
0671036467
1857034619
0312984197
0865476020
0060508159
0812090365
0764122967
0060009292
0873920104
0671226274
0684848643
0201484048
0812818253
0684168782
0465052630
039554422X
089608650X
1571690220
083064427X
0684865238
0195068556
1841193917
0689855214
071712469X
1885113552
0915811960
0966717406
1573921661
1859843867
0895295814
0722515936
082174951X
0965907503
0679873554
1564401510
0810908891
0385144059
0965908437
0026071509
0916890686
1565923715
0553096680
0914294083
0684824647
0380793180
0789728516
0321130111
0764519956
0764518003
0764516698
0764508210
0764525395
0764525956
076450830X
0131001051
0072227699
0782129447
0072229012
0764516817
0764526472
0764508571
076454361X
0072231718
0761540644
0761541691
0789729423
0875965342
0671020803
0671042386
0671011596
0876683847
0399522786
155798557X
0897932072
0205154174
0609803433
0425100596
1558284397
074347709X
0972966587
0060173149
0486269612
0835607720
1568650450
0721416659
0752205978
1560796294
1565296664
1565298934
1862000018
0762102411
0786000422
0895773783
0609603213
0688169279
1881527239
0764560077
1558177027
1562516809
0440200628
020165895X
0201354705
0760010706
076450388X
0764508350
0571199488
0716723581
0140390502
1570543275
0873418328
1580172431
1561387886
0131010603
061804549X
0743467795
0735619484
0070527091
0864426313
0757300987
0201696452
0803294239
0878405720
0671475096
0312011148
0525229507
0385261837
0394729757
0910019703
0805027580
0312171021
0786885777
0684813688
0099079208
0441009611
0385335989
055337544X
0842304673
074347919X
1580420117
0807047058
0070333173
1852308885
0312861184
0771042078
0091889219
0880389036
0072229918
0312307993
0804820775
0070723362
0816521433
0744000807
0744002621
0446690740
0671656945
0534938884
0791426777
076150186X
0376038519
1878205617
0345275519
0201121107
0312873980
0451172620
0130449741
0761508384
0312143516
0922433518
0373765290
0385233655
0871317796
1562765116
0679452524
0440220998
0786864575
1573180270
0064635732
0486401510
067972527X
0486296628
0534587658
1556434715
0941104397
9500719088
0609602519
006278241X
1843090376
155110153X
0771099622
0471409766
0446527092
1578515599
1888232048
0875847595
1576600750
0345289110
038920319X
0805009183
0385424027
0764546252
080537597X
0747559694
0323026931
0323019463
0918082099
0323018963
0323014828
032302551X
0323020496
0006747957
0323014305
0323016359
0323012671
0323009891
0130311820
0895771691
0060237465
0831706694
0696000598
0696025523
0696202077
0684813351
0679776230
0679448772
0762408286
0452271827
1850152713
075221084X
0761101144
0836210123
0521337909
0525248226
1569472807
0894718827
0745911013
0201735172
0553347179
0802788483
0394826019
1854580485
0002740435
0140261982
082045687X
0345402944
0748403043
0486602052
0930031644
0387564535
0716723077
0671877011
0878579656
0671643991
0517577011
0393035050
0393027503
0072125772
0878571167
0070089299
0943822653
0705411109
0870447343
0816717486
0312157029
0870443194
1550378015
0679890629
0679890513
0385135327
0345355784
0448415755
0439200601
0590371274
0816736391
0679873171
0399133097
0816721556
039552105X
0785282122
0687400325
156458304X
0312181345
0785277099
0451194853
1561386758
0060157763
0894803247
0789722283
0345314824
0375751890
071261107X
1572152125
0316329576
0671536079
0806516100
0671511491
0671898043
0316372617
0670815144
0671244175
0916124525
0671510460
0679775226
0192838792
0679827684
0679827676
0941355012
0679820434
0394899911
0865301735
0961762705
0941355071
0688083587
1564584984
0789435217
0913589659
0842343067
0842343075
0842343083
0842343091
0842343040
0842343059
0842343105
0842343113
084994337X
0385335229
0471580899
0843711345
0590222961
0675210682
0886876346
1571120688
0590734229
1560441771
1562933566
0811720764
0934148058
0882404342
0345318323
0671227017
1575660083
0452272297
0451628675
0385476221
067149404X
0395524504
0746010028
0399225382
0881064688
0881064661
0689707738
0916124355
0671720856
0761118268
0674212983
0310436907
0870449702
0842027203
0743418557
0130804789
0876285558
1585740942
0684804549
0375705058
0380799715
0310937280
0915793628
0849940516
1563137593
0486239004
0894806327
0062732285
0195027426
0316763063
0465073794
0062515128
0789710684
0789710455
0124848346
0553292994
0862720273
1852236256
0713721235
0752805975
0246130482
059093502X
0609603604
1582450838
0766804860
0446363219
0517708655
0201144719
0201144743
1585421235
0380802511
0133836126
0671730207
1562941852
0671720171
0821407015
0919872344
0932086330
0060161604
014017043X
0520240642
0961462043
0307240517
0684150166
1885061501
1560444231
0871562480
039567171X
1560444258
0792273745
0253208742
156044066X
0898863333
0713651830
0912550163
0913008079
1840006110
0395199778
0395175798
0395183235
0394414101
0395258596
0691050546
0002199009
039551424X
0307136612
0739427393
0805210512
0766800474
0471197173
0425187071
0609607383
0385301286
0380801574
1589040023
0399524452
0306446405
0521236592
0825423856
0300090137
0393317102
0312265689
0812927796
0963837206
0849944724
1852530502
0060956305
0425180433
0870234439
0679002618
0670814423
042517400x
0812930584
0531108767
0895778327
0385310277
0385310269
0385481179
0517635496
0441001823
0441000924
1557041415
080411871X
0395378877
0688151515
0374199485
1858541492
0890877742
0670836184
0963843206
0590450883
0312882270
0345309154
067973337X
0679720197
0590762133
0448057328
1566197104
0912365471
0590416413
0671656309
0590471732
0517886871
0451151496
081672458X
0451147626
0671536753
0333968158
0747535825
0004705440
0525939342
0809246090
0002558386
1559705159
0515119814
067170348X
0394471431
0201510596
0778708950
0789454572
0737304944
0380800225
0373631073
0471615145
0916890708
067003181X
0393019624
0809075571
0684872870
1881825051
039951516X
0884860310
0802132588
0738204420
055334269X
0393305376
0671734911
081181906X
0452266041
1564406369
1558500103
031217442X
0812042336
1579121624
1883642531
0916583856
0743202414
0394582721
0374194408
1568361289
0920656714
0809448858
0809448572
0553103466
087044414X
0060391510
0312858175
088133748X
1860648916
0895262762
0155058835
0131829939
0805070893
0802775926
0671761927
0768909031
0028635868
0761123776
1572970685
0684826585
0439339189
1572970979
1572971363
0679863737
1568846762
0516203347
0816703140
078681716X
1564178536
1559583665
0689845421
0874778980
0874778840
0380871149
1550172085
0312851154
0060196793
0878422528
0936608498
0898863104
0878420630
0672319772
1585071137
0312201842
1567994393
0822053497
0840776853
1579900259
0471025720
0201163209
1865085197
0441005144
1887178414
0865475814
1575211254
1560254149
0309076382
0811824543
0446520926
0534123007
0070351007
0155012258
0816722943
0830614532
0609601245
0205131115
0743211448
0471247421
155046292X
0812932595
0609801473
0316117064
081351410X
059045367x
1559502266
0895261146
0226493644
0684849577
0029081009
0060096624
0972471227
0553576380
0131321927
0689823878
0881791261
0072125705
0764120611
0300097417
0028639820
0195113861
0471265748
0452275733
051788058X
0679747885
0773731946
0878571817
0849940958
091122632X
0070169446
0517219018
1568846584
0312876939
1860193366
0895773910
0425076741
0297819402
1568846622
0684802465
0307203115
0874519349
0231074123
0684800950
0131103628
0425181790
0972838708
0525448608
0385487509
0964883716
0787604763
0761451056
0140111166
1558612211
0671876333
0752844733
0688063365
0446520535
0553134108
1559721138
0385308094
0451150619
0253200881
0006345549
1842322915
1567614000
0486403998
067174349X
067174190X
0895867230
0670849863
0764560239
1559721839
0517707608
0878574573
0618082484
1564589862
044914979X
0757301460
0876055390
0440508797
0553203312
0895296314
0806963204
0394575652
0224041320
0743479580
0786706848
0740727354
1562513303
0064401219
0060182571
0671611429
0764535153
0140291776
0684868636
076790012X
0253341337
0816738637
0816738572
0590446835
1570361932
1563921286
0898797411
0898796482
0785808450
0394724844
0070096252
0451205553
0452281121
1561383066
0671869132
0441002455
0671709399
0226669548
1885171471
0813367778
0471349607
3822868760
037351140X
0020147953
0747502714
0688084028
0553089625
1565921682
0895261405
0312040156
0517884402
1560443650
0679743472
1573225460
0747504997
0671022164
0553101943
0670290769
0393974375
189077412X
1854874128
0029066832
0201657961
0596000464
0465081983
0689836643
0785355618
0201710919
0471377430
0007144172
1893115976
0671882880
1893115763
1556159005
0782122833
0764535420
0735605173
0672315084
0789724499
0782123228
0596000480
0072193271
0801861497
0375812881
0764515446
1884777996
067974150X
0735612730
0810956438
0706375831
0735612420
0552997846
0198607806
1840374047
0471468827
0753817330
1570719837
0802713076
0863189911
0863181864
1552978044
1552977099
070640422X
0393021262
0399150714
080483170X
0753703580
1571450793
1886913064
0753701995
0380709988
081181999X
0439982847
043997822X
0140433902
1569318670
1569318581
1569318573
067185268x
0439973333
0553381555
0755311779
0794401023
0521815266
0751310158
0192892878
0297815032
0198546548
0811811557
0460861409
0721407110
039330857X
0521469406
0393319407
0860201120
0521655382
0091777496
0716727250
0691070016
1840462493
0521408644
0449243575
0810956640
0521477913
0226532046
1560987006
1560104929
0752272160
0751302023
1840672765
0253215501
1581820380
039303416X
0140387846
0852638957
0852635966
080186481X
1885696329
0750923733
0806966262
0441148832
086272273X
0500300399
0721456782
0743400062
0393966577
0749614684
0749614692
0262571218
1840283513
0751357383
0387985727
0385477759
052147809X
1857029593
0330374958
0393970426
0198549164
0297816462
1578590698
0563537434
0752272187
0198504241
0691016305
0521438101
0805048715
0486293777
0231065833
0521567238
0330391941
0138960690
0521562120
0521014727
0113100353
0113100566
0718136411
0521269709
056509131X
014043528X
0878422439
0393950093
0810925974
0471963518
1564589897
0231076258
0231075057
0226738353
1852277890
1860198023
0521336449
0140512772
0486247015
0565091743
0312146019
1841156957
1560989637
0872202852
0895871424
0231074670
082254914X
0738202827
0715630024
0801484979
0446515892
0226797600
0521011051
0691023697
1900357089
0446362999
0960170618
0571176941
0521282764
0691070385
0805056866
0521566681
0192875566
0340782102
0805069798
0816049033
0852722907
0852722877
038798416X
0521583721
0471169803
0486636771
0521474477
156098659X
0072119551
0297841564
0072120789
1852837748
0078812992
0805321667
0805368701
0393030083
0762409800
0226731073
0345465296
0395850894
0486637174
0393319180
0809246376
0863185657
0140097015
186508123X
0486243427
0590196464
1555840833
0565008528
1565921488
0901702528
0863189210
1565920562
0937175609
1565920007
0937175900
1565921321
0521583926
156592147X
0521790514
0231082363
1929685025
0399126023
071372742X
0966288963
1563053128
0691088640
0836209990
0836210042
0764550659
0563371846
020103803X
0747803455
1563318350
0201447878
0316648191
0812038401
0878911073
0819186538
0231066473
0375812962
0471507725
0201514591
0735700028
0750214295
0201407213
0431056587
1572318198
047133345X
0879052473
067231438X
0903874199
1572319356
1568303521
0072119209
0500010897
0672314231
0412738007
0743407245
0565091441
0816029490
0752261622
0761532307
0867130466
1850283362
1850746680
0670860263
0811809129
1840465034
1550546910
1861054394
0060242361
0471253111
0871359057
0871359243
0871359049
0794401031
0028623908
0020429819
0792272196
0198502567
0451458486
0124365906
1858683688
0253337739
0521663016
0714842796
0007122861
0375713913
0192854542
0571212956
0025729853
0134918207
0394576268
0861634853
0705407403
0688519520
0231078757
0752218190
0563384492
0752534971
057506045X
0563387920
0192817833
0684800004
0023728213
0565091352
0563208449
0253339642
0521255872
0714119105
0297824902
0971545103
1582341583
1892327287
0312208812
0684835096
0374219362
0373625650
1852426071
0231109245
1873741650
0679870253
0829414452
0805237747
067174884X
0333452984
0143034359
1575871769
1555972489
0201101742
0201101793
0876548192
0312283512
0380775409
0505525453
0816718075
0020427018
0020427115
0123334608
0195125932
0684830019
0440206561
0700605274
0876592558
156458528X
0783548680
0517574136
0394580745
0070305234
0782119565
1558282327
0809232618
0231056834
0809256193
0809259168
1567186629
0071362681
0440223857
0060174862
0679406220
0300058926
0674008642
0553584995
0316716235
0684844168
0892964677
0671578537
037324603X
0915009307
0394731093
1555611427
0590202278
1555612601
0816017328
0912333308
0140144870
0471575453
0871568470
0345310276
0674891996
1555911668
155963328X
047104444X
0874345952
0517880857
0590452347
0830690182
1862040788
0590254960
0679886060
0803616015
0864173008
0876668422
0803722826
0375754725
1561581577
0671493868
0737000589
1560448776
0345379187
1585420107
0312143354
0060958901
039701001X
0887307698
0201137917
0521651336
0802731996
0309087295
0762407808
055327578X
1566561841
0375400788
0312855281
0671500139
0380538199
0380973413
0715305743
0830643346
0671441337
0020427212
0385502273
1558743367
089296667X
0820315605
0691085722
0226644308
0375709665
0670824402
0816745080
0684842114
0806985089
043950046X
0515129283
0590463047
0590463039
0590455346
0884413160
0879516453
0809448491
0399143416
0816714290
1561565377
0763602736
1564028607
0937934623
0836254503
0965866815
0803700970
0131837990
0878915990
0943659000
0201287315
0307137287
0515125067
1884822118
0878578943
0425149471
0671888773
055335406X
0374518203
0672305410
0672305348
1565296818
055310344X
0517093804
0965694879
0380978377
0670869376
1558215409
0060286180
0590884956
0590884948
0689852223
156138626X
0553099663
0684814293
0572019793
0880222433
0881662577
0671734563
0670844810
0465098061
0812016882
0812018435
0866224173
0688150527
0849914876
0849914884
037570194X
0747568421
0743470443
0752592289
1859606520
0684132249
087227182X
0881501301
0140196080
0375420770
0439141257
0812056868
0609801201
0967573106
0875848192
080852075X
0831771135
0805208496
0500542384
075283410X
1898507414
0393320294
0684857219
0898866472
1570612684
1570612234
002907990X
0563383194
0515120472
0515122874
037326481X
0862782546
0471144266
0140243194
0684865246
0195116631
0306812231
0895770520
1556155875
053130065X
0425178293
0827330480
0743222172
1574090844
1558537449
0671675877
0006512143
0864923732
0446514101
013001074X
013001687X
0133016722
1565271505
155615576X
0806507942
0836230175
0385487290
0851777236
0060194847
0517623994
0140113843
0671034855
1894294432
0891413421
0670860859
0679447024
0525944273
0761512977
031219210X
0316051896
0749740272
0349112150
0002259877
0821774700
1861970773
0520207734
0805051066
0964311909
0553445626
155817883X
0877017123
0789202638
0465006736
1566091292
0688081770
0307118967
0375401210
0061051748
1562824600
0590366769
0373512368
0962527114
050552399X
1573221171
1854105981
0441009190
8401463327
0764505815
0822023091
0821770349
0688030351
0891418067
0195218523
0394579909
088001654X
1570980217
1860465153
0698113632
0306813467
087596706X
0763601357
0451409825
0836236459
1864365587
1889833592
0060957379
0375815481
0262181452
0517120658
0060932619
0394843754
0786865296
0898151864
0807050202
0375754741
0441007317
0816705321
0375706704
1582616108
0312264119
0312287747
1878239937
0609809989
0801487145
0060188057
0922233241
0618031685
0440219728
0060972890
0714840009
0670893757
0465038514
0312198884
155652157X
1883620074
0879235543
0734405367
0760303487
1570620784
0878577882
1568849044
0673466434
0553444697
0399140727
0425102238
0936513438
1875847278
0812910826
0316765929
1578060435
157324094X
0804113157
0771012837
0771067585
0471286168
0345444302
0393048608
0789701464
0451406028
0312309260
0452274141
080131755X
0534230822
0688064973
1561794147
0393322823
0345422910
0345351452
0785328750
0785282009
0849976138
059088008X
1565071735
1586600532
0890512825
0445205164
0553264648
1858285518
0809492660
1880909537
0385485174
8120801644
0195117239
0883362023
0134354656
0870235249
1562920634
0764503464
0764500589
088336204X
0883367661
0883362031
0679726012
0393951790
052156851X
0883362171
0807054615
0452259606
0525945679
0060168889
0029113806
0394489489
0201034646
1561701246
0452277396
0439158060
0446679712
0020083157
0394555392
0385247796
0515118567
0670845035
0007113323
0861248619
158567236X
0844284955
0684856301
0385236417
0764532170
0028618904
0446394211
1565925858
1576104737
1576104745
1565925793
0596000030
1565927095
0394555821
1931105049
0874472490
0964156849
0262121786
0240514327
0826209556
0297607561
1556155557
0316881562
0571168132
0714842362
0803270755
0440226600
0553227777
0201794810
0764549316
0415207053
0333918975
078214201X
0914845462
0914845683
0764517600
1843360640
0735613826
0789709902
0782127258
0735616345
0201889544
0672315645
0789709325
0830629629
0070524157
1841580635
0805048286
0130213438
0517177846
0894803611
0070409374
0830635211
0764502913
0679744355
1886411425
031210457X
1585420891
0878573380
0764580485
0060161612
0140131736
0060916575
039303724X
0793820022
0786863625
0152004092
0451455029
0672310090
0764502905
081541028X
081257947X
006105142X
0671883526
0671879995
0310398010
0965124010
0671890727
0521447712
0141439475
0843944293
0425165965
0312866143
0394501667
0849935040
0871138441
0376012161
1587156393
1572970553
0696014904
0345392884
0688062903
0688062881
0789451530
0965693015
0440220580
0671877402
0080410650
0684860058
0671020781
0307740145
0471115223
0789704641
0895774801
0789700840
081674517X
0130804614
0137669658
067230872X
0471165182
0135657636
0201379279
0471247650
0201854910
0895774798
0849911443
0962976806
0525444343
0198519737
0395414334
0940685256
0439103975
0688103138
0395862957
0671675567
0316502529
0835606961
0553354787
0866561625
0684810670
0394416953
0135271762
0688036988
0690016875
030432230X
0396087299
0672319896
0385509049
0030579031
0743228626
0030193826
0886777984
0312848765
0765302276
0888012403
0671578073
0312233353
1899712194
0773732640
1565611047
0679730834
0873646878
1901094103
1901094189
0882666134
0882669400
0805030611
1400032725
0471268089
0471199680
0609610864
0060289597
0198557892
1555582036
0505520303
0620241179
0671871498
0743218078
0486421333
0345364775
0345380118
0874778565
0553268058
0671454803
0924486635
0061812498
0689814321
0375411410
0672320304
0471282774
0684866080
0684865807
0875967043
0394893808
0894712063
0684800616
0848704940
0071378227
0140468331
0764152106
0373625685
1563921219
0671874519
0517569329
0811818179
0679742263
0609605461
0345345843
0684860066
0451405005
0671542133
0671831488
1931841314
1561790966
0312097298
0868406163
0743471792
0155058002
3809412384
0786808411
0892812028
0895297132
0960836071
0201354802
0702224162
0646277898
1883577039
1571690042
188357708X
1878739182
1878739379
0670848751
0394891309
0743406117
0671537288
0449703304
0793802555
0590129929
0345447581
0345457129
0765306883
0373770073
031232362X
0520235223
0446693049
0765307219
0974428701
0425196844
0804119899
0425196933
0151006598
0553803417
0399152199
1932815082
1400030080
0446528722
0060570180
0505525755
0441011608
0765301253
0385338252
0743483219
0441011616
0441011594
0670033146
1590523148
0345458931
0441011713
0345461258
0070691967
013624842X
0135182425
0133209121
1594141940
0451459784
0505525925
0743488156
1859608868
0451411420
0312848781
0425196569
1594141878
1594141452
0425196550
0743471873
0060567236
0312985215
0345460618
0399151818
0765301938
0953249093
044653059X
0441011527
0756401763
0345455967
0764226762
1890768596
0805069135
0765300427
0765307618
0312301979
0385337221
1551669692
0609608541
0765310112
1894942353
0765307359
0195160428
0765301296
0756402174
0345461622
0192860305
1890862355
0312289588
0060519517
0765306255
0312319584
0743457862
038097519X
0805070044
0756400902
0425194582
1967317208
0425194116
0764228196
0425193276
080410929X
0764227327
0764224425
076530645X
1585674745
0380976706
0786868635
0441011284
0446533025
0765307561
0446691631
0765305445
074347158X
0765300168
0312261217
0756401682
0451459474
0553586580
0765308509
0765307588
0060538112
0743485068
0374456283
0765308576
031286440X
1579545017
0756401658
0765306131
0521317940
0312320132
1592220037
0345444523
0765301377
0816719160
0553382136
0446613185
0743453085
0345447603
0471263664
0324145632
053466542X
0072344024
0324114796
0131015141
0815172478
0072463678
0619044640
0471330477
076005018X
1568027702
013028288X
0789545314
0619034947
0155068059
0072500956
0781730996
0137994532
0619016000
0789547236
0787249785
1562058053
0078821738
0072338393
0619018216
0133984885
0130426563
0023805552
0760010935
080360162X
0205351433
0345462297
0195118014
0072225599
0619063017
1562059394
0789501953
0805375651
076005861X
0072226951
0760052549
007219314X
1842170635
0743435818
0441010725
0789711427
0789711303
1575213729
0672308169
1578566347
0345430379
0765301113
0446530921
0060512385
0451459253
0743412702
0385336284
0435900471
0156278065
0743436040
0786251689
0446528714
0385411200
0765304236
0380978938
0534529747
0534520065
0441010598
0756401488
076530063X
1563702827
044653093X
0916119661
1401300049
0743466691
0399150587
0765300990
0553372823
0740714031
076530192X
0399150404
080507144X
0312869959
0765305518
0786251115
0451459199
0517701693
0312301960
0451459105
0505525267
0765303930
0553801872
0553566555
0765304678
0765306069
0307113779
0765301245
0765304767
0743435621
0805067817
0679890696
0312277318
0972329803
0765305798
0312309457
0756400155
082177459X
0312859228
076530094X
044842407X
0821217747
0425186504
0446611654
0312271182
0126455457
0451459016
0843944048
084395132X
1553165780
031228960X
0553583522
0441009891
0375726683
0451458982
0312876130
0060082879
0330493841
0716746018
0805074074
074320008X
0684856026
0684859351
0425187209
0765301709
0465016197
0505524848
0262122081
1575668211
0765304813
0886776368
0441009719
0765303035
0312869037
1565921836
042518580X
0441000894
0446528625
0441004709
0671578022
0345260708
0380782901
0345272315
0553583646
0441006752
0765303590
0671319531
0399148736
0553578979
0786242086
0385336276
0756400880
0803929870
1565122658
034544339X
0786918063
0192861999
0865714231
076530371X
0399134697
0716783169
0130402648
1558605584
0764543814
1861005059
0201657880
1578700892
1578700949
1578700418
0735610215
0471117099
020163354X
0130810819
156592567X
1931696993
0596002270
0262032937
013490012X
0131411551
0201633469
1555611176
0865476322
0805051708
0765301687
039914837X
0505524732
0756400635
0441008992
0312242743
068486424x
0312890672
0070323216
067940337x
0590476157
0394583590
0913317489
031289063X
0312253508
0312877773
076530113X
0441008860
0886779111
0765300486
086571312X
0451458494
0891075038
0811805530
0435081292
0534605702
0380786958
0765300117
0446675628
0756400066
0911226184
0451458435
1881527646
0890874972
0671672835
0743417941
0446524913
096535573X
075640004X
0505524481
0684856204
031220891X
0517588072
0441008593
0684818477
0735614350
0895261480
0312853777
0312874073
0786866977
0446609633
1591840082
1561447390
0743400186
0671024078
0399147292
0399146636
0671759035
080211685X
0825303869
0471331201
0385494254
0312879199
0671319760
1557508216
3829013280
0553802100
0452258073
1570714614
1862044791
0812817974
0312179758
0553568582
0670814164
0688051154
0964007029
0394402294
0393032914
0920256074
0805425519
0471163503
0070651574
0399524746
0737300779
0743471180
1570826722
0316879320
0590414305
1562762680
0385282281
0060959460
038001596X
0764117823
1566394163
019875146X
0873955730
0889610924
0345301048
1572242582
0679781404
0070362408
0743463757
0762404507
0226668150
0465037798
0465090990
0345466233
0944439470
0374265011
0072227427
0738205087
0310242460
078947557X
0684839970
0874779316
0816520844
0062735241
0312140290
0127050418
0060524073
074321367X
006001430X
0071425489
1592400078
0312319738
0609807978
0898869129
158574221X
0195078128
0921586442
1551050986
0876055609
1556701691
087605520X
0825625785
0768100836
0060761555
0877847339
0309057779
0919030173
0771079788
0465091245
0965676315
0887764584
0028620143
0679430857
0425138577
0345352440
0590436821
0300048122
1884834671
0300084382
0415925835
0451627431
156397441X
0807736953
0782141404
0812097726
0142001171
0345394852
0312983263
0330290908
096186365X
091096517X
0061084336
0070244952
0426205316
0575068434
0722534868
0679765433
0696018810
0590535285
0064421740
0688022073
0441478115
0060252375
0736401369
0345323882
0448193019
0865921148
0516048511
0893752029
157064294X
0935989099
0762416521
0451207572
0395305373
0871562642
0345420039
0395936136
0345426053
1564767868
093607003X
0151003238
0891417001
0394848276
0872864057
0847812294
0060110945
1861007221
0810928353
0139132864
0802708366
0553070835
0553352547
0060963107
0753452669
0967560500
0195121805
0201622378
0876057350
0312151667
0688172172
0871063182
0679732365
0525946799
1864366052
0786013133
0500018626
078972443X
0964668068
1883052289
1580110053
007882401X
0767908147
0375758550
1556522843
1558591338
0912800925
1878685449
0399127879
0192629883
0679412093
093467244X
0553103474
0312865384
0553560255
0528815296
0717282228
1568843909
0971454817
0471191744
0376033371
0688100155
0743423674
0448128993
044150485X
0887309143
0449912760
0670030635
0827386222
0671252682
0060148691
0534007198
0809445298
0690017235
0825422450
0253213134
0697279952
0130675261
0060183071
0875969941
1585420182
0871568551
039449086X
0807068764
0385315902
0895774852
0345378407
0486240630
0849325188
1897766726
0486645584
0812594258
0151003548
0262580500
0674795156
0205119131
0130337196
0130874892
0673521850
0131315412
0130669970
0801664713
0130103187
0125551606
0471575054
0865960631
0760705127
1555442153
1580252397
034538850X
0881923028
0671721372
0881380628
0195128427
0451625943
0340751118
0399504605
0883965097
1861541678
068486598X
0670033545
0898159156
0743229266
0684869020
0060523328
1566091497
0897090403
1558531645
0966103289
1566043816
1891620924
1582970165
1568847858
078946506X
0201354217
1559586893
0375501215
0609607693
0060912790
0876057830
082293714X
0880886862
0786860510
0517066343
0316757268
0716730901
0385047711
1559723734
0670893226
0702225762
0345444264
0312083165
0922433356
0201717131
0140171088
0374155062
0684831643
0674367693
0449906647
0195076672
0702218316
0789715295
0874774667
0006380158
0399216405
081181467X
0439564212
0671877119
0020869207
0380789132
068816515X
0910990212
0737016183
0802115527
0670899860
0028611926
067184685X
0812042662
0890435413
0446323403
0307440036
0060176946
067173010X
0415926602
0375827358
1562054988
0025758918
0590438743
0874775876
0789404664
1564583090
1572434848
1572433922
0671671820
0517599058
0393039137
0307070468
043910159X
087938929X
0439101611
0807065153
0822514621
0590453041
0394839056
089375966X
0893758736
0893758833
0893758876
0893758914
0893758892
0892817984
039915101X
0806964847
0590416952
1572813423
088486166X
0345326709
0671445588
0812091515
0688088090
0517566559
0688097499
0590689932
0590689924
0871315726
0448401932
0847818012
0736806490
0717283275
0385008619
0800634330
0590462989
069580474X
0695403206
0812044401
0684125927
0399230130
0448408600
0201461382
1571691316
0201609215
0865714738
080707246X
0912365110
1570640793
0689815530
0307116662
0895774836
0312170092
0671035630
0064431770
0394530063
1570361843
1570821534
0679862013
0679857095
1896300308
0395074363
0786903295
059020257X
0762402539
0205195679
0201354772
0735710236
0201716143
1565928520
1857987489
0439161088
0696217260
0962262196
0590758136
0684839563
0590452215
1563260034
0385322623
0690043422
059048012X
0590447661
3785536763
3785532024
3785534566
0865300941
1559631066
0393025225
0590455834
0671892460
0764534750
038082180X
080650711X
0836280571
044084598X
0439087473
0394891899
0816719098
0596000162
0590187244
0590745212
0131908022
0590445596
0590459848
0704349647
1568840020
059046129X
0590476084
0156528401
156282242X
0395593034
1550010328
0590407597
1557661979
0771082487
0812539524
0679876510
0811807312
1881527131
0394875265
0786860952
051768232X
0393313867
0590115073
0070118140
1575661616
0689814984
0891912746
1576101290
1564406237
0030420164
0691020647
0393325725
1567611745
0671748874
0321085043
0819311057
0472086219
0345423348
0687197155
0689817479
0762404485
0307118215
1888869062
067987822X
0671708406
157322166X
0895865599
006106520X
0743453263
0812927168
1565102185
0394925580
082340630x
0966430220
0517537249
0671726641
1887654232
0670858617
1572492546
0679769501
0393323757
0394819500
0394925211
0877735948
0590473085
0590464817
039481150X
015232657X
044100704X
0307118274
030711824X
0394723430
0866113207
0439180171
0831796197
0307740161
0789452103
0024040908
1561447234
1559635878
0816742065
0295974168
0316763837
0140508384
0773757309
0044421931
0805033211
0321021738
0231114559
1560986379
0521787335
0691034974
0198540345
1575847167
0065004108
0231109776
0195086074
0226722597
0632036346
0394832426
0140146598
0471180416
0802136656
0684803569
0670843873
0140505830
1576853950
0028637798
067184833X
0782903762
0471317519
0425115860
0761520139
0787953431
006095177X
0140505555
0903505207
1569246513
1562611070
081671634X
0448410907
1585421936
0575070684
0233987746
1570825831
1570640807
1857988795
0679838775
0575073845
1862075557
0590926659
0521269202
1591430062
0399527761
0958762619
0590467654
0806997672
0471045217
0201563584
0307177025
0439376459
0307117472
0679870601
0439070341
0439115205
1570640130
0761517278
0761536841
0684854104
0816736065
0679806636
0590414607
0590036394
0439106761
1882331257
0140503536
0816724873
1565922476
1861001347
067232542X
0812095065
0394839668
0679809015
0448405520
0809443007
0789415402
0439282500
0439063299
0062514466
0590127942
0782114199
0764531964
0451450078
0736401792
0916392414
0884700046
1570640173
0671021680
0812530853
0880384522
0892962631
0618127518
048622029X
0471930121
0030706998
0786869038
0895990490
0307243613
0345312295
0871662620
0882668684
0394753542
1572972041
0465051545
0552141127
0140058362
0385190921
1852424184
1561569569
0743437349
0553270079
0671509446
0786863544
0679822623
0395660793
089480359X
0060931337
0679802789
0891332138
0891332111
089133212X
0880298669
0679884602
0452277744
0823412016
0816736472
0671623885
0880297603
0525937331
0671607405
0894715968
0201626152
0674877489
0590448927
1879181789
0816725780
0737020156
0374281807
0307240584
0060174471
0873510836
0871569566
0028632028
1575420848
0762408332
0312141440
0913589926
081670287X
0816701814
1570640416
0060213523
0785810110
0448404451
0440843065
0590402757
081672962X
0694000604
0874756006
0375421750
0375422854
0670894737
0375408908
0060590548
0140508945
0525947361
1561564834
1561565954
1561564842
0816718164
0890877246
1558670815
0307070840
0312791127
1570829446
0517593483
0671689843
0590414283
0307740129
156592469X
0201146959
0140513280
0669209007
0070674531
0590300407
0064461998
0375726187
1591840007
0325003262
1570825661
0590427954
1565072049
1580050913
0439435323
0871203634
0525447512
0688096107
0316057452
0060165383
0671639528
0671676733
0312265778
0060094117
0670031569
0553579037
0195135830
0435082035
0060148780
0590035010
0061063207
0590939955
039489474X
0878337997
1882770412
0380700557
0310202272
0688154484
0553111442
0553486381
0590189387
0739813544
0912936002
0671019937
0671721119
0671011693
0765300648
0812013522
0590425927
0307100510
0810841479
0060172479
0440403928
0760315922
0471252867
1570914222
1560532734
0394524128
0394507614
0963584138
0590508350
0140174664
0590029118
0590444735
0939251744
0832304093
0679451412
0060245425
0816749787
0452280729
0894803468
0553099515
0525946616
0590422634
0931714877
0891454799
0440508673
0590477277
0689838794
0393014991
1555912036
0694004804
0307127907
0590379747
068486309X
1877228400
087857395X
0876059434
0140508937
0716732262
1578632153
081676526X
0880883332
0807067806
0307101320
0895295970
0307580016
0810911957
0030624142
0380726920
0893755753
1572971738
0312168098
1572972084
0523425600
0448402629
0060655372
0060161833
0721631541
1570640440
0743422368
0375501460
0380787024
0313296308
0313309868
0393310701
1559587008
1896836461
187871810X
0553151622
0590467719
157082441X
0064450139
0394840909
0679873430
1570823227
0590469592
0440845335
081672475X
0816726116
059040184X
0893754277
0590434292
0679882146
0812593758
0307113256
0027331555
0307113760
0375804315
0671882589
1879682125
0316110744
0671613502
0865300933
039450044X
0395325242
0679418032
0684823047
0394562151
0590420267
1565650549
0816716404
0590444115
0307104656
0916119637
0816711224
0070103208
044841130X
0439117682
0505520311
0307132021
0316234311
0394853091
1563054442
0812035631
0307740137
0671251384
0446394114
0894803816
038523418X
0553101854
0060169419
0876053274
092158685X
0307262146
1586681419
0898867398
0895772701
1887923217
0821757008
0471821888
0575600527
0553204882
0882752405
0130325996
0385310250
0385239408
0195144082
0521357411
0553289675
0571206964
0714123064
1840222158
0345414004
0060932694
0140128514
0060930632
0933174659
1899712402
0061051233
0939416549
1893554511
0789721120
1567616062
1562432338
0672311631
0761502416
1567615155
0435072277
067944839X
0877954453
0020849400
1859845010
0300036361
0375500987
0531301990
044022229X
0517690926
0201489945
037570406X
0823046133
1575210479
0672309874
0679791477
1575212242
013565839X
1575212870
0439431182
1851528709
1573927732
1881527379
0689854633
0195086538
0072226633
0940625261
0882668862
1852307218
0714839612
0805241221
0671797557
0749911492
0761507191
1887923942
0515122270
0782119735
0078822815
0738208612
0764540777
0525938753
0871138042
0030574544
0618139303
0871318415
089608289X
0521319870
0963688103
0156005859
0688151965
0393310086
0312110332
0394494806
0373702388
0446520896
0671034316
0140341684
1572970367
059009890X
0307106527
0373028520
0590101765
0870442430
0394841093
069004481X
0060208007
0934426791
0448411024
1887053069
1890612138
039552105x
0135197295
0766829294
0060170328
0694010421
0789429608
0881923761
0505519879
0819310913
088708026X
1570822794
0609604902
0553050966
0395369118
1559635339
0691083614
0201632241
0435905368
0764507338
0195094123
0139358919
0122603400
0226767167
0674116631
0226102459
0791405532
0521423716
0140074651
0451458168
0816734380
0816735824
0895771853
1550549804
0886451884
0679758283
0764505947
0307121410
0866222812
0448401789
0516419668
0531180476
0345412877
068982386X
0689828403
0689828411
0140465650
0786844175
0873586875
0679890505
0887065414
0940262851
0380765160
0312971885
0553156365
0307118444
0771075561
0872200744
0743434986
0380835681
0590424432
0590535293
156293337X
0394887824
0679817212
0609801961
0582205441
0820319619
0671884395
1860743994
0201742160
0773759905
0806997613
0590338463
0201384078
0768911761
0679421696
0516012754
0399210733
0451133641
0312963572
1580863353
0785303286
0064450163
0679875913
0060271639
0060292857
0783513518
0671864351
0671000675
0070342504
0486222012
0671246925
0679747567
0425160904
071672314X
0747560315
0345428757
0307201651
0307201600
0721675522
029595454X
0851312306
1860466400
186100527X
0801840341
0828319510
1570752818
0441006310
055329671X
0812505816
0446524239
0451158466
0939165457
0813513596
0932379397
0262201062
0312940513
1579546277
0696206781
0671428497
0316516007
0312195230
1878736655
0300070853
0878575154
0132342049
0809463644
080946313X
0809463172
0737006005
0696019132
0658001728
0688134548
0894801244
0060160616
0446530867
188331965X
1883319013
0060912553
1880032465
0471272426
0060194758
0486280225
0380758903
0679722971
1558506136
1564144062
0070518947
157859054X
0789207648
0782116647
0761511245
091868448X
1892065061
0618331298
0743203151
0965694860
0965694852
0452281741
0472065211
0786917636
0679808140
0671023233
0553153153
0375800271
0806969539
0590262629
0140281231
0809230550
1579549578
059042808X
0443059748
0895778629
0936340010
0811727998
0811728447
0810941554
0671798790
1565922611
1565921526
0743200225
1565925823
013937681X
1565925165
0201835959
0201609991
1575210843
0672319942
0735709017
1565926218
0735700788
1565921046
1576104699
0679768378
0786881356
0672484404
0201489163
0201406535
0201567415
0201549794
0201570300
0201563274
0201563185
0201533774
0596000855
0201702711
1565925254
1565924649
0672317354
0609802216
1878020048
0727913689
0135289106
0385422423
0066620767
1568658656
0895293935
0345428129
006012654X
0684171635
1566861020
0672227150
0155930214
0812991516
0425167119
0441774083
0312957173
0816748195
1563520648
0553072226
0440203589
0345248236
0345297652
0440214971
0425145425
0517573288
0609600907
1555425399
0782118909
0805070966
0767900111
026213215X
0521343062
0060162759
0670811785
0439060354
0505520095
155643071X
0394411595
0688058892
0877950490
0465024351
082122056X
0195032721
0689505213
0679456252
0929895282
0415923204
0920470386
0679870016
0609800027
0534094449
1557531315
0806906189
0671774638
0764554298
032119375X
0875303218
0875303129
0744001943
0970580444
0375725180
0060198265
0811804526
019860131X
0671508938
0889751749
0889751552
0060194189
0843105623
0704334747
1559587601
0316837059
0747263329
1873475934
1851523693
0525940987
0534524435
0066620031
0198751613
0833544926
1932100067
0890246173
0890244219
0801071240
0062517775
0553582399
1878739271
0138965234
0768909112
0452275903
0816768722
0374108307
0764500090
0312137931
0894801384
0201846721
0312390475
0312316127
0811826015
1564025489
0789430282
0875966721
0764548077
0201484080
0743205189
0441062245
0446527173
1895837375
0399145893
0395051231
1565049640
0886779790
0425171183
0899197019
0670873993
0201483041
1556522819
1580083528
1557982198
0155085115
0761131787
1556155956
1562054082
1562053698
0762413816
0764553267
156718636X
0944501109
0385009488
1552200833
0553541773
0140079742
0451191757
0393014290
0195411048
0671459759
0932707173
0440207126
0316846872
0471535877
0671451596
0451198891
0887846696
0789468069
0875940129
0765194252
0809476797
1569552215
1570718601
0062510592
0130017604
0380718227
0205322441
1555613446
1555613101
1559501375
0679400346
0882901567
0882902032
0871313499
0500050570
0816747253
0312878664
0865474710
0393033562
0307106535
0195103661
0521802792
0802132642
0671041908
0517588048
1567181643
0070412197
0385474024
0760054177
0155383124
0912656069
0895863758
0856968811
0764530038
0782120148
0380797305
156512345X
0345430751
096504503X
0965045013
0803726120
0963960784
0395353513
081299180X
0802111602
0393322297
0684854090
0691005141
0670910201
0375503285
0399150617
0553444727
0553445979
0446381500
0679435050
0376037822
0897214285
0897214625
0897214439
0921689780
0435072218
0486647625
0897214226
0521475708
0670808172
0966463315
0966234162
0764501062
0201550733
0892811579
1851773878
1930038135
0749920963
0738702781
0824516834
059600026X
0471146110
0071380396
0787963941
1574441752
1551802074
0875420478
0471435961
0892818778
0684837137
0393325237
0870448641
0870448668
0394755308
097428291X
0761112391
0892963786
0471957143
0140146555
0451195523
0882664700
0899198376
0471377902
0531068579
0671000705
0130466980
0671870386
1589195914
0451527674
0938586483
087156419X
0897212800
0875968236
0875967663
0813339391
0801979188
0002199793
0761501029
0897212290
0312101384
0812828623
1552091414
1580171052
0812013565
0671721321
0671721666
0345388259
0471575631
1887424415
0375810978
0934802459
0684811197
0394552563
157071939X
1582971862
0897214242
0817437126
1855859130
0897214234
8479530782
1400030641
1878346407
0789722992
1577684079
0887435378
0688054293
0446370320
0130668419
0679463143
0688083579
1854104950
1556111185
0465046290
0786868929
0440500281
0316881465
0878579419
0553374699
1557783713
0425197441
1858683157
0891415270
0345353021
097122062X
0715391763
0316651133
0805013504
0517468883
0716794624
0674673573
0817458905
0671636766
0553104438
1561382884
1928994075
1565920902
0078814219
1572317175
0805331409
0672318636
0806906502
1578516730
0385471688
0844739138
067973421X
1556523238
0632057963
0824602102
0876055021
0590303821
0738200174
0679438416
0849935830
0679808094
0679882219
0670878278
0385310927
1561581305
006250701X
074900388X
0415267374
0345428668
0345330862
0824985443
0448117517
0307119777
0307119122
0451410467
0892814063
0870239236
0871966298
0130767786
0672320312
0517885301
0870700243
0380798972
1879535092
2843235146
0944092276
0312044690
0812012542
0155019775
0822053373
0671761390
094118854X
0449001024
0806905646
0805046178
1861082150
080696863X
075480450X
0393008444
1579122469
0525188398
1564409546
0060268557
0811825728
0451457927
0866224432
084781131X
0873226720
0253211190
1569471487
0130866016
0316739111
0140437967
0838452108
0880227974
0821219987
0671680978
0451458648
0782116566
0688041965
0679730613
0867063505
0060410337
0192862103
0679417524
068486410X
0671702475
0813521882
0399149333
0716736497
0425151905
0938586424
0451204867
0962713821
0517519097
0394728114
0807014184
0395717590
0517182874
0395901472
0133651983
0917102886
0897210050
0892813482
0394703103
0471200247
0895770865
1579121055
1552128202
0471376809
0553053744
0380711656
0312265883
0060551372
0679418385
0312275692
0671318276
006096300X
044100542X
0060190256
0809426684
1585744069
0312141394
0670031763
0674306880
0385263457
0140178740
0385415672
0679408363
0155837753
0201168804
0201675161
0130362298
0735714118
0345333306
0771056729
0486247775
0486245780
0465017304
0198604602
0671551396
0345340744
0743457986
0140135510
0671008927
0702234087
2921556413
0879839686
1551090694
051756081X
1568842015
1854091298
0806907517
0375400257
0875968686
1880029979
0028643720
0762406054
0913589772
1892127199
060980801X
1400040388
0812930576
0316279013
0760720673
0789441160
0671682199
0385176007
0486244423
059048933X
0836200551
0802870104
0375501096
1854106279
0395428572
0525673156
0380976935
0394580192
1889538612
1889538590
1889538027
1889538582
0590334816
1889538604
1889538086
1889538124
0316818151
0375505660
0865475598
0136508138
0531003345
0345335252
0609606336
038549291X
0440845920
0446513121
0415261279
0399141707
1858282578
0195090233
0486236463
0939165279
0439401860
0896891240
0671877690
0060105402
0688144772
0471308242
0374148228
0140032665
0879977698
0942237617
0812564235
0671723456
0312955154
0393090663
0836230191
0471328871
0304354341
0312851545
1558211187
0140242600
1854794450
0374199442
0425157938
0446518271
0375704426
0520008278
0679803211
1903207495
0224617834
0962197939
0130104701
0830813241
096798789X
1578050499
0070379378
0262162180
068481000X
0679765204
039454286X
0575602902
0671787306
9549103455
0760738858
0760738904
0814788084
0471323772
0385425295
0898799120
0385121628
1583220445
0395302331
0029146739
0807537810
0240803884
0786888512
1891944339
158574297X
0394546911
0718127250
0897933915
1560445327
0804111448
0821774859
0924486317
0807085014
068480073X
0373765568
0385316984
0020859708
0785283137
0684830353
0393313670
0380783045
0671033255
0029253608
0452261597
0345381734
0130693286
0903505215
0903505134
076530693X
0553061747
0312152345
0679448586
1558175601
1560728914
0821737422
1895688590
0446314218
0486202232
0684854872
0801483891
0060183829
0684852985
0743252144
0836269136
0740710206
0903505436
1571517138
0393313484
0689835604
0671877186
0817455450
0395249813
0899972136
0768204763
1564405273
0789717964
0060166037
0684869160
0679960430
093875369X
1564584925
1573220493
1564020444
0307158160
0590469452
0670816450
0590452134
158112712X
0690044283
0690045239
0689714076
0690044224
0060616342
1575213168
0764503707
0671668722
0806995416
1862044457
0819311405
0062737449
0553579630
0739401572
007135526X
0669180955
1880909022
0440556961
0061081329
1894463188
0821764381
044021257X
0930031687
1585744972
0395707390
0764507168
0822316730
1879102625
0201082594
1558601910
0803707827
0806120657
0446513865
081517909X
087341909X
0899193722
1580680038
1929133081
0761514651
0425186105
0505520265
0679444076
1883195039
0789429640
0809118890
0373834659
0590307193
0399138943
0316109304
0814476910
190125044X
0865051879
1900131935
0803268572
0738202592
0822465019
0870448099
0316307351
0028608380
0312864515
0960538860
0553374656
0753801558
0395574242
0805055614
0671319418
0937175722
0716740044
0374246645
0674011813
0374528837
0446973505
0060968826
0070651035
0688147631
0553062018
0879839740
1883642310
0312114265
0028606175
0370324242
0231107269
0738702501
1576752453
0380798611
0786219963
020139829X
0931510805
0838934706
1567502830
0198774605
0062736345
0262194333
0307240177
0321030680
0007130058
0140322426
1843336251
1563084988
0072441070
158880058X
0590476106
0806969954
0020425732
0679437649
0671003968
0446673188
0590054473
0804818215
089577321X
0890511659
047112351X
0136185886
0140345825
0140345817
0060932775
0525464417
0155413465
0525469184
0307240576
0525440984
0786843578
0521598370
055328570X
0816727767
0333761405
1552091198
1561705942
0395565200
0807841315
0671791516
0875966632
087596558X
094205329X
0380975750
0312866593
060960595X
076455039X
0441004512
0945383347
0440017807
0517885891
1571741437
0843149035
0399523138
0309084733
0874778247
0960531815
0486262820
0930410912
0761943242
185396459X
1903300533
0335209181
0948456450
0385336802
0966742109
1858053161
0335198872
1858051649
155868686X
0811724379
1575211777
0553246143
1862044082
1853463949
0415148146
0335211291
0895262401
0748735143
0415232473
0963370324
056353740X
0843149027
1901094154
0002154390
0761503358
048628462X
0722531621
0192853600
1570642435
0924486236
1902757335
0004722647
0312100086
0380762366
0316560642
1877015040
0813919002
0843947829
0375412832
0446521094
1580050182
0786004525
0679642498
0812966171
0375753168
0060972602
0810933438
0310201195
0671025627
0310235588
0812967399
0916489906
0679602615
0060698632
067100316x
1896184014
0892562005
0679600477
1567182216
0525410600
037575847X
0060192321
1880029448
078670330X
0894801260
0140296204
0517358255
089673000x
0706412885
0517560976
0879511281
0831760826
0517679639
0764550055
0517328976
0517459981
0525243232
0671622544
0830633820
0553348809
037575766X
0830628398
0915554054
0471032042
0672220164
0060106387
0830613897
0201570467
074320011X
0375759476
0679601279
0871131706
0695806130
0374311145
0672225034
0679783253
0553293001
0060166770
0138759227
0590455877
0671790897
0375756809
0375751467
0817405607
0912697040
0895770881
0830633898
087994031X
0830691650
0399133860
083067778x
0874779758
067187781x
0590412981
006101351x
0375754857
0441731279
0671789309
0671002597
0375758461
0505523426
0515124478
0525944303
031287216x
0446526339
067978361X
0373720513
030721561X
038079554X
0440015405
1864481145
0340728310
0521781884
0385294492
081380390X
0802714153
0671568086
0471183334
0385494122
0590812947
0201433354
0066212510
0590189190
0670841161
0312193475
0060970863
0672324563
0805417737
0316482994
0679740244
0931432685
0811710122
0393050149
0395316685
0553347403
0385483864
0395877407
0811813096
0688149596
0441167306
0679743871
1555913091
044652770X
0743491718
0441009387
0441441165
0441240860
0373638310
0451129423
0345421418
0345421426
0441003729
0441004334
0345243447
0671041916
1568524420
0743435834
0380773244
0878915877
0679762884
0072125616
1588461254
0312876904
0345341341
0394584430
0812551257
1885071000
0736044698
0441004962
0373197136
0451456165
156529808X
0743448405
0312874359
044990394X
0903505584
0670031534
0743477073
039303531X
0528815172
0070502293
0006481760
0399212124
0309069874
0843932546
0192628356
1582430586
0915658089
1568840896
1569245371
0521397812
0684862182
1568580770
0312876882
0446677965
0931742080
0671657186
0373196210
0764501224
0201523183
0201065096
0834804042
074343112X
0521278716
0738200255
0521272629
052162861X
0939165465
1401902286
1568842236
1551926482
0672310406
0806977922
0679031693
0816041245
0201694719
0451199057
0446678341
044667835X
0553493957
1570900094
0521499798
0060151560
0688123309
0691074283
0596001584
0553506196
0072121432
0596002971
0140467270
0877288607
1556155514
0553257412
055324678X
0525242317
0671741446
0877900299
0394731131
0446362468
0878918930
0895779757
0717266818
0789411954
1563318024
1840844124
1564586634
0385314760
1856978893
0486234002
0061054364
0807611956
0691000654
0886778468
0684821303
0870441574
0688013546
0894805908
0140216316
1840242639
0789465140
0786817151
0590139614
0670853909
0803952996
1556615019
0967251486
0805022929
0805022945
0805022570
0805022937
0679412263
0671040022
0671040030
0395987733
0471256803
0325000468
0810845687
1564582116
0887080537
1587991705
082340627X
0312174284
0072124903
0805026746
1565926005
0963761188
0525464913
0439370108
015201506X
0871318660
0307122522
0671467727
1564024784
0743437330
0236154613
158017325X
0152612106
0688145973
0689810695
0399216618
0525446591
0688159400
1860390315
0803713010
0517562227
078684292X
0874843626
0671025422
0960603034
1564586812
0816512957
0072127732
081674811X
0130194697
0806510609
0060235977
0688156266
0821757830
1576573389
0393063747
0505521490
0821755749
1578514398
0071371788
0821766317
0262161702
0138803455
0444853367
0446516163
0789411180
0974458902
0671025473
087596964X
1552631966
0671881035
0534955746
0060153091
0895773473
0385467990
0061062006
0743479629
020172149X
1886411778
0782110940
0201793040
0895031957
0871878070
0553235125
0830414754
0670809713
0471393142
1567181724
0316294349
0785773428
0873418247
0316787396
0393047032
0517405067
0671542842
1558510109
0786813482
0446676578
0070093520
0525944591
0691014647
0743229223
0316713317
0618128751
0062730991
0881064548
0140559671
0785271872
0385327269
0385327277
0448406381
1567184332
037580028X
0789434377
0765108917
0671770624
0671035924
078670408X
0679812075
0064467287
0914153021
0941831752
0679773738
0394929128
0553294067
0590227130
0060523719
1564589552
0609607669
0140288864
0004725018
0275948501
0396067344
0195068122
0816037205
1891620096
1585742872
0618040196
0684142708
0590460196
0385249624
0451528174
1586480030
0877018472
0373871872
0873377885
0873375548
0873374339
1565922603
1565922182
0735709734
0879979895
1558515690
0743480554
0672226820
1887140085
0471831743
0895295849
0072193816
0124558399
0843943955
0596000715
1565924266
1565926609
1565924347
0672225255
0831776501
0373169159
9679966054
0870445855
0671578499
0375751564
0739828371
0760712085
0803715277
0026128004
0962939528
0517596946
039454983X
1565922697
1565926382
1572316381
0072130903
0789424495
0596001304
0596001959
1565925149
0132896613
1565923383
156592259X
082232220X
1565925203
0072131829
1565920317
1565922743
0500541558
1874416508
0672310120
0672315459
0312203756
0590489100
0895772752
0395483530
0789471566
0201406942
1400052408
0806967943
0826316816
0375800425
085953958X
0399211667
0590566431
0671691414
0020066007
080691260X
0399137343
015114978X
0590319221
0812509390
0027420353
0312097328
0312866399
0671034898
0029353017
0061042315
0394425553
0670528331
0736401350
0814100376
1889632015
097211310X
0316124907
0670030287
0201877007
0375420991
0486227316
0963144863
0691019681
0415043182
0590129163
0847817547
1572153016
0821219804
0070535272
0809073978
0805057544
1559702028
0520009290
0520009282
0782118453
1572318546
0201354438
1556156375
1882419685
1562054503
0782119697
076151810X
155615660X
0471125695
1562059130
0917627121
1562057235
1557553262
1565926412
0782126057
1565922662
0937175676
1565923928
1565925424
1565920988
1565924983
071530982X
0130333514
0782123414
0811205959
0671888250
067494593X
156592214X
1565923790
1565921879
0130953881
1565922255
1565923588
1565923162
1565922514
1565920376
1565920015
1565924215
1565922867
1565926927
1565922433
0735710082
1565923146
1565922573
1565922972
1565920600
0672315238
1565923014
1565925297
1565922360
1565923200
1565924495
0439221587
0784700648
0671026925
0671632388
0590420410
0824517822
1583331107
0965070808
0060410132
032104956X
0205146155
0060972149
0670867454
0882292714
1568541139
0715306103
0316529400
0385133553
0062736752
0679448144
1557500169
0500510776
0674005899
0806942525
0911910034
0528878530
0060905204
0448190524
0737000163
0399515623
0737000066
0671689088
0684819694
0316526916
1883577470
188357725X
0789711184
0394546741
0672323133
1569246440
067400633X
0670827320
0801861659
0894354655
0070328110
0070050767
013191958X
0425159108
0673800326
0673800334
0738202347
1889632023
0465054331
0618257322
1885061471
0684802074
1400075211
0140439110
0782129188
0201722089
0195143264
0812029801
0070545057
0471558958
0911469060
0446343870
0393041832
1586482033
0395690013
0679755012
1568846207
0345352432
0140178244
0836242467
0140102310
038551123X
0394536762
1590710169
0135416817
0471332445
0441007988
0632034785
0807012262
0415243424
0275970566
0449912353
0671758837
0679448438
0874775728
0671038516
0743458974
0070388490
0525209611
1556342764
1593760000
190339113X
0071355146
0679426248
0670030864
0061054380
0060970820
0895262797
0873418131
0380766035
0385498861
1562056697
1572930683
084991325X
0440220882
076456711X
0816774781
0679452915
0913729884
0425186776
1556424116
0517335050
0140318720
0374347964
0571153542
186448523X
0517500248
1561386219
1561385565
0300092962
0297645749
0451203062
0782140203
0821226010
0130304646
0811824233
1563923971
0940208156
0619020970
0130094048
0789567040
0930100980
0517556049
0486222268
0609609815
0130938327
0132075318
0131613073
0446311677
0062733656
0874777283
0671633392
0195116313
0674445430
093320132X
0515064475
1561385239
0451626206
091656701X
0810914301
0671648349
0762711167
1560443944
1550502700
1570624305
155050164X
078942777X
0140390510
0671759663
0028622170
0395522498
0515094757
0425136280
0811802493
0943914795
0192861026
0316373141
0840791399
1561794627
0891097902
1883478219
0891099549
0393308359
0782140076
1572319518
0446612138
0375700994
0452283191
0299077349
0312266529
0590422642
0449908372
0921912463
038794673X
0380975378
0671250361
1561445770
0201354586
0521347807
0716715880
0771054920
0789707985
0806988142
1575210738
025608338X
0415925339
0534119581
0070366985
0126848807
0471963402
0471717029
0201478110
031209390X
0471093157
0631168478
0673467686
0262520400
0716711869
1575213362
0201396211
1566047390
1568361408
0670856681
0132874261
1555661521
0449126617
0471555797
0679763120
0679763139
1575212498
0449003647
156414674X
0921714785
055356465X
0948699779
0809494086
0771039417
0806905182
0399143890
0865650675
0969732201
0773732403
0747503575
034542705x
0670869953
0895770652
184018129X
0844237760
0517590433
0395608376
0844231207
0062514903
0312239246
084990837X
0385147325
088365184X
0060921013
0060453680
0397546289
0231113412
0517598590
0618056769
0306414341
1586631152
0738703184
0877736987
0876667493
0806511060
0486247201
1565924274
0028638662
0812091566
0688126693
0006383947
0312922671
0385196032
0553276484
0553251066
0911658149
0760705216
0553243330
0486230198
1567183549
0060965630
0394549430
0831760508
0671421476
0875965709
1856480151
0821751905
0152998713
075064575X
0151400563
0304361720
0380807610
0671657089
0811907821
0671769235
0816015201
0140130470
0534551394
0801869625
0708853323
0563405910
1567510221
0451133196
0810928817
0471402273
0887308872
007137048X
0312977948
0764504185
0151930937
0810927268
0738806986
0609607219
0937175641
0882663194
1556523092
0792229509
047114276X
1581801998
0822323699
0801866863
0886776139
0806924535
0425173925
0452280745
0807085138
0871088479
007134750X
1886346003
0515129755
087596379X
1555835783
0805044043
0425178811
068484401X
0515124702
0965112608
1579120253
0140249729
0871566435
0875967981
0425163458
0871088169
0515128694
0843176113
0684844524
1892049260
046501299X
053454701X
0029066867
0071345663
157230619X
1566091780
0452276977
087581414X
0231107099
0205261167
1850156379
0872597970
1560230754
1579547923
1560233052
0768908922
157356141X
0786887257
0137926154
0672315165
0764503898
0671023039
0771088310
8466303383
0789706814
0399219145
078970210X
067087499X
0965330974
0553202065
0140253483
0764107704
0425064581
0374522243
093279601X
0896227278
0830642714
1576834026
0802441076
006021905X
0439142636
0439106796
0671879987
0439115159
0439070325
0439087643
059076263X
0850095824
1572313234
0786013281
0375806261
0618219293
068817714X
0307748375
1875559094
0806967307
0307001199
0786711736
0439099102
0531088871
8408048953
0679913831
8408048945
0716644991
0439317460
0789434393
0789429616
0590397923
1571691588
0385297696
0132261197
1567995438
0394502698
1567993540
087666513X
0023385022
1574882163
0345448847
0672318814
0672314835
0375506195
0963277308
0670584703
0440225140
0307123081
0821763458
0025258001
1566910366
0385171455
0671662600
0688070868
0395980771
0590476890
0882404288
1579541879
0821712764
0895773066
0441002307
0062507230
0877015066
1560242876
1565651502
0201570718
0821223437
0936070250
0743219791
0888669526
0671899082
0140097384
0596001606
0786911891
0873958829
1580082211
0385485840
1883697824
0345292405
0684855755
0590847791
0451179838
0139840060
0590112600
0439011574
0691009783
0486602559
0500016933
0471311413
0471315702
0515038628
0876542089
0553570021
0745150276
074932208X
074753103X
0440216834
0397013302
0670532819
091179722X
0934678200
044991089x
0385486626
0670866601
0782116396
1565290534
1562053566
1565297210
0683046012
0801662842
1570624259
0006366023
0345276744
1555213669
0525171940
0881791636
1563702924
0764503251
0782120652
1572316306
0764540092
0789706210
078970790X
0782120555
0847806332
0803257104
0838577016
0297645978
0525249990
0871315203
0684836610
0743450620
0830637117
0671466860
0394496922
067973130X
061326892X
0590471244
0787909297
0471543977
0809448815
0688012264
0787610348
0060971975
0070051356
0941533832
0831765070
0517615398
0201406721
048664927X
0030493463
0747221782
0399140840
1568840640
0521385903
0789700735
0691027404
0471815047
0312117787
0525945601
1579541348
0811802116
0941831906
0060176881
0840777140
0823083446
0934986517
0816018219
002054555X
0897331893
0882681346
1575289091
1402200463
0525249214
1580080707
0805313192
0764540122
076450570X
156884218X
1402201427
0070393907
0671850083
0897211499
0207153671
0452261740
0671896733
1559720115
1558536582
0156010755
0380726475
0761536434
0782122930
0740738232
0702230251
070222989X
0446309524
0440223482
0671537555
156884008X
0801052734
0897212355
0805420835
1894593073
0679303111
078970269X
0516025120
0730100227
0856487260
088344948X
0697237303
0872073513
186508204X
1865084271
0517119501
0671208608
078760688X
019553123X
1857989597
0789708760
0072127856
1857982053
186508087X
0764507508
0321011422
0898704529
0811818934
0374177171
1852309431
1558740295
0688029728
0898158796
0152531343
0435086219
0393013782
0553234412
0789721090
0789724243
0789721937
013091066X
0316346233
0805042180
0312044569
0679400621
0609601415
1556110545
0609605410
1571312242
0380753456
1881955346
0671739468
1591823870
1569313997
0881844780
0375703594
0441771556
1590770293
0658014870
0803726066
0156838044
0807083690
1883052238
0880620048
0803294271
0743205391
0515123684
0521389917
0471595322
0399528288
0534170196
0140077294
0072433590
0762706147
0446523194
0821225960
078948031X
1558536744
0892965614
0440205468
0694014176
0764124285
0764124293
0874776112
0226041247
0517259230
0791431169
067174920x
0898741270
0517696193
0867130709
0730101533
0590418777
0880380233
1556521375
1580620019
1844429903
0876592051
0385155840
0525944974
0130046078
0673469271
1575212269
0764502239
0486290220
0764502336
1580762557
0517582724
0679450777
0911714170
0307062546
0307624773
0500280282
0060393904
0394580486
1883010721
0024967904
0715303325
0735613834
026262124X
0195136292
0071374906
0836209915
1579541976
0425051641
0446526266
0394729390
0789714825
0412051818
020187878X
0737003219
0898792703
0789493365
0205297927
1577490150
1880283085
0534528341
0878910611
0131649973
0534943748
0130633488
0133274616
047117081X
0137783418
0132991241
0132582600
0521446635
0786012730
0130303690
020527692X
2080135600
0130144096
0138493081
0716724324
0945320353
1882770188
0932855024
8439703384
0345393457
0226500616
0945260229
0590228595
0521297761
0126400601
0933031971
1856692426
0002200813
0002201410
000220083X
184353102X
0002200309
1858289394
0397473028
0963600117
0192116975
184188104X
0930031938
0860935248
1560253142
0007108419
0198510675
067179695X
0435901354
0312290659
1902825578
0140269894
0521457289
0304350966
0752217127
0860935418
1858289084
0333616103
1858289610
155853329X
0812047133
0002201402
0002200821
0713996269
0715305441
1841590452
0749234113
185895049X
0740714430
0740727370
0764530364
0764546090
0764501321
0764500600
0789718529
0789714523
1572313242
0764535102
0072127511
0764547992
0764501380
076450049X
0672307367
0072127813
1575212358
0764504487
1556158963
0672312980
1571430717
0140431128
1566868521
0722529368
0864426275
0440215579
1855854562
0670858684
0812500687
0824601947
156884168X
0801862930
0811729850
0531085317
0399513949
156884915X
1878058789
030681076X
0877735379
0966583299
048640966X
1583670254
0439367786
1558586822
1589801288
0764534963
0596000103
0785320423
0385041144
0521783038
0816714770
0673396800
0399229272
0425090507
0324022476
1883013062
0761100350
8881184745
1558748164
1401902278
0380813149
0471619973
0195142373
0787220590
0262720345
1570622515
1559724048
0881791776
0870118641
0312267274
0873646509
0387026207
0451625307
1562055577
188413355X
0060535954
071673396X
1557342903
0671796275
0394527631
0671042637
0706405994
0395641691
0805055606
0783552610
0804115559
047139470X
0028055896
0735611297
0836230094
0060226382
0898682002
0321159462
0201844451
0201758466
032119439X
0735710791
0590460129
0521485894
0471597821
080945520X
039921349X
0679867368
0736410457
0553076094
0152045686
0816020213
0521797535
1580050727
0446517895
1582341842
0760704449
0670881112
1891620789
0500281475
0316610690
0394849299
052594057X
0226458083
039471850X
0805037160
0151575576
0525248056
0140467130
1567180175
0810914271
0590427601
0671023756
0892563052
0395715377
0864424566
0764508946
1568840756
0521563305
039458743X
084871136X
0198539568
1579590012
0671791850
1569248516
0803258631
0670852449
0765307952
0840767455
1579546889
0671767674
0863183441
0070580782
0821225987
1558591184
0830624775
0716731606
0521634962
0821225049
0684869985
0674930460
0060975059
1899171290
0899972292
0764550322
0898866928
0787952737
0679445765
156052524X
188357711X
0812093046
155105003X
0871131390
0060974559
0295966521
1558512144
0831740574
0471130885
0890062978
0387947019
0471351547
0912045485
0070464340
0671846515
0262531526
0553561197
0925480533
0965296822
0070427798
0882669273
0887308384
0140257357
0061011533
0553272748
1556619219
0023153105
0300074344
0898620198
0806961163
0884860981
1856978087
0932592104
0849937620
0553576208
0890157499
038079439x
0835607518
0446602477
1585746967
1580173101
1586481797
0064671569
0836215257
0517701898
0895770970
0276421086
0373245947
0894808079
1558217835
1585746959
0394527771
0131101633
042519518X
0743458338
0575075260
0812013174
093556621X
0938817329
024080340X
1580650112
1568849907
0140285962
1568360681
0471620823
1852423390
0679731024
0690001479
0380797135
0140127925
0836252586
0028633407
0836280849
0684871491
1551113082
0806999063
0521550912
1892547015
0425171558
0789721163
0789725525
0764503995
1880656426
0764504983
0072193638
0878335722
029275101X
0764506110
1878058584
0764505246
0764504835
0764504460
006251041X
0970050283
0395924960
0679873287
0505520494
0307119793
1559636602
0026890143
1570822417
0393730522
1572970855
0553445170
080943752X
0553061739
037381013X
0571198716
0764117599
0393035565
0231106912
0375508732
0440361494
0345353501
0689843798
0520087550
0670867675
0452269695
0385509618
0517543826
0070534489
1558504796
0376011416
0517374838
0764102850
0517882213
158348096X
0679754385
0132637731
0380801698
0070428417
0821754033
0553563602
0505520745
055357826X
0515129526
1569711445
0006384854
1894004876
034538251X
0452011752
155105146X
1586630970
0792271483
0449907015
0782117643
0821772260
0684810190
0875964869
0201581248
1570649502
0394891864
0943173841
3822870625
0425183033
0449222381
0743488377
1561712353
0671750445
055305368X
0875421814
0905895835
0306460084
0553579711
0312053800
0195130065
1568361467
0395955637
0395382068
0441005268
0375420797
0812018761
0866224599
0520037626
0262082713
1567616097
0471918083
0789705672
1403374953
0743474430
0394585747
0674673778
0393086917
0963284614
0140109072
0465031722
0690045786
1903047749
0671684930
0590314718
0140469621
0553445413
0752837338
1557040621
0895862816
1577487079
0961587504
1580081088
0961847026
0895296284
156458187X
0321011082
0061083534
0380777320
0898153883
039471153X
0505519097
1858687225
1576105407
0671730665
0897214315
0806906871
0895772213
0385495080
0881504017
034068836X
0679890645
1861003668
0764506927
0672313251
0761516778
157082455X
0789709864
0764534084
0871968509
0399140417
0672313065
0571166997
1575041510
0882666126
1580171281
1580080391
073820756X
0672325152
0752203304
076682909X
0760011427
0300076746
0764536575
0764535617
0764508180
0782140335
078212822X
3822816280
0385472625
0393048373
0072226447
0679417680
0374104441
0590738887
0816033560
031204836X
0060234113
1557739501
0393064158
0674076222
0805812326
0306802953
0894864386
0836270177
0316499552
0877733635
1865080217
0732900158
0271005491
0425188450
0029066824
0671318497
288124632X
091092368X
0387914951
0684809095
189652253X
1555843352
0817435344
0201145596
0679742042
067231603X
0830630201
0887305873
0812924150
0375505784
0486257789
0486250237
0671679449
0679426450
0782140181
1556158238
0838634435
031331053X
0140244328
157233083X
0815319436
0060009667
0395361648
038531325X
0820420581
0870210599
0312223668
0553801368
0521551498
0812231627
0521632943
0761817778
0309084075
0671522809
157231995X
2892272270
1563051206
0812034317
0684833484
0804804052
0929320123
0552999393
0963161210
1585741299
0961122803
0380973502
0965478513
0826202683
0898159407
0415934915
0762102780
0671004522
0345336941
0026334305
1580170234
0316818127
1557882622
1579651348
087596799X
0452262119
0452267994
0486244024
0345309499
0875966357
1565926617
0875966756
1559587393
0875967906
0805401695
0674748883
0443062102
006028255X
078682820X
1880410400
0385486057
0452269547
0761505814
0974161705
0764551558
0201627078
0816026793
1558514368
1565298241
0131939882
0471113549
0871317052
0373253079
0201563681
0521367107
0670839760
0521377773
0471513377
0521321131
0521391121
0132323311
1567185177
0716745038
0716745003
0307136671
055334577X
0671664042
0883189356
0521229812
0876636946
0525672400
0670031860
0816029261
0449003310
0670833843
067168924X
0809468581
0809490587
068418981X
0810938235
0471531421
0471530689
0471530700
0471520934
081602331X
0781228883
0732909813
0152021310
0395701112
0316553530
0871566893
047152543X
0813123186
0321046064
0471118206
0878910581
0812034481
0944708226
0830605975
0803703244
0155019899
0440538416
0440538378
0786303123
088730978X
0671653482
0590373595
0553097199
0075570351
0811472248
0811472191
0811472329
0811480720
0668022019
0879102861
0876059701
0517573865
042518191X
0879856130
039304694X
0684800217
0965925846
0809236338
156711086X
0812916883
0394584198
0874773865
1887655808
0679725520
1883846420
1883846935
0965220257
0448104784
0345419014
155821349X
0671242962
1559450584
0876591721
0876592582
059007301X
0679442553
0871235544
0312029195
0874348676
0316559768
0816720029
0078822246
0590877356
0060219750
0525446435
0684815230
0394947444
0807554197
0345295315
067942167X
0899199380
0531143538
0803907117
0821625071
0440217997
0689704550
0517886510
1581342012
1562613472
0816015368
185958070X
1861002963
0309049326
1590300718
0140265139
0575071389
0375719369
0809256533
0393323528
0763617407
0373263481
0962976830
1888869054
1857881095
0672321270
0312877730
0897214544
0688165125
0670844217
015657246X
0020295456
0520072553
007025706X
0393323102
0471333263
0374236437
0226248232
1585670294
0192828398
0767903439
0877732663
0471419192
0399141618
039914501X
1564583295
0789449218
0312134584
0138546622
0830676643
0060595183
1575211874
0060183942
0764116533
0066620392
0312205597
0062515144
0517561328
1885173369
0816037922
0813314194
0440214831
0806980125
0781745098
0792318595
0721633595
0684847086
0684847108
1840460431
0822515911
0394748697
0060182520
0876591993
0449002772
8174370250
0307158527
0887307655
084993785X
0441006388
0895261820
0671007335
0020419201
1565650255
0943358191
0120585251
1556158920
0880224444
0823030245
1556158661
1576734528
0078819482
0415905346
185359444X
1873927096
038513181X
0375504729
1570711429
0688012205
1885071337
0446520608
068485421X
0812097319
0385476760
0964230437
0441007848
0764107259
0335201091
0679742204
0060548231
0671042181
0310354501
0764551809
0441005098
0312287674
1555662579
1575841916
1564585344
0896935752
0152579958
0805418954
158660306X
0805423397
0394886291
081930655X
0886778530
0310349915
0840758170
0375404910
013011202X
0062510231
0448108275
0764553070
0764506889
0688030769
089107810X
1586606972
0441008119
0002000369
0525459898
0764152890
0375811788
0789439905
0895774453
0785334092
1564025497
0671451553
0465081711
0393321509
0375815120
0671797352
0694006211
0789488299
0307121593
0684872609
0590332368
1572315075
0670030805
0809245604
0911104380
0879759356
0684823837
158150103X
1586480774
0395730988
0521313163
0446528293
0835604381
0471597732
0030035627
0801978890
0878515909
0517706660
0590438336
0201633612
0596005164
157870118X
1572316861
0201353415
1861000766
0590477102
0690013760
0525283501
1565072340
0875951880
0590691953
1565651014
0878575731
0394534050
0802713971
0465024858
0679428518
0520049489
0812931017
0471525065
0809426439
0471048852
0060964707
0520237374
1555424465
0571112692
0750677287
0521284996
0742508390
068480834X
0781806429
0881921327
1564580164
0520082559
0679451234
0679451226
0394362802
0486227170
0486227189
084991521X
0471245208
0930588770
0894950215
0064603024
0395468078
0316816795
0446677493
0910146691
0671543717
0571205704
0738507660
0754801241
0806917792
0878058354
0062505955
1575212706
076453243X
1903450063
0253213029
1566262011
0446676675
0743411307
0916366634
1869503821
0072443936
0130447315
0737000619
188845122X
1580621236
020172152X
0312283571
0747559392
0345425804
1568302290
0399523863
8423633918
0878223517
0375761969
0736412697
842044801X
0887059589
0809496879
8421609750
089019078X
1858687470
0671438077
0394871057
0394871510
1575843196
0806996188
0806938277
0866220593
0070477574
1902813278
0256025274
0684838354
0435901192
0743474899
0517593319
0879234059
0842024964
1580171443
0312150423
157061136X
1560444851
0226744140
1563671077
0425179281
0399218998
030724055X
0312959478
1561384194
0764508024
0836252772
0151005745
1575211289
1402701942
0831400447
0805029796
0875962211
0062510061
1568841655
0827372930
0345304012
0671519824
0671648748
0553349686
0762102950
0767908449
0789722062
1878058517
0764508016
0816012423
075350426x
0553067842
1571671749
0201120658
0451201051
0226571637
0671569007
0004708105
0316818097
0867094753
0738207950
1578591058
1885068387
0735606838
0340826762
0764502549
0747221359
0836250885
0671750615
0385411154
0743445090
0718824830
0711955522
0394733959
0553095188
0722530978
0688148646
0671644130
089802630X
0836270193
0441004504
0297830910
0874067286
1857982088
0831707089
0716616327
0486248550
0689316216
0789701839
076450293X
0712650512
0806961228
0811800946
0670816663
1576600734
1576107116
0590401556
0894800760
0897212207
0696025787
0618107312
0060509163
0749307684
0735202729
0395911737
039593611X
0670863521
0863501427
0739405071
1568846193
0826406777
158063091X
1592281141
0789713896
0970820119
1559716843
0716731347
0764121669
0711215065
3764360895
0912158719
0822521261
0822521296
0822521318
0531101487
0531101479
0875968066
0762101407
0749922303
0684867303
1579901913
0871137313
0803716311
0761123849
0743458346
0312311001
0395436087
0373252587
0316852368
0079131077
0130308978
0139080058
0619055359
0619064609
0373123663
0619064587
0060736038
0619015233
0030321883
155778373X
1401825877
061911052X
047138366X
0321149459
0688103685
0471492779
0136903223
1566047579
0486256642
0072195177
1558283471
0062730606
0534376681
0471346098
068810195X
0201741725
1551990296
0201095599
0929292022
0517463830
0226736288
0385290098
0735711054
186508624X
0449906973
1591131626
1561584177
0394878655
0684811332
0060006250
0753808579
1565928717
0596000804
0896084574
086573335X
1875137491
1879904004
0140194851
0140170170
0895948109
0738205737
0872863379
0030460867
1551380285
053420550X
0517668424
0132846217
0889822026
0875969305
1885203470
1565543947
0066620635
0940625121
0679455000
0240800478
0785800190
081183137X
0486232018
1883403006
0517556723
0345385667
0345426479
0060089466
087709411X
0785778691
0553052802
0517560801
0435910124
0425099202
0764539116
078972376x
0743444779
0830633340
156158018X
0946819831
0471606790
0809254166
0452283957
0316172847
1561580023
0792452593
0847813134
0849306256
156158021X
0946819424
1861080646
0942391845
0684833492
0942391284
0517073595
0941263711
0809486083
0880294906
1561580619
0946819807
0918804272
0946819327
094681984X
0842504699
0946819203
0946819483
0553267248
0918804760
1561580929
0942391373
0695313541
0806985720
0785300457
0307118290
080694272X
0397513119
0913589888
0316111864
1855857383
0695402064
0671882392
0471528226
1550548611
1561641359
0688040497
0801010594
0452278252
0816703329
0896582523
1892145049
1850321752
081614849X
0452274362
0312151403
0874475678
0896582620
1561383074
0486227944
0821226665
1564967654
0609606468
1584790466
0823406768
0192801015
0962818607
0715305344
0761515496
0062702122
0881924997
1572315598
0838418651
0871568810
1572319011
0782127606
0782125727
0130891045
0764504738
0672317028
0672314126
0871563576
0894718592
1850919186
1883403588
0944256007
0396073573
0767900596
1556709293
0553380397
0609600869
0486238423
0835607461
0285631144
0440212715
1562059181
067232525X
0563405961
0735713243
0735712085
0596000413
1884997163
0553344498
0312149905
0023860103
0892812885
9768108126
0030595746
0865475768
1578660173
0684801752
055309775X
0964230445
034538945X
0764546449
1902813308
0440509157
0140540822
1842322761
1880000156
0884412830
0884416038
1588720446
0673520064
0130282715
0880883855
0962539627
0679877606
0871578492
1551050579
0020422105
0679750525
0439177065
0246123672
0671413465
1558610189
0689822707
0439332818
0439153263
0525474331
0840763077
1858545617
1893956385
0679880720
1556154704
0679424075
0672315335
0394884663
0810945681
0689830149
0060518421
0836237080
0312857608
1930009046
0867062029
0446361526
0201626950
0671002996
0071402500
0060005688
1551925990
1568846967
0385411952
0465015212
0865714045
0440038359
0451457439
0312251939
0887621228
0679760571
0440211425
0865713928
0385092393
0140239723
0060913703
055338063X
084237230X
0866223894
0684868768
0553011413
0764551566
0486254585
0553353381
0671463918
0028625218
1558210016
0553802666
0316720917
0224060503
0441218881
042505490X
0590402978
0761306471
0141006102
068813212X
0761540970
0672484900
0439155290
0761543287
0812026012
046503912X
015200694X
0802784674
0671008498
0751516015
0764106392
0439174805
0865476063
0439474361
1570549605
0140378154
0609800329
0201624613
0789439980
0672201836
0679425632
0789473550
0878579117
0789457059
0439108055
0451207092
0836230639
0553095552
089480930X
0030152615
0764552198
0307602141
0061050806
0762703377
1882647246
0061073040
0738205974
0962916013
0802784666
0307131254
0553349651
0201710366
1562059467
0345368495
0471614831
0070344752
015507475X
067230466X
0330280236
0844234958
0893012505
1568300131
0471128457
080773800X
0835900401
0888792166
0140086943
0449701085
0889951314
067974195X
0231041675
0806961147
080249238X
0761527648
0387987193
0596000197
1893163288
037365068X
0345439899
0878937331
0764104829
0316059730
0521389380
0804830401
0060535423
074458258X
0060155078
0674722329
0752219553
0140136258
0152021752
0688166237
1564585506
0761313400
0671536117
0746029993
0517704153
0969582218
0968459501
0968566502
905727048X
0805012508
0671868756
0062501003
1565655206
1560062193
1560062010
0821769049
0822549204
0684846357
0689311133
0382099656
034540954X
053110219X
0688200796
0397314531
0330260995
0804105324
0373104278
0440843510
0694003808
0307132099
0300074468
0155758314
0953092119
0380795183
1565658108
0385496842
0141305258
0789545349
0679641009
0872165736
0671870769
0310918839
0922066779
185538499X
0671509500
0761527753
0446515663
0442288212
0471246573
0321125304
0345345460
0316532673
0030029945
1550135759
1931498458
0762403225
0750676558
1903458153
1903458048
1574440071
0879979798
0131214926
0762400838
0201735687
0824777433
1558606785
0764548557
0760010900
0393972135
0471287083
0134569555
0471250414
0882667769
0070240507
0201354608
0875965679
0201353830
0130229679
0805349405
0201353881
0130210277
0874847400
0764533428
1570826900
068985644X
0006547516
0679990631
0679764402
0760035318
0760055696
0130482684
0314042369
0201353504
0672310708
0691024057
0471175757
0672309629
0764533568
0764503936
1556156758
0439368634
1858546818
0807085588
0553503936
0963575279
0688073603
0395765307
0310250811
0782128629
0762417080
0553378945
0809244950
0387068929
0609607723
0345442245
0671026194
0312865406
0863184510
0671537520
0802713459
0553297503
0440215021
0263830705
055323949X
0886771331
0812533062
0572027710
0736901957
0345418972
1564588890
0856853380
1566374790
0764551221
1571314024
0471506583
1550463187
0099790009
0671024000
1879373939
1556590954
1899712038
039952567X
0525943072
034536239X
0939680882
0262050595
014118115X
0192815865
0802079679
0761516727
0761516719
0062732757
1565078624
0304352004
1897817096
0285650645
1879181185
1578631505
1861006926
067232489X
0471496693
007881698X
1561583774
0312029101
1859747094
0373512341
0316738522
0764507788
0671725297
002881021X
0373512376
0375402624
0671243055
0385003412
0030718562
0201713098
0894717162
0201731339
082451100X
0312969929
0072122668
080651356X
0972324704
1571515925
0399519521
0151002991
0802140432
1561452548
0764506730
0373512287
0828902518
0385334818
059069183X
0380716240
0967563208
0871130726
0312972563
156044455X
0395707420
0822492202
0679463097
0312273037
0525469052
0141183365
0486228770
0812503163
155853461X
0553057057
0590376780
0195117298
0385503997
1552633977
0743436199
0072284145
076006069X
0760060665
0760064903
0262540673
0712625267
0878305262
0312254040
1931160066
1552094987
0525475044
0393304728
158574039X
1566635780
1566635691
0786881097
1931646317
0871562499
081745005X
0689304226
0674076249
0448440776
1568840764
187805886X
1586480960
158567317X
0764566571
0786865229
0026315912
0866253335
0688156924
0316106666
0394740564
038573008X
067003195X
0813017173
1564772802
0130166294
0789468956
0789477653
020135747X
0226195457
0060084367
0812917049
1552094898
0375401865
1570647151
047143499X
0060957360
0375806148
0898864801
0789402122
0679890610
0880118237
0590519336
0425166333
0525940936
0684859343
0891345213
0399139893
0525940928
1550549669
0312863144
0155054848
0155074709
0916571025
0878571337
089107290X
0072130261
0465036252
3822896349
0801968968
0764550578
9264186883
0192823485
0937274747
1571201548
0060951869
0836252314
0689308493
0785277188
1568303920
1568304161
1568303807
0062515136
0441002919
0435905406
0316817023
0316817457
0767900324
0553071505
0688144993
0671002228
0201626799
1556113994
0810106620
0345373065
014014739X
0878577734
0553080407
0912647094
0060179619
0706372298
0515120790
0060280662
157131234X
0471594741
0810934787
0801567203
0373108982
0131766031
1852424087
0071376127
187825751X
0743470133
0940182114
0373108842
0671529323
0878578994
0818405740
006093042X
0762722460
0684813998
0789451905
1558534407
0060187557
0805038086
0789451913
0789451980
0850524598
0060149485
0517468913
0316004855
0201093146
013473257X
1580050980
1559712104
1562611062
0873226917
0609602217
0394824091
0671578235
0590881957
0373111495
0525944478
037310894X
0671536109
0385150598
2922148289
1930601247
0471618764
0139724567
0451162870
0451204719
0486296547
0920656455
0814405436
0596004729
0515123374
0679400311
0874366100
0670882178
0688045758
0131228390
0735709521
0072127171
0072133252
1556151586
1576106020
0672317737
0486205428
0072119179
0072126752
0895297841
0937175714
0937175773
1565920058
4871870316
1568843488
0782123767
0394545931
0806969628
0879756551
0813517745
0671792865
0307240770
1555913881
0192116819
0786414510
0671014471
0590471821
0849917034
0895776944
076450780X
1567999654
0304350524
0671726455
0534359493
0937274488
0882666185
0425164160
1572972726
1572972343
0785814469
1567182240
0700612858
0375756140
157064263X
0738701599
1879181517
1586851721
081221434X
0782129811
1856230031
0376012269
0716720647
0736900373
155821304X
0740733281
0385246854
0882665022
0875961231
0803996845
0806929987
1567189660
0840767501
155105079X
088864311X
0875968562
0831724102
0806974842
0867094699
0764516647
1855859033
1893896595
1551050811
1551050749
1565936973
0516077856
1551050722
0786842350
0395655730
0446322121
0689310285
1591162157
0843953853
0440216621
0253335485
0812916581
0141310944
0312081367
0060961538
0898798329
089565766X
089565766x
0671877194
0858810581
0425037444
0773517464
0942961269
0452275067
0773516182
0802077951
0764502700
0764534718
0375806156
0868245569
0345240146
1563525313
0961522143
0002163578
0802112706
4906574467
0877900965
0785266976
0713990619
0671422278
0060161299
0134546466
0806995130
0812626540
0689831188
9835600570
0451411188
0060084286
0060192348
0789712229
0393012522
1858284597
0205264670
0205158056
0892815418
0132924439
1929049307
0915556278
0674540417
1558504265
0131832603
0393052990
0446525936
0806985941
0312920520
0060150890
0830614036
0749911476
0515130443
0670888931
0312335164
1863715940
0702219487
0672315491
1582450501
155821688X
0072228970
0886772931
0874514517
155110198X
0714838489
1854795961
0696219182
0061012017
0684178699
0882405020
0882400851
0440204356
0517599244
0273631667
0806962445
0875848702
0671794604
0964779919
0945397232
1556613210
0151002592
0696212560
0784703310
0060675578
0205162673
0070150672
0830725695
0966647602
0340765992
0961167866
0810926237
0870447904
0316110876
007134778X
0762408391
0963234560
0312269188
0590414496
0967951909
0671799096
0877936706
0345292359
0525944656
0553281909
1885167180
0066211123
0525937250
0531156710
0062736515
0865960917
0156928507
0201632926
0764504355
087156596X
0738701939
1559721316
0899306217
0945448570
0316920541
0064671097
0688121942
0933201559
0786410116
0060393645
0345409906
0671877321
0517591642
1580400507
0941130150
0440500397
0445207795
0385036736
0441004253
0842308369
0688140815
1576830152
0312300824
0921912978
0764503138
1888777443
0670804339
0812922751
0394505557
0894807757
0933149697
0060183217
1558282998
0743255801
0805017704
1561580805
0590306715
0449902625
0840764324
1863734546
0877954151
1558670378
1573221600
0840795882
0880112735
0397316798
0671789481
0743226070
0671664425
020103915X
0895779218
155788370X
0716716488
0684831619
006017336X
0523485395
1555466206
1555466249
0345445716
0525942092
0973323302
0060928395
0888620845
0802765335
0743203097
0688135080
0671024302
0879519223
1580632017
0671745964
0670891843
0671870777
0938317237
0618001816
0761518088
0517884518
0844239046
0698112210
1558747842
0553342444
1563680432
0761532633
0062740105
0963401602
0312078102
0140263098
1555423655
0806962585
0399135049
0133030091
0534304796
0471002496
0394929292
0425131300
0131096524
0060185406
0898156300
0380784424
0072222506
060960807X
0060175508
0618404414
0439179297
0553096605
0253359406
0151813930
0449237826
0860919935
081352492X
1573450901
1575211564
0201576538
0441000703
0028637046
0449000435
0553052276
0936197390
0375406344
0345426118
0696210975
0385267584
079382110X
1551103753
0440189993
039590353X
038062737X
0020967705
0929923073
0684801175
155670092X
0671605984
0842320121
0942391632
0312873964
0060164646
0471155896
0062507273
1564580717
0879055596
0471383899
0737000368
0030549825
0192800329
0192800337
0314200622
0440213983
1578590671
0890810214
0787952206
0658004530
0894804316
0060392541
0876055161
0531003809
0345417607
0201616467
0201707209
1570670021
1576852768
0136318053
0070522626
0810956721
0865713421
1574090550
1574090100
0451179250
0374520658
1562760548
1565294394
0201419750
020168814X
0764500449
1566047501
0201688573
1565927052
0140381929
0137456212
0812918894
1590590082
1567184308
0425152022
0866539433
0806948965
0425176347
0060976233
0531044769
0131404113
1563632519
0822956608
0394507606
0553103024
1591162300
091516650X
0816744513
1591162297
0505524082
0061082252
0670880434
1572314257
1572313730
1556159315
0789481472
0929551249
0060199539
0891347135
0963075608
0380807459
091498442X
0696010658
089886397X
0679779981
0932212980
0932212921
0140547452
0590065920
0800759435
0789300001
0671025597
0312263872
0806999764
0962734152
0393058581
1559705728
1852605898
0766800598
0895776235
0071350209
0062737384
0882664239
0929661117
093347816X
0201696401
0764552384
0805420479
0130844659
1564140806
1563097184
0736903828
015600495X
0385235690
0806902965
080697222X
0806947705
0764300369
0806972203
0806908548
156884090X
1878058762
0201704528
0471557218
0471043281
0471576298
0471262544
0135839149
0917072170
047132776X
0442247389
0070464553
0078815002
007881524X
0131392476
0895883023
0743471741
0671721976
0747237549
0891040773
0156716100
031242230X
0679733841
0971132208
0609607995
0071417842
0964801604
034524866X
3423780754
0395533767
083177830X
0671554956
1567187463
1558507981
0062502557
002863814X
0312864582
0028631064
0590254995
0590962124
1561739073
0882669656
0809231247
0842351027
1563920042
0802774474
1572241268
0694003786
0789303590
0534368018
0135658543
0316150487
0072120479
020135084X
0760010692
0672310724
0137483287
0375719296
0738200336
0590415468
0080371418
0486279472
0812918665
0821227750
1577191048
0385246501
0910137862
0848706919
087451701X
0439409292
0439409314
0439409322
0439409349
0439409330
0848704851
0439409365
0439409357
0439409381
0312113625
0439409306
1570620679
0201632934
0884963837
0399209034
0843138130
0929173163
0394733029
0307001490
0425141403
0688148751
0806516275
0078825598
0672320762
0782128491
1568360215
1903450624
0471413909
1556225075
0922066191
0689817460
0679735941
3895084557
0806938668
0439192579
0764515489
0735611807
1579120636
0789722097
067080522X
057008475X
0671558501
0374228337
0767907183
157859099X
1565920422
0679421904
0441002625
0307130258
0892562943
0307748103
0817210571
0385485263
0395364051
0391039164
0670803596
0679873023
0061082708
0816724717
0816701717
0816743452
0445203358
0140510036
0060910879
0440596114
1579541712
0393032949
0590439103
1558600655
1582450293
1892384108
0345368983
0590482483
0399227741
0828008477
0840774915
1577312252
0802117317
0943263107
0865300569
0880116668
0876282389
0316777161
0767908287
039513692X
0385189613
1879384329
0517067889
0517679795
0813522021
0316817333
0870446924
1550134671
0691011052
0451148215
0786803991
155297717X
0895774739
0804105774
0609801406
0670875791
0812932757
0472100947
1573241717
0609803255
0938721658
0764500961
0201353954
0201702401
1564770516
0895776782
1558514783
156830269X
1568303076
0789708094
0789708159
1566044650
1572315652
0735700214
156205595X
1562764780
1568847114
156276408X
0789707519
0782120571
1562056484
0672309726
0671663747
1562763970
1578561930
0385172214
0764111574
0899576028
0891414630
0385126344
0883171759
076131346X
0895263157
0890878269
080931150X
0916622983
0316507490
1844428095
0815713088
0316089702
1566250439
0312176732
0732257239
0786708786
0752846361
0753801744
091592451X
0670031453
1558020063
1840460571
0811722627
0672318326
0761531513
155046308X
0571204392
0440002435
0130143278
0671880381
0393311589
0312774818
1556523270
073820174X
0679881573
2034207106
0060521562
0064451852
0425173674
0887331882
0812040473
0812031636
0822053020
0070230625
1563052407
1878257862
0070238154
0671034758
053434643X
0590429906
0671504339
0671034154
0380776642
0786705965
0140320997
0689717687
0671798987
0201353822
0671742744
0740707442
0262200600
0393312763
0471086231
1558603972
0131243225
0672306506
0201145014
0201109506
0078820146
0201632748
1565920430
0151003246
0078815355
0030437415
0672227428
0943518334
0201608669
0471503363
0782112137
0062501941
0138544891
0136406165
1571690069
0125119151
0130310638
0132279681
0300019130
0300001355
0743225953
0399518320
0844245178
0887290558
0812042964
0812043103
0671809121
0517220733
0399143114
1565300076
1880029863
0520216512
0809429675
0716732793
0786005084
0786901810
0786901047
0671799142
0783548672
1565300262
0446674788
0671450581
1578590175
0375401199
0875961339
1558284605
0672302497
0134491335
0830693068
0136406815
0130206296
0201707101
0201309815
1888799234
1888799064
0072123206
0471176494
1575213672
1576103986
0672319241
0471139130
013127614X
0072121033
0078825806
0201604809
155860622X
0138543801
0672304023
0078825490
0070521824
0078811813
1565923618
073730104X
1565920481
0471608572
0471369780
0201142015
1565920023
0613262654
0130206784
0937175870
0136406734
0131766945
0070651612
0201074036
1558602194
1578700140
0201309785
0134436318
0441004415
0201657805
0122090659
0131115510
0131496425
0521776988
0122513363
0808504282
0130981389
0078821657
0136298257
0201548550
0471616842
0136302459
0789713454
0125531699
1576101584
0672316897
0139513280
0376012250
0136142311
156592438X
1861003021
047144149X
0873645308
0070517827
0671464116
0029200350
013239930X
034538265X
0801654645
0961392118
0961392126
0130142956
0201576821
0486637603
0844236845
0877851719
0205065597
0806522607
0716713055
0140286764
0471157813
0553299212
0070425930
0471160784
0689717415
1891984055
0070267685
087584863X
0471644099
0078824907
0078824915
0078824931
0078824923
1562056921
1556238096
1566192986
0735712360
0240519124
0735712379
0684841487
0764505238
0670893064
0875846513
0029110459
081440622X
0691019339
1568653786
0893755818
0312857497
0816702950
0844232327
1565924622
0201114348
0471052906
0201823764
0078822416
0078821061
0078811821
0137960794
0471253847
0201713063
0674741137
0137564120
0201403803
0716730944
047132888X
0471153672
0471331236
1558605290
0471385646
0130950831
0471179809
0471253839
0132557460
0471963283
0471327611
0893755826
1558605037
0812035666
0471180041
0312856431
0201183803
0471153370
0471569607
0471163104
0471374733
0471966401
0471251941
0071364781
0078822424
0471127442
0135705576
013680604X
0471059668
0070314292
0471298085
030713069X
0471197335
0135343550
0201616351
047125195X
0231082215
0471355232
0471149314
0070062722
0201175193
0133711218
0471255475
0201964252
0452272955
1565921429
0448015765
0689718705
031211236X
0816738599
0307302113
0590603221
1561445797
0399522395
044819077X
0307118266
0375763422
026252015X
0262730472
0590689916
0893755672
0262200473
0870238698
0671687409
0882681052
0893755184
0871916622
0307118355
0893756539
0590444964
0395264626
0750670770
0590447629
0843138122
0394829123
0020345151
0575064765
0806987243
0863162584
0883260808
0062512676
1580890156
000255397X
0805043934
0789717999
0895779536
0201432986
1565845560
0670835153
0393049086
0517661756
1573928062
0534372007
0789565153
078956419X
067981518X
1561561444
0689828187
0619200030
038075570X
0735709211
0691070210
0842370889
0761506926
0060111399
0689868197
0689816979
0525482253
0753450496
0816744440
0300080220
0471130494
157008842X
1568992106
0762401508
0962870056
0836226771
0451528107
1557344655
0813108462
0517671077
0836231295
0590452681
1562924885
0020418604
0764118757
0345377362
067174464X
0953685012
0843102373
0696209225
0152522522
0939217430
0939217422
1892127040
0895779234
0681626836
0696212536
0830811737
0679864458
0830812687
0396085148
0531108651
0531140555
0531044688
0590414593
9129591384
0590407465
0380782316
0688070574
0525452559
0863162096
0876141688
0936005025
1565655923
0912674288
0789718413
0913589861
0471239968
0525453954
0702021520
0684191067
1558702296
1578561353
038548254X
1870098943
0789421348
0061052655
0801316367
0789437627
0394932943
0375814639
0381900568
0345395956
0810944499
1580085318
0399208526
0060473746
0007117922
0679780114
1861591004
0505520729
155542189X
0688089100
0136879144
0446516236
0898621445
1575401142
0913590061
0823016056
0060169966
1592530095
0882668781
0782119743
0451201302
0060161728
0849938678
0156005565
0826470726
0789206765
0801855810
1580400604
1879431939
0754802930
0307113205
0316525960
0743479394
0525442596
0307740064
0670814989
0525938958
155611396X
1556158173
0486264017
0632024275
0394832965
0671864262
0471614270
0142437158
1861055056
0868406562
1568849818
1568849176
0138594309
0807735604
0393974286
0813431085
0813428955
069100515X
0763725714
0393731200
0802807348
0916291006
156305177X
0521566827
013718123X
0553206559
0300037252
0140135006
0785261958
0140135871
0029166764
155704287X
0962741809
0321087291
0801044200
1559635940
0231110979
0520202503
0415174139
0898620228
0435088432
0195027930
0731803280
0136746640
0742500780
0813512581
1584882913
0155060333
0062730193
0550170138
0824806530
0133107809
1571100857
1571100423
0898151694
0300084587
0205348238
1566377404
0195092287
0939923327
0814758169
1564962164
1858687543
0875803148
0674447271
0742518728
0521276357
1555610684
0028025008
0890967679
1568023693
0891348417
0395738652
0801483824
0072489103
1564022242
0531085597
0471485667
0691023646
0761985727
0395605717
0060193425
1573241210
0763607533
0786917660
093459368X
0895261391
0934593671
0791426785
0934593663
0439281369
0140507299
0866222944
0312097263
0155017969
059067434X
0312096534
1591580862
0821354256
094133239X
0934593698
093502879X
0553214632
0439455251
0876807929
0881339067
0590127950
0312105916
0697219100
0024096903
0898866847
0534614116
0590017985
0415285941
0590486489
1570034893
093570258X
0448417057
059047703X
0961866330
0590483536
0374185522
0807077097
0553081314
0674948394
0695409611
0531011879
1853838454
0486406873
0763714321
0878577491
0140147322
0789711095
1558284923
0309089603
0156180359
0689855222
0806115785
1566869560
0673467856
0531181286
0531101274
0860916464
0140266615
0140255702
087842105X
0195058208
0446528005
059044347X
0689853017
0866254099
0618300074
0131855964
0132716933
1561739065
0439204216
1561739057
0439343089
0786802529
0807516961
1589523458
0393320782
0394853822
0471540528
0689855184
0307201619
0842385258
0812047435
059090731X
0072354259
0486600815
0812090462
0072354283
0671036416
158952344X
1589523431
1589523423
0823961737
0761307125
0590397303
0064450120
0789119587
187936011X
0131940104
0071383263
0520224655
0439468205
0531047431
0670031798
0690628854
0531146499
0531146421
0060926295
0531146472
0140145346
0531146448
0816019282
1886913137
0393025837
0737000201
0671680021
1584855053
0812513509
1859957803
0696015005
0590073346
0140105662
086592211X
0764500651
0395429226
0300087071
0761529314
0060187778
0385322542
0671328492
0915556189
0140097686
0882667955
0844281336
0658002147
1563706083
1550371444
0553096052
0743417844
0865476675
0373632401
1570625522
0679404430
0866254072
0192853015
0525446443
0879387645
0590203037
0671796895
0672318458
0060085924
0385111347
0486220028
0330483188
0135931525
0133696529
0070125120
087044574X
0870446622
0062730983
0385296134
0307611965
0307124533
0307119769
0064671011
039330891X
0813524660
1843540088
0448401800
0140213333
0062509802
0436202700
0465019501
0394748727
0631168176
0596000278
0151313989
0672316919
1890154091
0385135238
1578701376
0671255622
069108484X
0671252585
0060961945
0201883988
0517340003
0471613886
003057062X
0684165015
0440171636
0395366968
0375758577
0312422628
0553484540
1571312129
0312029608
0836270444
006467102X
0897747453
1575131021
0876669097
1859960774
0671877682
0060452110
0025836757
0030511666
1564585263
0465072666
0060915870
0805400060
0060296135
0785812334
0061064262
1568300751
1878685090
1570670226
0913990795
0877900329
0316117439
051753844X
1878736868
0399141049
088192296X
1878736973
0895292467
0947214240
0373112122
0375507442
0816033773
0590472305
0862725046
0691113246
1568952910
0471350664
0632052384
1555810306
0140234942
0486270408
0820009075
0394519140
0679736697
1556159056
0571117821
0874774683
0425191761
1863370854
039453817X
185437155X
1854874802
0803704593
0803701179
0716730510
0689839472
0862725658
0198507097
0791426297
074755997x
0762413484
030762126X
1874166250
1874166072
0805038302
0198503113
0792388836
0443041881
0870441426
0870442619
0870442449
0870441434
0870441698
1840240024
0194216543
1557042268
0671653997
0671655744
0632053194
0671654071
0688120830
0471574503
1565299183
0847682048
0673523357
1576300196
0451457889
0931050448
0393302792
0847820319
1568842317
0375719261
0878570888
0743219643
042517039X
0061060054
0373512635
0753503808
0590945203
1568224834
0448402130
1587541025
0471027294
0910019630
0070471703
0895990032
0395691303
1888763000
0671742159
0553582100
0531049094
0791443426
0399150609
0525054812
9629960524
0898797063
0446518107
0070390770
1590560469
0440585732
0886775906
0671709828
0062514822
0028740483
0062516051
0312864272
1550463268
0393316823
0253209579
0793803500
0671507079
1591020484
0757300510
0805072802
1573929948
0785329552
0821219596
0321044606
0060928670
0743474465
0743444701
0385414242
038526349X
1841951145
0892815086
0078823935
0835606910
0750609419
0521359252
0517061163
0809488507
1566040450
0671448250
1562055771
0552142182
0486258378
0806998040
156884607X
1563921510
0471155535
0672306700
1565296672
0789716410
0789712350
0760011796
1568303467
0801990998
156392112X
1563920980
0801990599
1850100837
156392109X
0201886677
0395628881
0964972255
0517187345
0785811060
0385729693
1580621147
0812861914
0871567199
007882057X
0870444395
026261037X
0140246460
0802139965
0882666258
0373251440
0062737376
1593080328
1892127091
1892127148
094556421X
0020426402
080410512X
0895297914
0789716429
0880486759
0913504718
0385000316
0465091059
0670872784
038000013X
1577310942
1556155123
0451207181
0830633928
0451409426
1555323472
0201112094
0132092301
0133102106
0830813608
0486660974
0876054025
0935576185
0935576452
0877287910
0882667750
0471923249
0801830133
1568303297
0897334671
0823016366
073570905X
1562059491
0201696517
0201354454
1568304668
1568304676
0312200501
0870234226
0670818429
0792274490
0195154576
0674445554
0385247966
1559634839
0881503444
1580050794
0890511616
1570362777
156305647X
0809461919
0553110624
0816511551
0671647725
0915556243
0880387432
0192880721
0747220816
0618112111
0671578642
0689806140
0375415076
0679409998
0880117702
1572305371
0963235931
0072194146
0345429397
0465029973
0374208824
0670844772
0964256495
1563970910
0395599245
0471309826
0873226771
0195098293
0805377247
1888363800
1843100983
0670865729
0333596056
0870211900
0570046033
0375750770
0898865786
0767900588
1898323496
1401057888
0689836872
0130855499
1563052989
0192800248
0670881015
0679890688
0881069949
067989067X
0575073659
084991387X
0767421485
039309426X
0345295706
0394754409
0809277263
1568360959
0852026080
0805824200
1878257269
0892833092
0140104003
0801008530
0312863268
0671693638
0395546982
1573920363
0674136462
0445085185
0940985098
080698600X
0345363213
0060182814
0517880008
1856950921
0671758012
0684849968
0517394111
0805051163
0201517973
0525454632
0374254206
0760303894
0394583485
0060925876
0140239340
0914697242
0316787086
0446670243
0380725266
0062585282
1889762121
0811800415
0801975883
0801981565
0345421396
1567186602
0915811669
0021795584
0810909014
067101918X
0684845946
0765109220
0387982418
0071354530
0060159197
0762101326
1852309067
1579545521
1556982909
0671015508
0155062565
0671000659
1567183824
0517569396
067103958X
0201045435
0060955090
0349107343
0671019899
072251557X
0679892540
0684872137
0060638966
020154329X
0782128270
0130206016
0596001975
193011043X
0596001703
0201541998
0789719274
0786807091
1885115350
0670867217
1893005062
047108011X
1557502366
0801867894
0801862388
0802844952
0140513299
0531116166
0891097546
0674954688
0747245045
0590519697
1588340368
0897214714
3783112087
0140383794
1560251824
0805050264
0395976030
0060505362
0912511206
1561737038
0471326429
0471593613
0349109567
0321086414
0534134823
0312261470
0195136772
3908247349
0439551331
1586481231
1586637223
0072226013
0385199732
0782126162
0345301757
0910043086
0674004787
0738202509
0761509410
0716737426
1577311507
0684809745
0782119670
0782121632
0671029525
0671726099
0515120189
0425175030
0790611619
1580910416
0783553102
0738205893
0765191334
0309084180
0130563927
0071376283
0809064901
0786712074
0534573525
0030224640
039304906X
0679439978
1879164027
0395857015
0471397113
0684843412
0688007171
0713474904
0684856670
0130937096
0375753257
0130994367
1560986557
0137581866
0130954063
1878685058
1550133756
067977548X
1559637153
1567993435
0136295932
0786911875
0679400257
0805062009
1578700035
1584792795
1562882260
0696216140
0754809323
0764540742
0448420473
0896584593
0072131144
0684832852
0807532355
0671770802
0895774844
0517584298
0446392707
0027754103
0671546376
031209308X
0963044125
0881924601
0881924172
1887655409
1930604785
0609607480
0312283520
0786710934
0743202422
0060005890
0966288912
0671768549
0805014748
006039174X
0130957836
1575213664
1890957348
0060443618
0394753038
1576735796
0943127009
076450052X
0471379077
0140020837
066014400X
0582005620
0814405681
0671870130
029597950X
1580050409
0880118113
0140469907
0198577672
0688075274
0440491835
0698304470
0452280559
0471415340
0743436008
034546107X
0805066241
0802117252
0151005397
0300089678
0878579826
0380728494
1552450651
0679415327
1559704063
0201877120
0782124720
096639500X
0684872552
1579540090
0553139177
0528839691
0226808483
1558533060
0684816679
0684841460
1578562627
0879513519
0395647258
0963385305
0122834852
1552093867
0521437326
0140503773
0262061597
0871563290
1571780092
0201488396
0393308235
0670031100
052547174X
0312971826
0312143338
0831739746
0525943676
0881922153
0028642422
0201489287
1862070040
0028604067
1567312438
1857022173
0333638492
0140276130
0500282420
0874743699
019217665X
1887734627
0752801090
0060975105
0767904028
0304358738
0877796289
0449237567
1550225200
073700035X
1561700940
0553204742
068481594X
1565927249
0140250670
0060197447
0618247270
0060989106
0451206517
0816039755
0892815361
0553074474
0875166725
1562057154
1562056417
1562057049
1568304544
0764532464
0789719967
067231892X
156830336X
0442025572
0321167813
0830627014
0735710740
0764549308
1565924940
1565926226
0517582708
0201702762
020172796X
0201758644
0735710368
1581801300
0812505964
0201721465
0201700883
0764536435
0735711321
0894809458
1571515860
0425036022
0836230043
006019426X
0764530704
0380782057
0385326068
0062554697
0938151681
0439139317
0439139309
0837400473
0307760286
039483593X
0394857305
0836205480
0321130081
0716616270
0394586409
0871318318
0672319187
0684837994
0375701745
0262581833
0671416243
0877739986
0785810641
082302993X
0863580815
0442297793
1560253096
0486288080
0671698680
0486240371
0896760766
0522846297
0679427112
0870998161
1558320105
0521304474
0060981075
0706377435
0810933209
0500390266
0713448571
0684130165
0810937441
038547816X
0070349053
185015449X
0875422969
087542094X
0914918788
0393018164
0761501061
156276344X
0877283060
1567181678
0840776314
0877283982
0844204579
0786866594
4906574475
0590139398
0764550306
0764550314
1570431361
0300034725
0471357111
067176327X
0553096613
0688007325
0807023167
0517707829
0671677985
0452258618
0750918497
0471143790
0897934016
0517567598
089879370X
0448417383
0940087324
0395677262
0441004865
0967605032
0970637764
0967605091
0971331839
0375725873
0971331820
0810963434
0385322267
0891343636
0735711356
0966103254
0764504150
0789715236
0133033899
0789473836
0393050211
0813341663
0895591286
0451455819
3822864153
0393319989
039331815X
0963713957
0672300524
0672300311
0876058470
081291242X
0312924046
0316923281
076450097X
0395744156
0030558646
0914697757
1564582914
0783541147
078688147X
0743464788
0802713726
0882669494
1572435259
1572435267
0813829054
0836210506
0866228349
0679453091
0736909702
0929384040
0914697307
0823015750
0345305957
1569240477
156924037X
0671628879
0590921584
0061050792
1572970928
0674603788
1562935453
0803258836
1551052091
1555661823
055344560X
1558701281
0345443152
0822437708
082241452X
0890420629
1857239865
0276421442
0263834204
0783541082
0895774992
0895779188
1890957526
0138137595
0878919007
0764104764
0762100370
0393314766
0762100362
0762100354
0919091628
0879236191
0862787157
0822423340
0471155365
0452268796
0670035122
0816614261
0871138301
038533480X
0425117839
0007126468
0903505398
0903505177
0393305562
0396086187
0671502190
0671874608
0807847933
1841460508
0517250551
1890035165
0679745092
091399085X
0030157188
0314044655
0060394196
0870447394
0300098332
051603409X
0895299259
0892819847
0201059584
0679806997
014023280X
3499222280
0385312105
0393314928
0195083571
0816701679
0688000517
0763617261
0764108409
0696211076
0963994611
0764516779
0764504215
0782127533
0439163919
0152018670
0136020798
0201591138
0907864902
0314043756
1565921399
0967720125
0314046100
0971949662
0789702673
0201357445
0201571641
0752841033
0670031356
0132422077
0120935503
0671744402
0967632307
0821759639
0060158824
0195117174
0394556267
0971242518
0764503596
0743488326
0465078354
094221904X
0375412905
0811727505
0486242188
0679408517
0925794147
0027077551
0393319903
0865314314
0789401746
1566891418
0155758357
0688220193
006098404X
0590481339
0399208461
0679411917
0806124695
0761104836
0471653381
0140273883
0895298031
0517037106
0027345459
0394896211
089886741X
0670885932
1884313396
1931993033
1889540536
0826313981
1572492570
1567614922
0139198792
0590379461
1565294696
1572317191
0226472035
0830615393
0070480346
0195100913
0231096429
0071357866
0136296750
0684855283
0521267374
1557785295
0394715861
0671875957
0865737754
0671877933
0425138704
0671878921
0896585697
0688143016
1556524404
007136479X
0486264319
0916122506
0802077455
0517881721
0299173542
1562614401
0140130233
002635389X
081603950X
0668023961
0452279062
0446531650
1884995071
0609807056
0609608711
0809476835
059040590X
0590452657
0812015649
0789721201
0871561867
0743408268
0802816967
0817405747
0801433991
0395705614
1550546953
0201092581
1861052197
0789406047
0671018922
0689839790
0152026088
089529415X
0881061352
0803250509
0062734857
060980281X
069601873X
0062734091
0376038756
1571762418
0375815376
1858687381
0689817533
0823072525
1561583766
0762709138
0823040089
068815087X
0688123716
0399221131
0689828179
039493296X
0448415615
0871203448
0694005592
087044199X
0060170395
0874173221
1589970519
1566890667
1579901050
0895778718
0696213273
093467261X
0892966076
0307113248
0531156001
0815323050
0716722828
0198577796
0471238473
0517558785
0226065588
0139180532
0913342688
0824807731
0963023802
0771006535
0684831481
0752208195
0878423621
0671707744
0520201922
0684811960
0805055940
0764549073
0817305114
0863160417
0425141322
0671791761
0590489402
0916515451
0312958609
0345372484
0873513754
020110623X
0451407598
0821762672
1567996329
1576830616
0441066895
0394517644
0515121592
0836227662
188025459X
0671000683
1840461187
0679433422
0684829983
0787910589
0201742047
0789203731
0965806162
0517576856
0394403711
1563920646
0226465551
1572240695
0375421572
0198232594
0789416824
0743479246
0679783342
0671025643
0805021272
0553560395
1878685082
0471177091
0670703907
0451404912
0919345557
185230880X
1566090040
0826302424
0393310728
002861979X
0030599415
0806904623
0393313352
0671460625
0786706554
0609600834
1890132942
0743415108
0812549538
0380783231
0738201081
0671666584
0671560611
0792270991
0792273737
0764500546
1562828819
0156091801
0684867699
0140440186
0448191024
0373512007
0914053124
0531300587
0671695657
1892327465
0879056541
0451174518
0396066410
0061073326
0764540750
0534389325
0312205414
0312859082
0962709131
0393303756
038088450X
0671670891
0380730456
071672409X
0449217760
067100848X
0553090070
1881052931
0881922579
0226065537
0295976330
0198503806
0312866631
0689308477
046501822X
0312295618
0761912304
0944235395
0600403505
0412472406
0809228777
0809242583
0803704534
0062585231
0198111843
1562513818
0385488351
0192820249
0521477077
9027235570
0684827328
1588114376
0521556260
0878331816
0875964087
0385479492
0875962793
186450207X
0201577879
0515121738
0525230211
0025134701
093518077X
0412087715
0130479829
013140265X
0534612075
1889538523
0619100052
0764504711
0130359149
1570083371
0752556231
0070013306
0028611659
0470851570
1885171420
044922578X
0425163814
0892813598
0671023799
0671035614
0671023780
1580170358
0962464864
0967384303
0762704802
0764505068
0553566709
0874062853
0486285294
0945084919
0764116908
0375815007
0873512197
1585740667
0425146529
0915924978
156392157X
0895863774
0195036328
087406726X
0874062640
0062553828
0807070866
0824804198
1556521359
190311229X
0393317390
087857896X
0812001273
0964451808
0735714258
1861005695
0596003137
0471395978
1580174108
0671670077
0762709537
0060011416
0760313512
1552125947
1552125939
0321186532
073571245X
0893816035
0029131723
0139434178
0684802872
0198645260
0060184949
0786904933
0140513795
0871133768
0060976411
0192862049
0800757653
0807848964
0812234715
0517097192
0783547544
0786862106
0805071342
1558514945
1558284362
0919951309
0966288920
1564968960
1557507643
0393026892
020174578X
0812924630
0395430925
0395404495
0395404479
0395430933
0395564034
0395404487
0688158102
1568014260
082303027X
0070341230
8474322634
0387906525
0316843369
0698205146
1890087009
0689800967
0821225154
1581800479
0821216910
0866912762
0816756325
0806996064
0782122205
1861001525
0201770830
1572319496
1568844530
0761506780
0764530631
0679881875
0789705400
078211413X
067174366X
0789713012
0201353717
1582381283
1582381321
1582381550
0877888140
1559585463
188357756X
1566040280
0809228661
0821210920
082512123X
0425186202
0806942568
0590054880
0028627121
0895264617
0679991638
1888608412
1880559897
1575663864
0878573518
0672307529
0825128730
0072132728
0312169353
0312241232
0764530569
0714820962
1565297261
0835902331
1842222414
013083808X
0679753249
1562054481
0122497104
1578203066
0805072675
0735710759
1555662986
1929749007
0802775624
0439082005
184018311X
157521072X
1572315725
0789713969
0394748395
0743225171
0899683444
1841190543
0060182075
0789718022
155963250X
0852954069
0735605939
1858600499
051712310X
1569752117
1856261166
0770420281
077042323X
0881764361
1566047668
0789717468
1568849796
0679738258
1556524986
0231067364
0385321961
1566868769
0744001404
1582432546
0671425781
2034207009
0874063167
0767906276
1565299329
0078818427
0688008097
0770423337
0316931276
0030259649
0321142632
0963962000
0306808722
0070603634
059048589X
0812590651
0743449150
1929049005
0375506020
0810969270
1550134167
0787610135
0688006787
1577660986
0811821102
0803921268
0805829911
0465083617
1565490479
0387985867
0787960136
0130122157
0761910824
0892560665
0697248453
0802116310
0590407104
1560982519
0590316842
0865712301
1578590620
1852426047
0472063863
093557641X
0735712840
0553256378
0807737283
1580628419
0688174345
0486264181
0151719802
048627232X
0486259382
0486260984
078971812X
0201700042
0345431197
0201354330
0789714906
0201479443
076684871X
0764501127
0816146217
0766820106
1590592751
1590592565
1590592743
1590591062
1590590465
156865894X
0782129587
0896581306
0425141845
1591810094
0819563854
0840769067
1568842481
0801630886
0684813874
0935702121
0877793530
0521286190
0465091385
094032203X
0452266734
0393008681
0670876283
0691034427
0812912349
033510178X
038518915X
0803690088
0060924152
071674600X
0323016782
0679000208
0716729989
0192860887
0871568136
0306444690
046502436X
014010657X
0448026597
1565840089
0195085574
0060191473
0670871796
0810963175
0816026203
0896864294
0486290603
0912500514
0394757866
1565075684
1553698061
0440220610
1895618525
0882400622
1857985990
0684859696
0874776503
1552850897
1553650220
0890433534
0375432124
0122063708
0002251183
158663187X
039489619X
0789495945
0500273286
0881038628
0517568403
0864923600
0671876007
067977999X
1552977102
1565847318
0375727485
0395257840
0954136802
0316604429
0395194318
0394533909
067079533X
0300082495
0060080507
0967469740
1882663128
0618127445
0736001549
1558742379
0140044361
0060199202
0029183316
0300075413
0590434187
0770428401
0393023877
1556709625
0679884084
0395593018
0312075863
0394585070
0609808761
0940055007
074602083X
0670803871
0452273765
0877209553
1841153974
0671884360
067974634X
0874516242
0553570625
0553570315
080411546X
1564400182
1558590013
1564402169
0890965447
0743216334
0451405722
0896083284
0821762974
1585740233
0805050957
0684837285
0679448152
0752523821
037601394X
0395080851
0517219948
0471600814
0441001793
0892562285
0840790295
0060197668
1566409810
1566610338
1575662434
0671678558
0806938072
091110464X
0696210363
0743261240
0385304145
0738204676
0130929417
0070670196
0070530157
1562053973
0132912201
0934605750
1562055259
1565291468
0060201088
0590568671
0448008858
1560447362
185230961X
0691002339
0253340349
0812218299
0060194626
0312303262
0471154822
0848707974
1555536123
0252027787
0520226151
0060236264
1932112170
0921912986
0517888491
1561678155
0307917576
0590552384
0840731892
0684835584
1587990008
0618251413
0385489765
0590937758
0553487590
0312966601
0226645851
1891620541
1585920800
0762724579
0817454012
1581840012
059005905X
0064405206
0860916170
0882663704
1565610520
0809258501
0156000946
1577349229
1577344987
1577344189
0671661035
047108588X
0842373098
0201354357
006051485X
0764533371
1561566772
1576103315
1576102629
0782111483
0517583542
0394819616
0964425858
0385263953
0810928086
0060240210
0609801597
091358942X
0971889708
3923880731
0893814474
0933286473
0201696231
1576852059
0761506527
0385153821
0892361921
044114246X
039472285X
0155071920
0812094662
0486220125
0321084160
0380770350
0240517679
1558594671
0782111327
0060284110
0140139656
0817441794
053436554X
158574347X
1559706414
0687024552
0787242969
0394856104
0697292304
0895295601
0887308554
0205135048
1570827230
0803720084
0590884921
0590882732
0471530115
0590881965
1878739794
0811729419
0821750534
0874774306
0515123757
0679867376
078601329X
0446513679
034059179X
1555133398
0307036502
0806903651
0071408207
0312975635
0716727188
0689824459
1570640955
0393321320
0393321843
0156013916
1878067737
081420645X
0671017039
0307235394
0871088924
0205288626
0843122943
039484551X
020141998X
0764534149
0262181789
1561341991
0394844483
0064450872
0060969806
0517583798
0375800018
0590138596
0836242165
0812517288
0679832270
1565657705
0812036042
0866250778
0590470302
1551990938
0375500626
0590134744
078686172X
0525258256
0525427104
0385123671
0899191487
0525385452
0528841971
0515124788
0812968123
0895653141
0866250808
039558521X
0516216554
067187926X
1558743375
0312926324
0140546081
0553267523
0899091156
0765303191
0743224876
0881764248
0882405136
1555837301
0802117074
0415906504
1856491846
0393955729
1560252197
0820316520
0306802813
0786808519
0849977312
1561731617
0425138011
1931382158
0816515018
0865475822
1565302192
1559345217
073739983X
1559584017
0694007048
0070434255
0675213207
0590428349
0439113202
0307020053
0809478501
0781433509
0395735327
0201119498
0761306307
0752522264
1565920856
0520085841
0590440195
0316528692
0325000670
0071373675
0471361240
1882577973
0374527512
0844741388
007035281X
0684801086
0694011223
0590956248
1561791806
0312963149
0025174606
1561387193
0300089791
8472071294
1576730182
0399232486
0972289305
0807844535
1861590830
0747511861
0789300559
0307156648
0345341813
0028603885
156402895X
0785319344
0325001669
1400040582
0394756347
0340786299
1901130312
0376035730
0142003506
0670853534
0670894303
0671242717
0505523787
0806948876
1564588920
0307988430
0884412814
0782119115
1565650115
0380720442
1570231796
0670397873
0933071159
0590187309
0471358355
1852238690
0816763194
0684807572
0748742867
0816152047
013032986X
0671676849
0679816844
0590455028
0131726021
0486290417
0505520907
0440199034
048622614X
1878058533
1852309466
0710509413
0439222508
0071384898
0967659205
1884956254
0966914031
0743224558
0689816650
0974474908
068481935X
1585790125
0671875922
0671677276
1893115941
0140169822
1576752828
0670878553
0940685485
0886714044
0822430738
0761511520
080691243X
0806928778
0071361405
0786014067
0505520427
1564020843
0380784521
1564024199
0916291529
0670852619
0590458582
0813333938
0816721297
0028604474
0783553293
0721668828
0895773805
0696000393
087891577X
0878915699
0446522864
1579595014
0449227138
0505520214
0688030874
0897214919
1883319161
0061042447
0385024045
0671600834
0887510647
0843943114
0689844654
0787945269
0335092543
0395290317
0696025752
155138020X
1560230460
0425131289
0751331155
1869847989
0385297793
0028642260
0806935308
094544835X
0376036060
0706373731
0806978872
0679408592
059019013X
0792270843
0806958898
0465037402
0823413071
0823083276
1559639075
0894805029
007882494X
0789712121
0672308002
0505521415
0312266391
0395709407
0060613998
0590129783
1571312420
1571312552
0811727629
0715393677
0451174100
0821743988
1840463724
0439974186
0762704063
0449907236
0395585724
0673521273
0870448412
1885593163
0307108813
0307108805
0689821794
0399218858
0679838813
0312158343
0679889795
0763603120
158668051X
0836230701
0803708742
0027364208
0688201105
031249114X
031249081X
0673224651
0939251965
0312490828
0312490682
354076092X
0764547097
1570642583
0316737593
1564581195
0679835016
0590466143
0152006478
0803720564
1560252502
0590446827
0439454018
0439076706
0439343577
0672319934
1570647259
0782122159
0812929985
0152863834
1880559803
0446514527
1564587185
1583331255
0691033196
0631195564
0689833407
0525936610
1577310160
0525462155
0882669419
1874166374
0897667948
0385128770
0688077153
0879053011
0763715727
0919670822
068806843X
0070822913
0878579346
0446677752
1580172407
1851492488
1560253002
0865476241
0972952926
0789712806
0138582424
0060537272
1932112065
0316738573
0553381571
1559706589
0283063149
0385503199
0064462390
0299166600
0449912604
088007180X
0195111680
1864483156
0393320189
1572315482
0078821770
155828494X
1556156766
0789710528
0672309084
0300038348
0201144689
0201504804
0553229745
0789710285
0070629455
0201565293
0534124267
0131038052
0139421521
0534257283
0135417643
0749200448
0471078948
0340775270
0070418233
0340803258
0852743289
0761967591
0749277319
0534947409
0135399254
0131629263
0132000563
0312920180
0961088877
1573241423
1563893657
0875848893
0192831305
156718345X
0521452244
0070488975
1565275950
0879389478
0865300305
0671733877
0874779642
0207957029
190188161X
0471058467
156044777X
1580170773
0751520276
0385295928
0743212118
0805044582
0694006238
0679808450
0590420437
1564025500
1570822905
0486410846
067975007X
0899195083
1852835087
1566261244
0062732234
0300101996
0679862137
0671695363
0262621053
0774809043
0671669559
0130107034
0452260965
051757439X
1573800953
0817981128
0415054451
0516269550
0062514253
0590462938
0757301134
0764547186
0395194210
0448425041
0525467815
068880165X
0697355063
0060972475
0517799758
0060157801
0968196004
0030035643
0962180300
0679400036
0873954211
0806906669
0596000111
0735710902
0596002114
1565924010
0898154065
1885061749
0761529969
0131721550
031211818X
0672313103
0816728968
1857592689
0307240568
0807085324
0312276613
185149362X
0262690128
0817311343
087805989X
071483999X
0967547725
0195148665
0764900145
0802713424
3822866105
0517571684
060980734X
0486417670
1564028860
0789303655
3822894540
0500341532
0964409615
0882405519
087983692X
1400034264
0374524777
0226065685
0300081413
1571453024
0966452070
0894806181
0891413839
0895262517
059600348X
157169028X
0789708884
0764508563
0736045430
0072224010
068481885X
0596002726
1579542700
078971079X
0393318966
0135657555
1558214267
0764531263
1575211750
0789713993
1562057138
0079126405
0764546627
1565922298
0965766152
080613058X
1586632051
1571312641
076453534X
0764502891
0764506145
0130894680
0836230876
0345325087
0195091000
1556155816
1556155778
1556155794
0886774527
0517703211
0553100173
0375701001
0764503502
0451186222
0671675346
0425171949
0749902698
0892817801
0671876880
0671698478
0575068809
1564141543
0201082780
0441001815
1571290842
1556523033
1929109083
0671877518
087131391X
0590030299
0843106344
0310379806
0762100885
0395340284
0690038720
0465071341
0451406001
1879431033
0441000428
0553573020
1579902944
1854792431
0500810168
0966251717
0192861891
087773528X
0711212171
0877013098
086559158X
0596004540
0566036207
0130809454
0744001609
0878422153
0824517857
0887306292
0465014542
1573220132
0201758482
0743244974
0801436508
1572303034
0195121597
079311778X
0028636538
044011084X
9051994540
0138975213
1890437018
0674156161
1928917003
0060182466
0070092516
0471383783
0385482582
0887309437
1573920681
0070480176
0762703253
0312078080
0439343526
0521797098
0836278976
0609605887
0415931975
0782116752
074346463X
1560443049
1565925378
0029356032
1555662811
0345447026
0609809601
0316234230
0316235962
0066211298
0375762183
068480106X
0807004537
3822865192
0553109316
0911104593
0452282586
1569245150
0671525662
1560252561
0881924040
0789419432
0913543810
0914607049
0060968672
051717202X
0671023764
0943676533
0933478224
0809324903
1566040841
0395815908
0671226118
0750697776
0385327072
0375726098
1557487049
0822324601
0415212081
0520089863
0521827043
0691027870
0789300230
080105625X
0890513872
0915516861
0801110645
0801114624
0140265465
0840777728
0830813225
0425105725
0439216648
1567992013
0307602931
0740718606
0448417049
0201489783
0815332173
0856487325
0323003079
0345417518
9500820196
0763611735
1575661152
0743487583
0816147736
006251637X
0446523712
1557045321
0879837543
0876667027
0393045641
0345379748
0789464918
0425047202
0393045668
0375503668
0520214773
082220570X
0774808780
0452269393
1585422207
0070443726
0773521747
069001029X
0399515941
0425160548
0385420757
1558594779
0929895258
0929895045
0812921038
0660187493
0767907019
0316816353
1854879138
1578260035
0822317923
082736394X
0898868971
0609805290
0449910768
156205791x
0078824710
1572316403
0965177610
0932592252
0385426267
0415148901
1889191086
0335192149
0139194320
0195412087
0801433657
0804729646
0802079695
0205308767
0345331745
0316732176
0878572708
0764503634
0892812583
0553380869
0385468091
0974432601
0866900454
0380975327
0895947986
0764113879
014026437X
0091121000
0156006014
0735709971
053494728X
0395551137
1581170424
1575054582
0523426518
0822549034
0307331024
0816738653
0375812474
0448405172
0812014529
0373703317
0064451798
0590400231
0590393774
0684834855
1561586137
0446911720
0671755978
0806985909
0671666355
1564400344
0020636903
0395510228
0394519930
0375412247
0394757963
039546790X
0930031229
1561580791
0882666649
0716710315
091710272X
0930031571
0871562782
0878571108
0912383844
0449203883
006019992X
0312313152
0786706538
0393320723
0743400682
1585741833
0792237145
0517320916
0812816641
0812862562
0441011233
0764545116
0151005354
0201339870
081181744X
0805838775
0805238298
0966481615
1882606396
0441006175
0002214067
0470863463
0689817002
0940279614
0870446878
0762102624
0590265873
1568582323
0738204897
0671014080
0333900693
0764903608
1579060579
1559120061
0671319698
1903070244
1880325020
0307581179
0525937315
0836237390
0836213246
039540469X
0262111152
0811725197
0877286671
1567182585
0140552995
1895729424
0812045971
0671689096
0441152201
0394546407
076454280X
0671424424
1593270291
037550351X
0441569587
0782122485
1576105555
0871130130
0453007031
0515127825
0201112973
0865714711
1899171908
0192836528
1586481258
1562051326
0806901551
0586085351
0789303728
1858286557
0679739297
0393701522
0671700162
0820002054
0684864347
1581171617
0060012609
0872863328
0521433320
0198603630
0749801824
0380409801
0156004615
0449223620
0689850107
0439524733
0374347972
0471076503
0394832949
088240539X
0817438750
0770422144
0806644737
0619019689
0006747663
0671709798
0025947303
0534348513
0786866659
0805065741
0226561100
0679403469
0060093544
0714840831
0375725938
044100539X
0312172982
0231108834
1859606369
0520070542
0155061224
158115075X
0553288741
0156028158
067944811X
078640860X
0425183599
0609807072
0793825520
188954082X
0872206270
000255755X
1579590071
0881791326
020174144X
1564967743
9057680122
0871563797
0395967015
059046955X
0757300693
0312982496
0761500723
1563086123
1573560243
0824207750
0517203995
1567181414
0790611953
0743208323
0671228099
0130952494
0571205127
0816732221
0816719624
0060952261
083171011X
0831710136
0831710128
0679803904
0471168963
0937175110
0789713888
0782126766
0471369764
0596000324
1568650485
1893115291
1893115267
078971731X
0764504533
0060390077
0789714426
0071349332
0886778360
0672318296
039595827X
0764533061
1568303408
0375409297
0865470367
006108364X
0139798099
0138027293
1576108287
0735607729
1861003293
0764505890
0782124615
0689305079
0321015924
1886411182
0130836176
0126235406
0691025118
0465057551
0071354999
0782125891
0789721325
0226199908
1576101746
078212528X
0596000820
0764565192
1556159021
0072118598
0471402761
0830627073
1558284915
0231120109
0231120087
1575212838
0789719932
1576109178
1556705573
083063360X
0814317324
0205197221
0060574615
0449000710
0307104273
1568840039
0393701735
0070133425
0898626226
0806954809
0806974834
3822860557
1561583952
1561586056
0020258909
1841722278
0823031691
1561582298
0811824519
0847818853
1561582875
0062500082
0375753389
1564581896
0312260989
0553209507
067157793X
1892391139
0671736000
0811802965
1854107356
0310595509
0821221868
0060186429
0399233385
1930110979
0240514866
0810945347
0201688565
0609805606
0691057575
0312311648
0914697382
0914697439
0465054846
0060915692
0195016793
0380760622
080505670X
0821801236
1864360046
1877988154
1558748369
1556611846
0895947102
080700457X
089870183X
0877851387
0385492421
0060655267
055349340X
0684854864
1563923114
0448416328
156392479X
0553493116
1570821003
0399237194
0789439891
0590643207
0670852961
0792272005
031202889X
0570039231
1560253177
1572316292
0590763482
0789715163
1556156707
155615674X
1572313552
0789713438
1575210401
1568841647
1572315733
157521041X
0505519836
0882405802
0395455162
1552851826
0743427106
0814457878
0553050508
0817352600
0816702292
0801600634
0613110188
0929500466
0850318386
0840771711
0816725187
1400033217
033390365X
0876666438
0333903641
0824518632
0805013091
1888054743
0064461831
155868641X
082231147X
0716765691
0898867606
1563920301
184232294X
0870441221
0671491709
0070345317
0520233549
0688111467
0764221159
0764534246
0517309785
0394462165
089512002X
044051875X
1560980516
0425102513
0425126609
0395322146
1892495112
1840002328
0944475299
0451455096
0754085619
0072118458
0553354027
0684838095
0515122742
0590406051
1871592259
091207888X
1861002718
0697137147
0679783822
1562059343
0895657252
0805039309
0312252501
0471536210
0802842348
093003175X
0393703703
0448191873
0876141564
0394944488
056355147X
0517538466
0618004173
0688129692
0307740196
0892725850
1566406757
0679748172
0671536540
0140079467
0871567059
0932796990
0310700779
0310700590
0913589632
0321108051
1591200695
0395718163
0884481476
0609600974
031285627X
0679745998
0816729654
1570030499
0679873783
1585746150
0060094931
0060171146
0764170589
0307134512
067080925X
0826318428
0590227165
0590716964
0874067359
0879837446
0471165581
0671775642
0312145527
0821753703
0451407466
1580173152
0525444920
0672324717
0385332955
0761509208
0517691868
0135890942
1560447176
0553293648
0943358337
0830629696
0789724073
0590480480
0307158543
0307155722
0307128520
0517618001
0307039137
155670545X
0791402045
0312869355
0312300638
0312289219
0312300557
1855857987
0534215882
0314027793
0465019315
0764115928
0316057479
0452009138
0201409712
0300056753
1565924177
0878338470
0881923508
0689316526
1565250125
0875968805
0875968333
0881925454
087596883X
025321470X
0875968848
0670031933
067166235X
0875969623
1585744018
1585741051
0130952842
0789404281
0806939451
1570761663
002367170X
0811800148
0688108121
0395510392
0300029101
0201628597
0671660667
0393090078
0671644262
0029354056
0596001576
0385315104
1582431272
0521305519
0553231677
0026049317
0821219928
0877736561
026269185X
0553347837
0815629435
1575213346
0394574214
0898158370
083853659X
1864502223
0070563233
0306810603
1565842766
0971545111
0002000547
0312867077
0773759077
0312859171
0316082651
0312143494
074320073X
3823855565
0393058549
0135259738
0716722399
019283438X
0823059723
0789721260
1563054345
0764534610
0446523585
1565122402
0609810634
0314028331
0448425971
0295983299
0295975962
0806113529
0877700885
0295971436
1584500980
156830370X
0006385176
0201658976
0764535404
0672319004
0201699575
0789720248
0789718235
0782125301
0079121837
1575213052
0374174695
1878348108
0684835703
0873647041
0873491505
0764507443
0782141110
0831750537
1560981903
091050363X
0688121578
0671708651
0071354204
0130165557
067172049X
0066620678
1578660742
060980362X
0671746324
1851701834
000638837X
0130094021
0931988462
1569760942
0931988659
0471095931
4770020686
0671691384
0835902307
0865734283
0890878064
1587212145
0794600697
0812013972
0844238082
053417616X
0843770554
0674003721
0142301191
0744002397
0534935133
0916211096
0943574870
0590134574
067450853X
0345420195
0967089735
0312872178
0877735131
0446518123
0517591820
0312308639
0312143540
0349101213
0907791131
0764116630
1555604013
1555603750
1555603580
1555603041
0761540806
0761539948
0517582112
019864227X
0471072044
0819180726
0130256684
069727862X
0138506450
0895772205
0669297909
0761530924
0150037244
015003735X
1882606345
0761511717
020526848X
1556151152
0893035750
0838447341
1556155468
0486638340
0806962844
0827359691
0827358253
0132131331
0070650284
0030579899
1895636248
076153007X
076153105X
1566869714
1566868246
0744000009
087341618X
0844238414
0471229172
0811800067
1556522770
0806962933
0806961538
0806962593
0672305224
1565922344
0596001320
0782118917
1565924959
007882298X
157231818X
0764547976
0764580221
0078821231
0764540041
1566046750
0672301687
0702226319
0878339566
1580081371
0896935329
192992724X
0890878382
0312044550
0060969334
0465015638
0345251911
0688171753
0801834910
0672273136
0723212635
1575213907
1585740586
0201557037
0471296341
0134412478
031204349X
0425147258
0812234316
0631202013
0156005360
0842388036
0553266195
007142220X
0375753419
1587171465
0880704330
1879399326
0811725804
1885942346
0793801109
0307126277
0735709106
1585672041
3499226995
0743203135
0415931029
0060973943
0816510059
0393010244
0345347048
0385425759
0060930721
0761110569
0060258934
078680808X
0817463496
1551662965
0679437525
0714841919
0820320366
157673109X
0895656841
0385181019
0590188224
0782125034
0316916242
0823048543
1582971919
0446677884
0721671500
0721682995
0805349898
0914168193
0781733197
0060187522
1569310890
0789202220
0866361790
0848714520
051757120X
0192890956
0806997680
1566865573
0060434791
0399524126
0716729504
1583940650
0671692607
047210666X
155643216X
076455137X
1561564001
0310485304
0590967258
0060981040
0425181782
0393958493
0226468011
0130143316
0385473907
0140239510
0071360174
0316588121
0879516410
0070522634
0131848542
1565297253
0672306204
0471675857
1568303734
0534012043
1888889187
0142500291
0309037395
1570610959
0201172194
0811808963
0940087960
0394537130
0894715844
0671701851
0878918779
0023530707
0673997677
0307129934
0590100815
0697241351
0895775662
1878058312
0201577798
0534176585
0205270115
1587288613
0448431866
0782110452
0827354118
083063553X
0590761684
0590769634
031412781X
006621436X
0803965133
1575848228
1575848236
1570829586
0688099920
0822000415
0689855907
0307748022
0679743103
0590484141
0201598779
0025994611
0070633495
0738205435
0070051429
0913299847
0070676313
0132248093
0679753346
0312182147
0446678724
0806518200
096588709X
1560444940
0525940359
1560252588
034530103X
0671621300
0812043898
0152013377
0451615506
0275958132
0486205185
0684843927
0525940154
0913580953
0307021602
0688124127
0849952379
0806937858
9129590647
0395870828
0452262925
0789436531
0471111627
1565122267
156158519X
0394729110
0963810901
0882660640
0963810928
0811813576
1890132276
1400040507
0393057453
0762402016
0898864275
1559634634
0890877459
0130570923
0465049052
0789718510
0201719347
0812103246
0448190036
0836236750
0064408353
1570640106
0764316133
0789468271
0684866099
067980224X
0517599910
0684802104
1885211341
0590076302
0520034228
076360688X
0836221850
0380976943
078680842X
0688220495
0553379747
0786702133
080651650X
0789717611
0965866866
0895947994
067147068X
0380807971
0609601431
0393321568
1559639407
0080245153
0517706733
0425059723
0961938412
047129635X
0062515373
085667513X
0809224275
1572558016
0671430149
0684871599
0062510401
0486204294
0130109878
0140018905
0671612980
0440412242
0752261991
1879055481
038540798X
0861123409
0028638670
0865424721
0768906334
0440222893
1576831396
078686222X
0812047001
0792270916
0486241742
0486265188
0486261425
0765300605
0970084226
0806524138
0684834529
0201608707
1883695015
0385473532
0028810384
0380974665
0441003753
0843941928
1570431825
0226011135
0876044402
0312204914
1891620614
0486227731
0312144091
0684802236
0890511128
0465062695
080650997X
0590448986
086571391X
0299118401
0374473536
0873417038
0156006065
0609610007
0312142811
039485151X
0385423721
0060219807
0563537299
0679741453
0192862081
0395957680
1573455687
1897913427
0505521830
0889626154
1568810970
1893115844
1893115097
0435080164
0028604342
0807031429
0935028870
0262511053
0201895420
0136298419
0131238299
0201309599
0130313033
0738204331
0844237639
1569248303
156924863X
0681008105
1895837707
1842221914
0809256924
0889782253
0312156162
0140139591
1594740089
0880117028
156924782X
0760310904
0134023390
0345373669
0764503723
0452279100
0020820852
0761511121
0767905423
1568302800
0525483209
0910965579
0448420864
1400060834
0835913619
081541207X
1893162052
0060965339
078531038X
1580400337
0735712026
0735712506
1565922824
0451154630
0843933771
0930180127
0307618609
0140087680
0312875444
0765191997
1561706574
0394717147
0439294827
0415933560
078970871X
0553346644
0307106268
0763616958
1579544266
0060530529
0399513450
0735712433
0201703319
0813511097
0023933410
0131667025
0871088584
0849944090
0312874588
0435070053
0689849842
0826203175
0312490038
1585746843
0830816623
0060405813
0307231062
0486220729
0821221159
0764100009
0911226273
185302175X
0380808927
0307604969
0870444247
1887654429
0130869007
0130261610
0534352634
0534355633
0139364285
0201357437
0793821568
084394627X
0307119262
0822053039
0822053047
0822053586
0684850001
0440206405
0465004865
0137828551
1579240593
0872271749
0446690317
0874834899
1569711291
0451166272
1558213864
0962401730
0876056451
0345317645
0285632523
078355284X
067150696X
0679729836
0316150177
0138574006
0751309907
0553487124
055348768X
0553487671
0553487116
0553487493
0553487485
1558702784
0060468718
0553487663
0553487655
0812017315
0525937714
1883013054
0553487132
0553486861
0553487159
087596107X
0789406071
0399138838
089577531X
0531091848
0534179223
0811832139
0231110936
0912670673
048622824X
0816729549
3822820970
0385509596
0590416340
0816731012
0816729638
0782129277
0671413759
0816725799
0893750514
0878577920
068486875X
155591330X
0743435427
1886411816
0801621739
0312020724
013529990X
0670809829
0870445456
0688061125
0486432521
0879857536
0394723309
0525474366
078688312X
0812905660
0915611430
0231113315
0130899798
1566890721
0715301276
0964089505
0425084329
087596155X
0898863406
156440014X
0870441167
0895773988
0895778955
0873411420
0809465000
1892989042
1561442372
0679404597
0136204449
0448115409
0870444514
0671440721
1582431841
0891342125
0684825058
0394890396
0394876881
0394886909
039482167X
0840764367
0895261634
0689313624
0738207411
0385722583
1566091810
0070173907
0879837853
0897669428
0917211014
0060192372
1887299173
188729919X
0062732110
0393090019
0970085850
0811830861
0809126702
1573926841
0764516809
156592486X
0517888130
088207797X
0764516434
0205307108
0062512110
1883013623
0810931397
0671850199
0919574254
0316988804
3882440503
0861012070
0020259204
188343307X
0761977120
0671527703
0486288102
1566260175
0787960829
0743445376
0684842343
0738206083
0811810461
0380403110
0426205111
155071063X
0684851288
0671422359
1589230795
0394481992
0739435574
0936085347
1570762295
1552975541
0689718489
0375810889
0875962394
0671797271
037540872X
0131762494
1880032481
0060278129
0385155476
0300052723
0345315596
0877424055
1570281440
0911295097
1564403750
0385083181
0815604440
1559705647
0517577518
0486291766
0881765007
0920059171
0802068901
0582300576
0783547501
0590762672
0929173139
080374482X
0690151888
053419950X
0156013673
0671421840
0195410599
0896086070
0792229525
0831716819
1567185150
1551112388
0155067230
0807020060
0198506740
0964629100
0836250893
0385485603
0749006536
0590459244
0070240140
1572319380
0590137441
0385490925
0743243102
0771061250
0882669265
1572316217
0132163667
0300051743
0689813090
0898310032
0753403501
041519749X
1572970731
185029934X
184121731X
1843580098
1855382962
0965608611
0141182466
0609808060
0789716976
1558241620
0195546490
1552631419
0517149354
0563384522
1883319692
0764506528
0380761203
0886872790
0689500882
0818403128
0809237989
0897214250
0140240349
0689822030
0316342823
1567182003
0316923265
0786869097
0805011951
0887080421
1883010276
096226833X
0792273567
0761536604
1562055712
0307240614
0886771811
0553246755
0690000812
0307101061
0446395099
0609807552
0763714224
0078822777
0201353687
0672319993
0782129137
0201696975
0892390719
2070363112
0028636619
0877018979
1555610072
0061009849
3822818283
0915811421
0446670693
0596004990
1565926811
0596004028
073570970X
1884133223
0878579516
1568840012
0448405725
0761520147
1559450460
0517566141
1565925998
0735605726
0553202812
0674012941
0882668773
0151660344
0399527494
0803287518
0822053128
0060193174
0062733834
1929925387
0140083626
156792025X
0763710792
031226738X
0823084892
0792279603
0789477645
0871135329
0029277256
0465081797
1560273097
1560274409
156027462X
0671876899
0671721941
0345303822
0345303830
038546813X
0876058292
0451089057
0672324229
0789484250
0072193530
0789466848
0520218965
0871566052
0679720383
0842337237
0803231482
0395924936
0525946918
081440359X
0345255054
0020315902
0442254288
0345245865
0880389281
088038915X
0380418487
0441218903
0671655450
0312877811
020155805X
0393026590
0879757264
0451456157
0517425254
0674242416
0441004288
0441002552
042512780X
078621418X
0375801537
0385336268
0679600752
1575440806
0553381873
0446672173
1580172393
0814103642
0814100457
089009246X
0155722778
0452008751
0520215990
1573920630
0060251875
0893811122
0893810525
0893810487
0394754034
0393950751
0684872722
0764530798
0395637546
1558284796
0940087200
1566040477
1841151203
0600603555
0376030445
0060268506
0812537874
0465024750
0471052604
0415094038
0696019477
0866229698
1870948912
0871563339
084870682X
0801845882
0895557819
039914644X
0060187034
157145330X
0801874254
0130844845
0806902841
0743464559
0743453131
0436140969
0938151126
0471035300
0201547996
0596000251
1565927311
0201513757
1565925807
1886411484
078971034X
0201419998
0849385237
0789714914
0201342855
0848714644
0394748476
0789710358
0525244425
0394739396
0345374738
020142777X
0312572824
0764570064
0937175846
0451409353
0399137491
1902852451
0963022288
0806979356
157120153X
0553052543
0878578307
0696111225
0471306061
063113896X
1577684737
1881023826
0714634816
0689116047
0918286174
0517582430
1858684064
1852304928
1852304944
0874831520
0516277715
0806906944
0373028059
0066210658
0792280105
038572070X
0671632027
0226764214
0553352296
0395924944
0670805548
0752801678
1567188036
1575001063
0915009234
0385424272
1857038312
0786918993
0881064564
0789441233
1887123482
0393029638
0810935406
0810905515
1892041308
1580084575
0687197279
0399226842
1564407225
0743229320
0300088981
0060164549
1585671983
0393047857
1573225649
0515127442
0006551289
0198503652
0312201729
0884860396
0316812552
067178546x
0962863203
0813530598
1579543464
089281490X
0805425853
0789454114
0916119580
1559585226
1879682117
051606004X
0688015999
0375804382
0871133059
0394542142
0684832747
0822450682
0590341294
0805067809
0937858536
0806981326
1560795905
0130979910
0030322332
0442295650
0442009836
0442295618
0810911213
082300371X
1571881808
0806905719
080699620X
0140173773
0393850048
0761513981
0898152844
0070479844
0070482624
0070527113
0446613282
0553492322
0807031275
0028639367
0312265565
0471855804
0139334416
0789705419
0804720681
0811801292
1561381543
068483409X
1570620814
0882666096
055322607X
0814158161
0312259182
0867095024
0130830402
015508481X
0793168201
0880115580
0130973157
0375701567
0312972873
0811819299
0811819043
0736048138
073226507X
1571458700
0812693353
0684847477
0743467531
0743437780
0743411315
0671036521
1879618036
0060151072
0399522107
0674013255
0716747014
0684864851
1876334274
0753807033
0684839032
0738200948
0732908884
0732275997
0749933496
1576105067
0835607194
0670199273
0486283186
0441015190
0192880519
0198539789
0262581531
0688136915
0316281336
1841195529
0201547775
014200135X
0262560925
0471393401
0061058092
0486251012
0486296725
0195121236
0880292512
0887305431
0517591979
0465001041
068481188X
0802115187
0596004478
0735712999
1880559862
0898797128
155615223X
0201696428
0201884488
1560252464
0201544229
1577292715
1577292723
0385499078
0679463224
1562057316
0393040895
0312110960
0671759175
0449906930
0812918533
0140056998
0387947000
0525936742
0060183101
0465090443
0812922158
0670819069
0262680939
0743204476
0768911729
0822053357
1859847943
0719561590
047141431X
0393323722
1567511260
0394589335
0226257142
0312209584
0935755144
0802714064
0877017506
0877015139
0811816311
0345275179
0811813053
0789434407
0816731993
0811814513
0446674761
0198775024
0256160724
0415901553
0672311151
067231116X
0385230915
0060912154
0896084825
047135614X
0517885174
039331572X
0877229333
0669243760
1572302496
0764501372
0762701870
0195056892
061813218X
0811837890
0880117036
1565847229
0920245781
0895775395
0971394210
0716704811
0684179679
0965703851
0684826518
0938256084
047131045X
0471550507
0938256025
0395493366
0937611484
0130978663
0929923103
0070099790
0452279763
0399516956
1885331096
0807036056
0670861049
0871317419
0916410781
0373638213
0531142639
0878577521
0345410025
1879181045
1879682028
0137486251
0201737906
1585421847
0806922516
0515135836
0913543705
0553232304
155828589X
0553229540
0962140406
0553053272
0553373471
1860468446
0886876796
0679457216
0764508199
0764502697
0823407977
0521626544
0782140777
0844283614
0471044091
059600186X
0596000200
0738205362
0201385902
0333669703
0782128726
0446384224
3540678271
1565927699
0521635039
0913990345
0789726963
0520069943
0801978408
0684817578
0891918329
1856080056
0029021901
192890615X
0915811375
1562478230
044840253X
0811730786
0897211979
0025064312
0195116895
0842371516
0789724596
0140153349
0618340726
0516242016
1890515078
0300076029
1567185096
0027368718
0689835973
0786831146
0962819018
1852332654
0688147380
059054344X
0448400871
0448401878
0843127317
0764534300
1564585166
1564585158
0789402114
0689715641
0375800107
0517025361
081180612X
0671878603
0307117227
0870447572
1587680009
0672315157
0735619050
1558513329
0151004412
0840749554
0785211969
1559346841
0072224703
0764532715
0140241264
0789711419
0892964669
0740714465
0465012361
0816740771
0816742154
0374155240
0061000256
0764508954
0683302647
0962623741
0521400643
0520235428
0130975850
0806999950
0823217558
1566869110
0679415858
0674179498
0918954827
0394800192
0071352015
0064452107
0064452069
0064451623
0064451992
0064452077
096206856X
0064452182
0670820121
0471827223
0812048385
0070617570
0716723441
0375802193
0743202384
0679002448
031225251X
0385246110
0340750138
0028619552
0764506331
0749648511
0671007793
0590623699
0679872051
0061064963
0761506411
1570711720
0874779383
0805009086
3822862142
1853045802
0415014069
0875843999
0671871072
0965145859
0844284807
1841192953
0528840509
1562828398
0787946583
1559501065
0395522463
0920656749
0029303303
0312935544
1843542374
0716730499
1591163293
0764504193
1565123379
0897212991
0897212983
0671893122
0439380731
0880384441
068480459X
1863734627
0412357003
0007130848
0451148770
0876043015
087542869X
0892813784
1857440633
067179499X
0671656902
0871202433
1557348820
081184305X
0689844239
0786833904
0762400358
0762400226
0689857756
0312192398
0740710451
0740710443
0689802668
0789303353
0689822243
1555837417
0836236475
0886450691
039519492X
0395214076
0689841566
0892366583
0737016167
0865733430
0716721341
0262610418
0140092102
0385237464
046506776X
0060148993
0465067859
078670067X
0887308090
1572313137
078971020X
0671691961
0440500443
0809074478
0399140964
0006384722
0930242033
0671627082
0007104758
0563476001
0765208830
1565070410
0897212215
1587611449
0439056365
0600316726
0142300535
0553381628
0816714371
0307100154
0743208587
1893618064
1850103860
0451518411
0441478093
0814471188
0471207942
0717134318
0312300514
1550225774
0007119879
0393049639
0743246721
0671617680
0807031151
0935702997
0198547668
0465028810
1558589112
0931250242
0895863790
0671007106
0201710404
0451411498
074325581X
0300057091
0452263662
1555912923
0534203345
0849940281
0534400868
0072909498
0893754935
0132410508
1568362854
0534558399
0070444226
0679873309
081674016X
0590075195
9155435068
1559349212
0448428539
0671657437
1562765604
0811814238
0753452189
0521589282
0814736696
1565123719
1850282633
0394896173
0817435492
0817454497
0671631314
0850305527
093209001X
0393013804
0446513970
0831780991
1551090570
0529054477
1555832571
0743254139
0312147244
0911910360
0439560489
068483703X
0060915536
0517451271
0740712152
0940235013
0345357884
0886775892
0376034750
0385312601
0590522981
0671009028
0752423088
1562613588
0881064963
1556611757
0385411197
0590449095
0743485114
0804110506
0451209184
0345337719
0375804595
0816745412
0789457091
1585740497
0874779510
0812046420
0894803433
0590399624
0061084484
0762411236
0689816316
0689816359
0395605741
1558530924
030730261X
0312269706
0486405893
0740733591
0312252285
030712259X
0881064505
0066210798
0307135241
0843178477
0895774534
157082620X
0380835355
0843106425
0723229503
0764551345
0764552023
0590413317
059040962X
067177008X
0671704796
0721453406
0671695770
067981230X
067083579X
1561734829
0394587146
0964346036
0449002926
0156005158
1577681126
088743973X
0880129069
0789447584
1892384019
081296733X
1564584933
0937934151
0743411811
0590995529
0553348221
0895776375
030711323X
1564580253
0670001260
0231072767
0195087577
0870441280
0312078498
069703349X
0870444794
0870443615
0486233308
0831763140
0060161957
1565124022
0895861720
0394568494
0394587618
0226568571
157954536X
0897210646
0870442732
0891003401
0207168245
0830608230
0070681589
087044364X
0133885135
0870444131
0425152952
0070279322
087044252X
0870446266
0345341724
0671492519
0316780154
0671461419
0812963350
1560722789
0792242319
0792236505
0870447165
0028639960
0792270622
0961565918
0300071736
0811724468
0442240058
0807725455
0393018709
0894808052
0911469079
0762412550
0486275019
999750271X
087044512X
0394513126
0684832119
0397314728
0231038763
0253106001
0553344994
1555610676
0738202517
0883856026
0553075861
0836213327
052548258X
0671632728
0029291003
1558701893
0716736276
0862328233
0500510989
094655157X
0312351933
1586851578
0783510004
0812814584
1570620776
0395963311
0786412984
087975737X
0813527422
0393976599
0878938141
1582552770
1564586170
0486623424
0735709696
0806959622
0534259863
0806931647
0534203647
0060199067
0876059477
0926524097
0783547609
1564581799
048622550X
0822510553
1562946110
0916392066
0892814241
1566631955
0679438084
0141012218
0553101137
1559722061
0394740149
0142003085
0966740203
0140239111
0836803582
079225676X
0735606315
0394502809
0195142616
0375753192
039557420X
0517564378
0070478937
0412320304
1566632536
0679886036
0844239003
157673918X
0590250825
0385336942
0898865425
0449905896
088010127X
067984161X
0517026570
026263287X
0471225169
0201710269
0716718510
082481469X
0027255107
1840460784
0394710010
0894540017
0471579491
0805395121
0534936245
0822053314
0448411172
0872077659
0701803584
0836231236
0880294183
0471489212
0713457902
0789706032
0792270142
039915177X
0871312549
1578630037
0590965492
0689847564
0736401113
0761406158
0385482051
0312187335
0345373561
0394731220
0394862147
0871890917
0875096867
0898796601
0912452161
0304359416
0312877706
0789477858
0882668099
0974499005
0613025326
0934802904
0446360473
0880482605
0500976147
0500976236
0394749170
0875847706
0525442766
080506723X
1565611489
0689821085
0898861411
0062502123
0814450598
087795979X
0027058573
0060253622
0070093431
0070676836
0072118547
0078823498
0078823579
0135527465
0140505067
0151594805
0152013725
0256093601
0307020355
0307102793
0307109003
0307113221
0307118975
0307122999
0307128571
0307131106
0307681564
030774020X
0307740250
030780125X
0307909034
0321096983
0345431464
0375800255
0380773732
0394826949
0394832647
0394839579
0394855175
0394894758
0395297583
0397320515
0439087481
0439139392
0439161142
0439192625
0439193796
0439264669
0439269865
0440226597
044804501X
044846537X
0451195264
0516049119
0525440585
0531012174
053104470X
0531045269
0531048160
0531101827
0531102637
0534003478
0534004490
0553560018
0553560050
0590373862
0590410326
0590413600
0590448404
0590448439
0590466917
0590516086
0670835749
0671661639
0671677764
0672301504
0672304716
0672304732
067230483X
0672304899
0672305933
0672310147
0672318164
0679836004
0679838686
0679854592
0679856226
0679860061
0679874909
0679910565
0684161141
0688009328
0688078664
0688141692
0688148182
0688516807
0689505469
068971713X
0689818661
0689820488
0690046952
0694015091
0697077713
0698306163
0698306945
0723261296
0735608911
073570922X
0753450070
0761302700
0763609269
0764504843
0766011178
0782119727
0782122280
0782125832
0786400269
0786841397
0789415488
0789707446
0791028461
0791417808
0802781071
0802781268
0803682085
0803719078
0803719310
0805000690
0807535028
0807559164
0811674509
0816727821
0816742030
0816742049
081676364X
0816765766
0836270541
0866228241
0867130547
0871313723
0874065607
0880482168
0893756695
0898866774
0899197698
1557820708
1558512624
1558515607
1559162406
155921001X
1561560081
1562055496
1562058258
1562058312
1562764446
1565656881
1565924827
1568843208
1569870535
1570360642
1570640467
157082097X
1570825653
1571690972
1572312262
1576101908
1576101916
157610236X
1576750205
157719084X
1580622127
1882419936
1882419944
1882419952
1882419960
0761519858
1568846010
1571741097
1550390961
0201095696
0375507299
0201570750
0767907566
0060210699
0399215166
0844283916
1573563609
0140296247
0782141439
0133374866
081392068X
0786004282
0786004673
0786006455
0133774163
0395468108
0399146733
0452284279
0505520923
0517702126
0525440798
0590476424
0590619624
0671540939
0679728155
068418575X
0786861002
0812065891
1560246979
1571312110
1575213966
1568581408
0385181981
0670848018
1563051494
0672326205
0811808092
0471196649
047151067X
0486233421
0672308851
0743439643
0071345345
0760011788
078972748X
1861004028
0393312267
082395059X
0156004976
0394822560
0571194362
051712016X
068480977X
0471321427
0865425426
0130481106
0763802506
0766800318
0941524272
0590471635
0679456511
0764568205
0786840226
0816726124
0816729646
0764568477
1400061105
0805069194
0517539586
0517570637
0801985064
0810932067
0914697692
1556704879
1567996884
1570761175
1858333857
0062505076
0333683668
1862040443
0441168159
0672316366
0844226203
0875966829
0373652240
0878915079
0070391416
158243252X
0590439707
030768122X
0440845556
0816727899
0816732183
0895298074
0691026726
0965694836
0027367800
0307132625
0307304736
0345418905
0376010789
038078839X
0471143502
0516016482
0618250743
0670899151
0671676741
0671758179
0671847120
0679815198
0688045855
0689711050
0690045484
0694006823
0713723572
0789401479
0811842444
0816727465
0816728399
0816732876
0893756687
0911797777
0921820879
1400030838
1564585492
1565848519
1570643938
1571312722
1589040171
188164961X
1550379828
0787653926
0312318812
067080889X
0739433024
0441805663
0449236463
0060161140
0376038489
0737006145
0806976810
0806981989
0881924148
0897210468
1402709544
0801853001
0465037186
0670030945
0425171442
0805880038
1579549926
1584791608
1888173297
088240363X
0072254327
1555612563
0933149166
0590939939
0749314508
1562949489
0071351868
0130816264
0155080512
0898157676
0671676539
0060556110
0618083456
0060197714
1555833993
1889138037
0380760398
0306812835
0333900707
0027364100
0312312113
0132000970
0471576573
0805300910
0877880190
0879757582
0915793008
968190978X
006273380X
1552440451
0312334419
0312869940
0399242570
0441011985
0684860805
0736902104
0671659898
185383131X
0688064132
0895298120
0689869118
0435454110
0345374983
0373109474
083681049X
0446671932
0471240443
0517555603
0684855399
0689121970
0812046455
0023485116
0132854465
0471031348
091092306X
1567189539
0747564604
0786854065
0786862467
0810931427
1886913161
0672316072
1562056468
0811730921
0922915490
1565926056
074325211X
0307157679
0517571064
0618149147
0802714277
1586482599
0679857109
0595315313
0520227263
0966913604
0130933376
013093352X
068880232X
069602571X
1560656964
0596000154
0140554947
037580000X
1570822816
0811843033
0679872035
0670030694
0876057652
8426108687
0451404807
076534419X
0812564502
082530105X
0836236092
0914697285
3923880502
0472113372
0070409382
0385496591
0440225507
0515122629
0590486810
0671755110
0679864326
0767900200
0768320321
0811725413
0821759493
0866250794
0936676019
1566869021
0139306455
0312132433
0886778948
0060970979
0761513930
0713425369
1854710729
0330397508
1568843224
1559707070
0201332876
1570670323
0590330578
1861003110
0764542419
0789720493
0965453561
0072493526
0140446990
0192802445
0198504039
026218219X
0307240096
0312275617
0471418293
0534392687
0534576168
0679462600
0713723912
0753452421
075480559X
0810946696
0810969262
0811841731
0811844013
0811844021
0823056201
0849302056
0849331366
0874208270
087427138X
0907259200
1568983220
1572240709
1842124455
1853321990
1879003341
1885941366
1890771686
1891024663
9027232938
0735614504
0738207837
0060182156
0060973382
0140177507
0201409550
0316824720
039309426x
0394620194
039543095x
0668060492
0679429832
0679741755
0716721899
0802713319
0805038167
0880114517
088730947X
0887309577
1569245061
158542109X
1561563072
0395783216
0395936098
0472089218
1592230903
0688167845
0632049766
0632053453
3540601910
0515128856
0816727538
0395304490
0412553600
0702025445
0723424756
0750652004
0750652020
0890876339
0892819316
0897892852
0964353008
1853437182
1898507058
1898507597
1898507600
0312866658
0440201241
0441865003
0760049602
1882897293
1557131902
0135753171
0394479378
0395266211
0446512761
0684822679
0870949721
0882664174
0934798443
0937877204
0963712500
0965306380
0965306399
1561581747
157223038X
0224060848
0340585986
0415127351
0520088174
064625393X
0876041624
1857443306
1862075352
1903933269
1566042860
0822959046
0525246800
0631175059
0553569988
1564024938
0452274435
0060971878
0764545493
0064451070
0070920672
0142302457
0380785870
0380978474
0399900616
0471197033
0671751735
0716747022
0740723502
0773752552
0809467542
1586638645
0030068827
0205155367
0802110495
0786703822
0801403332
382285509X
0140384448
0312584660
0345456351
0505519046
067187067X
0821762834
0878578021
0918372100
0325002274
0684807696
0062512862
0072558849
0130953075
0134916484
0155082159
0231034504
0262011859
031208479X
031209020X
0314099735
0395572304
0399220038
0521273196
053410326X
0534168124
0590425145
0671495194
0691017948
0697229254
0815171161
0867092777
0867093749
0867095008
0871203812
0875422519
0881501840
1559344091
1885061935
0314852719
0314896880
0525462511
0525463771
0590457640
0849982286
089480314X
1570360405
0120848104
0452284112
0752825259
0802115039
0823031292
1558513884
1887178570
0786867213
012300330x
0195137612
0812013948
1555661165
1558507647
1880654245
0399130659
0895296640
0789725495
1581342187
0140379347
0837176980
0525944109
0590454226
0590491563
0590494198
0590496433
0679868410
0789454580
0805823204
1557345465
0688123538
0761501924
019281740X
0891077421
1740511832
0813528399
0156379759
0226060004
0307176282
0393030571
0395726670
0399208739
0399218106
0446911674
0471143529
047114357X
0525446893
0590460056
0684839318
0689818602
0738206695
0764912623
0786800070
0786805579
0786805587
0786862947
0789306441
0792265319
0803717393
0809317095
0811801810
0811806812
081181453X
0811836754
0813911621
084782179X
0870700383
0870700766
0870993682
0870998749
0895776650
0895776669
0895776677
0895776685
0913304425
0965058409
0966725905
1556701810
1558597913
1559722657
1562824201
1562825852
1565840518
1565847016
1567920810
1568980892
1571451870
1581170181
1584560169
1872357083
1879326132
1884718116
8886502893
3453187679
0811820807
0152163824
0380718200
0446528099
0316501816
0452268400
0669138428
0840796838
0963149393
0808517295
0312874405
0767911113
0884195260
0201416964
0471345342
0449004023
1556508662
0030624517
0060158018
0062507168
0062731327
0064550168
0070096317
0070254923
0070608776
0070681554
013242066X
013400549X
0136436692
0136864945
0140192468
0140194711
0140469303
0151997373
0156687410
0198603290
0198645600
020101937X
020162236X
0205395090
0226058980
0312310080
0316116858
0316563404
0345313976
0345316029
0345418417
0375405585
0375502440
0376010576
0380975203
0393311392
0393323382
0393850021
0394859642
0395204453
0395522447
039552248X
0395701007
0395792916
0395829976
0395904528
0398009163
0399204660
0446392359
0446513105
0446677957
0448144123
0449900304
0451155505
0465043925
0471014494
0471540501
0471622605
0517888246
0525150552
0563383887
0575071443
0596000359
0613015681
0618003371
0632043091
0671319841
0671505998
0671544624
0671559923
0671628313
0671709240
0671876708
0672301261
0683306332
0684843021
0688003028
0688027717
0715312324
0716760088
0718824652
0735713065
0743435591
0743492080
0749701307
0771066279
0773759611
0781718449
0786886676
0789410745
0801983916
0806957980
0807014257
0811730875
0811829421
0824813073
0856131504
0876667779
0878667873
0880071761
088011438X
0887306128
0888020910
088961072X
0897746392
0911226192
0911469052
0919433634
0920361013
0944708366
1400048044
1550223933
1550225073
1551051095
1557530777
1558210253
1558285490
1582381488
1582381607
1582700109
1585742406
1591020255
1840003324
1850295743
185326914X
0312096429
0395708281
0465051421
0684846748
0425039536
0060268875
0789700018
0840761627
0395362199
0151003653
0201328283
0517576368
0609604457
0967131731
1879730200
038077027X
0553271156
055344509X
0590431846
0670861499
0816716366
0805035931
0435900668
0395494818
0028609905
0064634965
0140122478
0140255079
015205698X
0252006984
0295964804
0312105169
0312303319
0316004154
0375758674
0393303926
0394519922
0394731301
0394748425
0394825586
0395240832
0442224885
0486228746
0486247910
0486265889
0486267652
051712405X
0517635488
0520009010
0520036603
0520234383
0553343467
0671034340
0675200318
0684856905
0688051782
0688060137
0688147496
0738700924
0739404458
076450648X
0764906194
0770423132
0789721953
0803272642
0803710992
0805061223
0806947861
0806988126
0816512892
0817215603
0817215700
0817450068
087081365X
0874804817
087842055X
087842170X
0878422021
0882401718
088290051X
0883170760
0883260662
0891040013
0895863871
0898156181
0911797386
0935278079
0935278117
0945276125
0962916005
0963970526
1555000363
1560520450
1586670107
1853266965
0971482772
0563387459
0806977256
0899332226
0525447849
037581373X
0835607615
0800757327
0399137394
0803696051
0672305992
0830620923
1884133207
0192796399
0316259837
0396075274
0517541653
0517555395
0531170233
0531190854
0590441752
0590738704
0675213037
0774736607
080691789X
0816703647
0944483704
0962162922
1562941402
1562941429
1575050234
1584852178
0753450364
0761526358
0782129439
0809448297
0809448459
0809448653
0809448734
0809448777
0809448890
0809448971
080949454X
0809494582
0809494620
0809494663
0809494701
0809494744
1562949039
1576830004
1856978753
1856979342
1856979369
1856979377
1879431181
0764546562
0575073241
0871088746
075345209X
0609605038
0811807320
0874777364
0060962089
0135125006
0198289642
0300034024
0440224446
0618035915
0679883622
0679891145
0815181434
081721058X
1555835325
0870043862
1863682090
0020967802
0394710916
0671253409
0802772978
0938216457
0812026861
0935229388
0736910018
0385247575
0399517154
0898629055
0754805603
0020287208
0060804491
0140264124
0679740279
0130893404
0962819026
1564146723
0020418507
0425136523
0812039211
0812039238
0812039246
0786808438
0312290454
0395524490
0471580392
0563555475
0744510023
0860208672
0862272955
0871201089
089107290x
1860228003
0262561093
0811831809
0253326877
0688108261
0782126251
0877455643
080784151X
0805063358
0696216981
0531111679
0761314016
157356303X
0138219508
1558604286
0689819153
0719561515
0029121507
0345344553
0706405862
0761120173
0761535675
1569313903
0590444786
0768910064
0789404443
0060194162
0385230397
0596005938
0670817775
051712226X
1564408957
0764559877
1567184960
0964346052
073571150X
0316645958
1904153011
1904153054
0671785850
0471291986
0871230550
0201702843
0385314671
0590456938
0590463381
0590623710
0679810560
0816736375
0590331655
0789719959
0836213548
093317487X
1583225269
1556156332
1568846347
0027614204
0029227909
0030237424
0066209684
0066209706
0070628572
0138545472
0140178821
0312013833
0312051417
0395255007
0439083311
0486999416
0486999521
0618240349
0671428020
0671610880
068483944X
0688115217
0786866071
0809244195
0823056198
0836229533
0836229576
0871922940
0874770874
087477909X
0888390777
0891346864
0892819812
0894803182
1556237561
1557785260
1567996353
1576750221
1883010187
0786813466
096573840X
0413773647
0789716909
1859608337
0152009981
0307164527
0307261069
0373810652
0394847288
0399214348
0531029204
0590130943
0590215612
0590436309
0671444581
0679801391
0679884726
0800791118
0812593898
084314128X
0876142706
0942545044
1556520360
0684871521
0321021533
1566398517
0590104195
0870444026
0156001373
0375726721
0449902692
0671878565
0679742573
0689803869
0691090505
0713469625
0803272480
0929587650
0932813542
0947533125
1400030102
1585673471
1585741167
1931561559
0435087258
0898795362
0944634486
1888608269
0142300896
0843134798
082243802X
0822438054
0373625723
0471383538
0471267651
0071346988
0672311402
0789717433
0789719037
1562763482
0609601423
0760704015
0791408736
0060225130
0672303957
0821751271
0802713882
0078821789
0374300275
038532801X
0805502394
0937959154
1568846460
0517591146
0679405062
0142004405
0571209556
0801077494
157322216X
0553350137
0140561447
0143312146
0136031277
0201847078
0471335797
0697069184
0697111997
0961408855
1559343796
0395544122
0446691232
0078818141
1555835813
156458349X
185260591X
0812931459
0231071086
0671696645
1568581033
0671633627
067940841X
0811703177
081172946X
0786884282
1555919685
0865713537
0201634511
0486414442
0671742175
156592262x
1568581394
0451200780
0020163908
003018682X
0385095031
0394825217
0415908922
081331951X
0816027110
0822957418
0895862255
0939173344
0836236661
1572318163
0811213641
0865475849
0198602545
0312966180
0451450639
0525933476
0783549407
0792279921
0807031496
0800716809
0312077858
0764500570
1568840500
1568842252
1568300948
1882428048
076150611x
0195142853
0316161306
0415082064
0415221617
0553091468
0696217287
0756603153
0793803640
0793805988
0793821509
0810929805
0811840557
0866228497
0891349553
0899198481
1552977773
1585421952
0471219932
0155074210
0471426350
0688802664
0819305405
0876057911
0002233495
0027754006
0029118131
0061006483
0070356874
0140097988
0140361553
0307061345
0312209088
0312254733
0312953623
0316092819
0316279188
0316723894
0345353013
0375806024
0380753081
0380760363
0380762218
0380774623
039454269X
0394544935
0394953274
0394955358
0395570387
0395797608
0396085547
0397317824
0397320353
0425143821
0425162141
044005947X
0440217326
0440217865
0440401135
0446519820
0465072771
0525451048
0531102769
0553289764
0553349341
0553378716
0553560093
0590189409
0590254839
0590423983
0590475029
0671553380
0671721534
068418592X
068804137X
0771033346
0786004312
0802766994
0802767370
0803702159
0803703562
0803740239
0816700923
0822505614
0830632824
0843127139
0843940182
0843943017
0862030129
0870811541
0886776473
0890871655
0895883627
0920236227
1555841228
1561791016
1562825690
0385503180
0553446452
0553577476
0804712689
0553561626
0786813016
0671649442
0882668676
1568844522
1580627293
0782129390
0393043444
0521092612
0285634437
0297841432
1857821963
0028600061
0030054087
0060156120
0060162007
0060167017
0060655186
0060963867
0062700324
0070333564
0120790629
0122861655
0130263451
0140080775
0192100440
0192142313
0195018249
0195019199
0195024028
0195037537
0195042832
0195063031
019506402X
0195107721
0198532458
0198536895
0198557221
0198602197
0198661789
0201050927
0201052474
0262161125
0306441292
0306801515
0312104111
0312150482
0316650544
0375700242
0387945512
0393041247
039331152X
0394743059
0394896157
039489622X
0446382469
0446670286
0465026230
0471109614
0471121045
0471164496
0471552763
0486222543
0486226689
048623021X
0486230996
0486231496
0486232247
048623259X
0486232654
0486232840
0486236579
0486244407
0486248984
0486250210
0486260488
0486270939
0486273520
0486286274
0486411575
0486422224
0486424898
0486605094
0486613488
0500016275
0517147254
0521093554
0521356016
0521388805
0521466490
0521568234
0670386057
0670864021
0671203320
0671632019
0671742825
0679412727
0679439390
0679804404
0679807438
0679807446
0679807810
0679807829
0679816852
0679873333
0679885625
0679885633
0684193183
0684810212
0688062709
0688089801
0688093884
0691085730
0691085749
0716710471
0716713276
0716718308
0716719533
0716721260
0716723964
0716730359
0716750007
0716750015
0716750163
071675021X
0716750236
0716750244
071675052X
0716760037
0737000171
073700018X
0737000198
0760700702
0764508172
0764516892
0764524488
0764537563
0764537598
0764538810
0764539825
0786404523
0786704322
0789437473
0789441217
078945758X
0801869196
0805037969
0806979526
0809464454
0809464799
0809464918
0809464950
0809466848
0809480832
0810927659
0810936690
0810939185
0813523583
0816027072
0817631917
0821220012
0847820300
0866510818
0866513035
086651306X
0866513167
0866513434
0876631634
0877013276
0879233338
0879752017
0879753382
0879755393
0879755490
0879755946
0879756438
0879758775
0879758791
0879758805
0879759348
0879759593
0879759615
0880290854
0881791547
0883186101
0884150879
0894809822
0895990350
0895990415
0897332032
0897332857
0929643062
0936197250
0938491172
0960481206
0966675304
1556709307
1560988061
1564583740
1564584895
1579120237
1579120407
1579590004
1878685163
1879431793
1885254687
1900512939
190261500X
3527269541
3822871818
0865473641
014043531X
0505520877
0802713440
0140275665
0441805574
0553271660
0671876740
0072371935
0471005819
0486227510
0670860204
0764534130
080213520X
0306803208
0201558025
0750652144
0859341844
1563632608
0451188101
0609608398
1882933354
1562764047
0066212502
0738202819
0738204501
1582430012
0226066789
0742520293
0750690720
0793160324
0834217449
1586635603
0712614885
0415927226
1550651137
157082228X
0812966457
0553061038
0394731239
0670819816
0822020343
0684846373
0792263626
0713995254
0914171615
1565547802
0452274109
0884196631
0897660420
0609804022
0878422420
0786239794
1582970491
0137783663
0415097193
0375413537
0471120596
0026284901
0452275172
0571117074
067146678X
0878572252
0882665618
1860491537
9652200271
0862328225
0921586396
0004723171
0070089426
0671617664
1558531602
0553347101
0671657119
013183682X
0672322560
1564584976
1570823324
046502887X
0911469192
0155001965
0312985487
0394858581
0764112651
1400031583
0130109223
0596001207
1558285636
0321159551
0415165652
0534929559
0060524448
0061083666
0312954093
0394848772
044652090X
0505520044
0505523922
0505523957
0515121894
0515124990
0515125350
0762404566
0764504959
0879386347
1557509239
0078823277
0201578395
0062736310
0062736949
0671002074
0791017923
0399148094
0816025703
1586635689
0590483749
0764507036
0195049527
0324015712
0440847222
0449902536
0553354507
067980501X
0764551299
0792234189
0812047222
0876286147
0914797603
0964108917
155766143X
158040037X
1580401619
0312070748
1865087343
0517575124
0871972239
1567993958
087486903X
007041131X
0735712069
0843733292
0030200881
1557552754
0471127051
1850328609
0448417405
0340738537
0517146568
0609803697
0131774298
0130960535
0133499529
0201498413
0262112345
0521576814
0673999866
0735708681
0805347224
0813391431
0932633099
0933029225
0716750120
0385413440
0471536725
0714825719
0934672695
0130471771
0813388880
1593270003
1932111743
013011507X
0205349978
0373512295
0801317800
1550748505
1555422020
1560534982
189441327X
0195104579
0330285513
1575420473
1881699021
0262511096
0590624253
0764553453
1562461168
0130420808
0130465763
0130474746
0130949787
0130975125
0130975168
0131125486
0131131230
013888496X
0531022757
0140193529
0316103624
0471089656
0805026207
0804116962
0064431169
0072289538
0140491864
0307117537
0307748367
0310537916
0375802908
0393052060
039442350X
0399126546
0399209646
0399219463
0440202159
0448210320
0471165115
0517070014
0517594404
0520063961
0553353292
0590109928
0590309277
059044641X
0590474073
0590476440
0590476467
0590480146
0590619616
0590975854
0671611453
0671645323
0671755382
0671797263
0671866303
0679854029
0679860150
0679872752
0679981101
068971517X
0689716850
0689808135
0689809050
0689811047
0697136809
0697151794
0717271684
0735605475
0746009720
0783508581
0803289332
0806973226
0810944588
0811820866
0821207032
082300337X
0826321798
0831793651
0835605469
0863775454
0870443836
0870445278
0870447270
0871782294
0880114096
0883635909
0895773511
0911797246
0937934143
0944235204
1559346752
1568570287
1570640181
1575663570
1577682386
1580760856
1881955338
1885223250
0385000162
0789200104
1559723130
044100301X
0425163636
0679734767
0060443529
0070442673
0202304558
0253205298
0393305392
0525321551
0716765853
0721644864
0761109064
0787651419
0787653918
0803906757
0804115605
0812213440
0812923561
0812924770
0843178213
086442700X
006100832X
0890512639
0156005549
0028641698
0130288063
0823413284
0198609418
0836221680
1400051045
0028644557
0453004563
1558322027
0064603016
0844223131
0020590016
0140491856
0262521431
0316093440
0376012560
0394718801
0425138593
0440507944
0446394130
0451191501
0500202869
0500680019
051753035X
0517883996
0553226738
0590488244
0671602314
0674889363
0679420606
0689114346
0689119011
0767901258
0792271300
0805025812
0807085499
0863162142
087477733X
0894710842
0895774860
0898797241
1570823243
1852307587
1855857979
1883319080
1890132306
0826314945
0395907047
0672314401
1562614576
0142000590
0811832015
0399141138
084782117X
0471165204
0679031650
0688140335
0965233308
1882663233
0782126553
0313321744
053453578X
1563634570
0192802526
0553104837
1556702612
0415079195
0865714622
8877432012
0937175021
1885211449
0967025206
0446675520
0814730981
0028632311
0441010539
0451455258
0735614911
0764547445
0782121802
078212982X
078214067X
0786907266
0789722666
0789725134
1582451125
0812968514
0345335244
158017311X
0517564157
0688079296
007063727X
0809433621
0939603128
0782129234
0027493512
0064408361
006445102X
0140557644
0151336458
0307131165
0380768542
0380899051
0451210603
0471540226
0517322153
0618263519
0671693263
0679827714
0689826486
0753454629
0753456427
0756504481
075650449X
0756504511
0756504554
0763611751
0763615471
0763618705
076362201X
0764110764
0764150189
0764502271
0764541110
0786831758
0789434113
0789447622
0789498510
0791039064
0803712448
0805040641
0811820696
0812920570
0823930955
0844243361
0870445162
0881064726
0894909754
0896865215
090350555X
0921285094
1564026787
1565122704
1570715920
1590140745
1567187471
0696025566
0441005683
0441519180
0575068973
0520089219
0691088098
0435084518
0440904897
0446977322
0451455975
0451458451
0451458567
0486604438
0523418655
0671655663
0674505859
0679720235
0811827720
0812929543
0812930312
0842334653
091307263X
1890941018
4838101260
000470763X
1861540507
0553371304
031205890X
0679416749
0060453273
0307020142
038077478X
0471581453
0671255142
0679802770
0786712228
0816743541
0821219103
0874473543
0887531970
0679770003
0892813385
0812018524
1579544819
0520223039
0130447021
0782121292
0806962461
0806977140
0441149243
0201615630
0312390130
0316117390
0316117412
0375415467
0679600701
0027264653
0060265620
0060270926
0312913419
0345389549
0397316410
0590433288
0670653152
0679801103
0679872043
0688310362
0717282821
0717284875
0781400937
0801064090
0810938197
086592919X
0890432090
0893758906
1555911714
0486260313
0563487712
1556112912
0520081986
0743444744
0071380345
0140168346
0399147403
1556523106
1887089101
031224357X
0534526330
0684144360
1578590299
0307039374
030711872X
0307740307
0679867392
0875423477
0897210689
1570827745
1572231351
0135705819
0136291554
0201432935
0201485672
0201615622
0201708426
0201809389
0201924889
0864427689
080507094X
0025849603
0385143001
0452264960
0394748115
0881550523
0789711621
0786801042
0688142362
0749919531
1876410183
068416826X
0801590493
0130811521
0262531232
0486298876
0967418100
0743230493
0515102997
0553353888
0735618372
0534577997
0767907752
0385078021
0553067540
0761503390
0812097645
0893462772
0966351908
0966512804
1560253673
0764531883
1861002688
0912365560
0671000292
0385295189
0446671045
0801690358
0961529423
0762103299
0393322793
0534530060
0151314691
0152928782
0440211050
0688009964
0688014674
082340871X
0840765320
0884191958
0966647203
0139536132
0307136663
0471312703
0689856482
0723229945
0893751995
0895773767
1582291551
0027573400
0500203377
0930031970
1556153384
0139564004
0679734015
0307244075
0553119095
1580050646
0582528917
0201149370
0895264773
097008630X
0028028821
0471177539
076005035X
0760050732
0760073082
0764500155
0764501291
0764504002
0789513447
0060163372
0071363424
0262060892
0394559991
0451188667
0471518506
0471582581
0534524346
0679429816
0806514051
0844241504
0871202646
0934601194
0942710754
0060096616
0201577119
0393320081
0415934842
0486424650
0521406056
059515364X
0945999801
0802764568
0295974443
1570611599
0004133439
0394498186
0396068278
0517208776
0671242741
0761519319
0762700815
0764150073
0764153498
0823005585
0834800772
083480252X
0871065487
0890095507
0891331530
0891341641
0891344012
1564582760
1567997708
1571452249
157231947X
031205131X
0465022723
0907516084
1550740482
0792268776
0716766132
0060168641
0195081994
0195095995
0195100956
0198519710
0226668061
0253331234
0387979352
0465015484
0465067840
047102984X
0471305030
0471569615
0531158241
0671465481
0671728415
0674950852
0679419233
0691011478
0691028877
0691072396
0743445031
0812831071
0852745133
0935702369
3540588019
0740709895
0441008240
0812575660
0449142442
0671783289
0817309012
076272269X
1852305509
0399519866
0962959111
0876053592
0748663258
0761529799
006039367X
0134589025
0205289924
0534353908
0716740885
1572240806
1555912699
0505519402
0736410848
0800707788
0534432778
0394735412
0394748514
0395928958
0471283908
0525455019
0618030107
0673524396
1555212972
0060011823
0061052752
0231110332
0345439430
0691025479
0735201331
0735201641
0743418425
0892815396
0892817879
1840460113
1840461152
1840461233
0070490287
067231018X
0761509550
0763705373
0789709619
0809461587
081181162X
0894713396
1551103036
1562058002
013585752X
0195211693
0201156989
0671253093
0671477447
0671766066
0764507303
0831769750
0877288755
0898154324
0961965002
1568651651
0375814647
0439562724
0439562732
0070479933
0201152967
037310782X
0439557070
0505519909
0789455978
0821757857
0935989943
082044250X
0312861648
0385187041
0441004571
0441057357
0553052438
0596003706
0596005075
0679426442
067975296X
0679752978
0716719193
0870441795
1932100075
0738203858
0787902667
006000570X
0345441508
0806703237
0446372102
0452267552
0684174952
0879515104
0072131365
0201357534
0805317481
1565925785
1567615287
0151004072
0671223569
1575211653
0515098213
037570700X
0672317230
0752553526
0764540297
0811840026
0385488211
0671545124
078212187X
0809249413
0520051092
0340658665
0898863635
0922233217
0674002733
0440509122
1582700389
1885223889
0862725550
0873647106
0873648676
0884197492
0689814097
0804118825
0590331760
0030209692
0071135642
0321013786
076455204X
0060196211
0764570080
080901520X
0933286481
1562056867
014029953X
0091697913
0737000473
0835607305
1578050472
0070112126
0070121974
0195138260
0534145329
0688094767
0716726041
0805318801
0805385355
0811829057
0878932445
0879758368
0891416900
1576106179
0735202168
0761130632
0874778964
0735605289
1584790008
0876059450
0691027641
0071368280
0897323823
0897324021
0060150556
0395957699
0878577475
0201416069
0028610881
0875966063
0881924989
0553486373
0312853378
073570869X
0553487604
0838934854
039331720X
0060224754
0806962518
087341800X
0671648497
0674356608
0806994525
0761508597
0743453573
1861976313
0715391879
0804834202
0802713904
1865086460
3426618354
1857584139
074324768X
1562477900
1578567475
1584857447
0898860792
0471915645
0130897930
020130998X
0762412119
1582380805
0525447644
0061056774
0671042718
0395711339
0553050672
0394856244
0307003116
0307136582
039914255x
0300002416
0752220357
9004106952
0292704038
0195130960
0292704062
002541870X
3822800740
0091779251
0091839378
0091839564
0091865158
0091874777
009187789X
0091882737
0099256126
0099288451
0099415240
0099416883
0099441594
0099503204
0099555514
009970630X
009974371X
0099772612
0130113299
013019946X
0139619216
0140022317
0140167773
0140271937
014062161X
0201896834
0224028367
0312892217
0316648051
0316648167
0316648582
0316857793
0316861634
0316906271
0321024087
0330105701
0330237829
0330264001
0330267639
0330301276
0330320025
0330413295
0333595394
0333779606
034012508X
0340499087
0340649305
0340672021
0340718285
0340733578
034076998X
0340825928
0349108145
0349114749
0349115001
0370307143
0375705457
0385496494
0385601883
0394845501
0395920663
0433398485
0439082439
0439136660
0439207304
043945073X
0440840104
0446924687
0450537374
0517025302
0517029618
0521453979
0525940631
053457078X
0550101063
0552148784
0552997021
0553176986
0553407821
0553541242
0553542834
0553812408
0553812653
0563384956
0563461217
0571084834
0571191479
0571218652
0590113194
0590129015
0590223569
0590317687
0590325426
0590412035
0590416405
0590481517
0590558463
0590711733
059304813X
0671896717
0676971288
0676973949
0679783741
0684851458
0694056251
0695458752
0696000415
0696003554
0709713754
0712668152
0712674993
0712678506
0716728419
0722527845
0731810570
0732277329
0733312349
0733602886
0733602924
0733609554
0739411462
0743205170
0743239199
0747234892
0747248087
0747268304
0747411506
0747553947
0747560595
0747562598
0749005262
0749316780
0749701374
0751304190
0751360007
0751525499
0751527378
0752814354
0752849417
0753504057
0753809168
076072850X
0760745692
0762188596
0770421377
0770427464
0770428525
0785311874
0789401762
0790003449
0809424037
0809448416
081296633X
0819310247
0834300761
083430080X
0842329072
0863189113
0872394069
0876668902
0878570705
0878577351
0894710737
0895773953
0895949091
0921912810
0929643063
0934640106
096516049X
0965256545
1552781305
1565921569
1568658559
1577552024
1581801653
1740510305
1840782072
1844080285
1857029798
1857234057
1857236645
1857238583
1857988132
1857988701
1860496989
1861591896
1863303359
1864489316
187568445X
189013287X
193070834X
5170042124
8171412149
8172234988
8401491177
8401492408
9500814005
