0380813815
0445085142
0517476460
0553802100
0827606478
0679725768
0679723005
0877423520
067142517X
1582614687
0670875791
0060391677
0192834681
076530158X
0590420356
0751510785
0385506708
1562051326
0590448501
0451452739
0060932406
0020136803
0439164567
0929661036
0679459626
0385475721
0020444648
0440418321
1877733113
067084943X
0380002078
074400098X
0142000396
0345423402
0452284597
0812522400
0324066716
0895941759
033035034X
1852308060
0609611046
0140238719
0345311485
0515130923
0345352467
0440417945
0812694333
0609808443
0060812516
0345428455
0425189864
0425184129
0312300387
0312420315
0385490992
020530902X
0486272702
0804901570
0006380921
0399151850
0425152499
0525945725
0590494414
1565048830
0767907566
0525945601
0740710028
0451205553
0590819143
0679420010
0670270814
0375701966
0192804472
055357227X
0060008032
0156007754
0375756140
0345433351
0830631380
0425176932
0688158129
0399142339
0198319789
0671519824
0805000852
0060532246
0393029611
0671612689
0393048470
0451166884
0440229383
0671741020
0713474904
0385324138
0525946438
0156027151
0590660543
0743435346
1401301231
0553228668
0451140281
0345347951
031230093X
0440220602
067187778X
0380713055
0380815575
0446606421
1558175636
0842332340
0399518231
0553576178
0671003518
0399151079
0553580035
0684842696
0590133497
0140087680
0813390400
0140316728
0451206681
1740591623
0743200233
0380973596
1571456988
0451211936
0140433880
0595216145
0345423291
0962197963
0571197639
0930330129
0394567846
1565070054
0060930721
1573922374
0345336291
0553572512
044023669X
0451522737
042517736X
0062501046
0812565959
0446677485
0451188616
063403541X
0201624672
0152015191
0345308484
051513239X
0684843927
0140442634
0142004030
0679904263
0802136303
0609809717
006447108X
0130819336
0394749774
0821742523
0553561049
0440339332
0345333810
0399142177
0786887176
0330349678
0761504966
0312956045
0152013415
1891620924
0451200012
0786864893
0385334036
0962770531
0452275059
0881064564
1592400361
0395493382
9681905849
044651764X
037550298X
0874060303
0064405028
1565922204
1556617275
0451410386
1573926841
053114058X
1884718051
0553580272
0425175421
1577484533
0451188020
0312872380
0310205719
0486278042
1570711429
0441000312
0833511009
0446600660
0811832414
0671705091
0130084662
0688066321
0517597977
0671746065
0425175545
0743449150
0140279474
0812217780
0880013273
076790673X
0446403903
0671011626
0953994244
0812566742
0385502761
0805063218
0451525027
1853260525
038705801X
0156439557
1853261874
0590436449
0746016646
0894809946
0345434811
0933149166
0446607657
0440226600
0836267451
0393315681
0671737546
0688037127
0515116750
0679311386
1552631419
0553256750
0451197410
0553262505
0312925581
0140245480
3314003161
0767915593
0864923651
0061083836
1555971148
1853264768
0743418344
0029344301
0385502907
055329461X
0807070602
1582970254
0553282611
0806513268
0515122564
1580083447
0440241006
0671527886
0590409174
0399142851
0425157180
0385192487
0345452577
0879516453
0486419266
0765301571
1567630766
1854790420
1570543208
0449223493
0670831379
0380795760
0142000744
0425179885
0938717413
0671879480
1561709336
0140443878
0345433262
0140255842
0345322231
0486268705
0141306939
0140047433
0451188462
0373078358
0373709315
0062508113
0345295684
0140622160
0871138085
044030637X
1565048199
1588720357
088396631X
0806511729
0439989698
0743454502
0060577487
0394539079
1890159018
1562450891
0684844400
0446356603
0312867875
0806966440
1586648713
1558747109
0804114153
0380702878
0060920084
0894718827
0449221121
0380558890
0671660942
0451408977
0060542306
0582327318
0743243102
0345441303
0553802240
039450691X
0399148752
0451458273
9723704242
0802136265
0553240765
0399147357
0821758942
0806641606
0553099612
0786003677
0310231205
0446307386
1565122992
0684832127
0886778220
0425193780
1864500891
0531041697
075283472X
0345423135
0195090446
0156006391
0933201656
0446527033
1566196256
0156528207
0590453653
051512608X
044922192X
0671019805
0140291814
0786832347
0609601121
0743230213
0553298178
0140071075
1900850486
0816714770
0439343917
0312983646
0425172260
0671002597
0887304184
1569751137
055357289X
0307119793
1591130808
0007119887
0821759450
0140296409
1891620088
0553270443
1551665522
0671029371
0060392452
0440840953
0020080956
0761503374
0517222477
0155058002
0679722971
0425146421
0394711270
0871131455
0679729917
0345315499
0451162072
0553574965
0444853367
0060199652
0962893862
1552633403
0224019147
031286325X
0440416639
0152273220
0786913886
0451211189
1570622280
0451410084
0091882087
0671877437
0070525862
0425192032
0060924802
0425130258
0882668927
0806935634
0373790260
1558746463
0441871402
0399146431
0062509543
0130891045
1575840979
0763601357
0553204742
0452265932
0743454529
0684717255
0440224829
0671534726
0394759923
076111937X
0061000299
0517706857
044661064X
1565122224
0446604089
0553287400
0385295901
0380811081
0140363807
0881037265
1580082718
014029645X
0312282990
0886777348
0679447741
039952584X
0671795937
0345440765
1550502697
0340672250
0373691084
0886776554
0399143904
0375760105
0312978855
0380808315
0060510234
044661162x
0375700129
0761125957
038078405X
0882665170
1555661874
0743404130
0345439007
0812575482
0062733710
0399150560
0689831188
006102063X
059043277X
0684867583
1889625035
0201791684
0446602450
0679736379
0440237424
0062732064
0671035959
048627053X
1578562503
1885173857
0375414576
0553281143
1862300690
0441469299
0312774842
0786880821
0198612583
1578203066
1569751374
0312168918
0374281807
0312962657
0743435826
0849914876
0446403695
0446358592
0142001848
0505524899
0517101858
0060174390
0446395110
093045250X
0892965711
0553348981
0786808284
039301956X
0553576011
0380710722
0672324229
0140621202
157324094X
0515124893
0810913763
1574322966
0393019624
0141012722
0786880708
0553202944
0399148639
088289126X
0060973684
0801852447
0684803860
0446356611
0843948272
0142002798
0849932998
014100178X
0553381571
0553801511
0345441265
0312966172
0805000321
031091843X
0060173025
0385308094
0843950803
0385511612
0688118224
0764519956
038000321X
0061044385
0688179088
0140366938
0553096834
0679779116
1552782662
0679426159
0060908548
0380803151
0590623745
0743407067
0140088911
0385265484
0449911721
067187702X
0192835882
0886773520
0930031067
0971942315
0833549537
0441132456
0425113973
0446532533
0517566540
0886774632
042511984X
0345389174
068480056X
0312858132
0590449036
0553560239
0130197289
0345447409
014044274X
0060175966
0786222743
0676902030
0304339393
0380977788
1855383446
0066214122
1565123565
0312968191
087542127X
0553576798
0842342702
0553580906
078688939X
0671786261
0525447105
0140707107
1903450063
0451190246
068982288X
0425174344
0806627158
0440226759
0886775035
186207464X
0192860925
0140193588
0812589505
0060812494
1582700621
0312873980
0449701573
0684718782
0340191694
1853267481
0451191692
0380013207
1885705026
0618191356
0452267455
0679413138
068815901X
0590488201
0375412530
044921978X
0375501290
0684802899
0394757548
089529768X
039914255X
0880384557
1873176031
0679456996
0743225325
0451151178
0609606131
0671531409
0312981260
0345447980
1860193366
1564588521
0486257789
9802571652
0870119265
0684864339
0670846503
0446671002
0671520474
0609809547
0671433881
0156711427
0618129081
0192719025
0425193993
068480137X
0590978039
0893753475
0415907411
0425102416
0140232370
0380729792
1573221260
0380724332
0440237068
0910251355
0345428501
0684838923
0132997363
0312280718
0061000019
014130538X
0373285000
0394845714
0553211684
1852422114
0735712506
0553212664
0140317163
1575212706
0140176616
0380978938
0345434684
0394759877
0061031690
0316733741
0380804514
0440223784
1558501371
0590462229
1400047579
0786808411
1551669595
038044156X
0805047905
1853262552
0743243315
0915556278
0880387297
0061097225
0060520507
0439376106
0060959541
0743444469
0810913712
0812920600
0590481258
0380731185
0943233623
0553578316
0679456945
0449219550
0552999954
0451457439
0375706771
0446605387
0441010156
0373250460
0151707553
0553560727
0140431314
075064575X
0684815907
068480154X
0802812201
0440215730
0738200301
0399146504
0696015129
0671870831
0553208845
0886451884
0394424638
1571103171
055357549X
0394415256
0822515911
0671035630
1854091883
1559581719
0312867573
0786812087
0884861244
0590406191
0140276904
0590602284
0380976366
0395926866
0806643676
0671038869
0192815326
0671024345
0345260716
0394534816
0142000663
0151001006
0394573293
0609610031
0373709242
0876120796
0140239820
0399143165
0312960999
0679742174
0596002920
0375507124
0671799657
0582541581
1577193563
0879239158
0525947612
0670892084
0671042629
0060198303
0060083948
0740718398
0831705183
0140296476
044022473X
019860131X
0142300497
0812541642
006440370X
0425177068
034528349X
1565922662
0679731377
159182317X
0440503744
0451199537
0226669548
0312152841
0071387390
0451408950
0060953217
0671537458
0224048376
0688171060
0865475776
0020768702
0440508835
0385491042
1575400324
1899866248
031225251X
0553574663
0440212723
0192803735
0425192083
0399141464
0521447712
0515132268
0385498721
0679753117
074340341X
0671707639
0385494238
0395883245
0376024798
0060194790
0764502050
0373217358
0767904974
1565121023
0345376595
0671896946
0425192725
0140328734
0684810263
0842329242
0971394202
0140148795
0934793476
0743220633
0152099913
0671674463
0099744112
0440404851
0912333308
0393048136
0702232769
0590120069
0307740064
0156332256
0439043638
0764500546
0671532642
0452276543
0789305070
0345350480
0684869497
0603550282
0345412087
0805043934
0515125628
0792269357
0812540336
0140444173
0449902927
0316781142
0452009863
0440224438
088908890X
0590693301
0471124745
0394545370
0671036548
1853260614
0892966831
0767904893
0262680939
1885223897
0871293277
014037468X
0312872402
0345348656
0440228921
0312289189
0375726632
1551666839
0345284259
0060520868
0515122270
0440226147
0130962147
055310053X
0671026968
0380753456
1573229571
0380786044
0761532463
0060809868
0060963271
0679732764
0671213997
0684846349
0786417404
0849917034
031227307X
059043652X
037322690X
0312420021
0738507660
0373484453
0440413133
0671695142
077109972X
0590029657
0802130852
0375403582
0747275483
0849934184
0440503310
042511094X
0380732238
0375502238
0820316520
0531059316
0060930942
0752208195
0451197836
0671885332
0399141308
0853301239
0671525808
0425158993
1563431343
0849943019
0761520295
0139498435
1883523311
0753806738
0822322641
0441317502
0671008161
0688082742
0060513608
0373483694
0440146577
0688160999
0446611859
0743435419
0817437126
0451210980
0812515595
0310200970
0060175605
0380802163
0380788411
0140148590
1565122232
0811208214
0765301075
0553347756
0789306808
0345300378
1558581790
0812507436
0394484479
1582430543
0141180641
0385044011
0679723277
0439073723
0394402294
0810934957
0451524667
0679762698
006447111x
0345319656
0892966432
0671890077
0679429948
0689859376
0399150706
1564026590
0440234697
0380709562
0140441719
0380002558
048623911X
0935028706
076455168X
1556591985
055356918X
0345336062
0316693316
1551660717
0061031321
0385334931
0671027638
0452279186
0552145807
0312968205
0316608491
0590426931
0826412769
0786864400
0449203794
094113086X
0679739785
0434287474
0312301995
0747245614
0679889469
0590397761
157036057X
0345423828
0590246216
1552096165
002411510X
0879389257
0679775439
0786860855
0789403374
0553260456
0812566688
0262560038
0312969007
0425107469
0930031636
0440225108
0689711522
0521425069
0962870056
0061050946
0786884649
0743470346
0782129447
0609807552
0782128270
087351288X
0914171453
0590877607
1573226882
0688157661
0802134483
0525940111
0684837226
037326481X
0609609874
038548948X
0316344095
0812575717
8401423031
0765342618
059041089X
0380729342
0671578103
044023722X
0722540299
0312154895
0399149457
0449219232
0399151478
0446392227
0691019681
0940625997
0684852624
0553241702
1570623953
0812520475
0061003719
1573458201
1551666650
0020306652
1590580168
0312273207
0316779059
0060198184
0822549506
068803196X
0020199600
013624842X
0880014989
0679454489
0671670913
0451199936
0140621458
055358135X
0671551337
0520227263
1551668459
0399148523
0345368622
0862032393
0446359688
0671776509
0375750223
0743237196
0445205164
0876850867
0440466334
080062646X
0345410017
0778320103
0553561278
0486290360
0521633982
0385418493
0764535617
1567616089
0786868716
0395911524
0671416162
1592400388
0385327935
0892966505
0312283423
0553565613
0441167306
0140133038
0743453247
0395636264
0345362683
1578400651
0385323638
0061001058
1852424087
0465069908
0811213668
0061040282
0670869902
0553354116
0061053538
0312862091
0773758313
089587198X
0345252888
0786013109
0671795783
0890090572
0553273914
0060520469
0452284406
0843941502
0743219600
0865714088
0870446878
0684846942
0375413634
0441569595
0201703319
0373033273
0425100626
0787609390
0895775832
0671646575
0440228654
068481594X
0078824710
0446514594
0399126503
1576751996
0848801512
0399150617
0380732009
0139482091
0425173569
0394490185
0345316754
0821749633
0449224775
1558743413
0345324498
038542017X
0345433319
0872204960
0786711191
0553377884
0754020010
0060277475
0553251473
0879839295
0934601445
0866119566
0782119565
0440226406
081615970X
0380800586
0590226517
0452275873
0553299506
0590456601
0131131230
0452279100
0553582763
0340803258
0395644976
0312104235
0316735027
1551663023
0679752552
0452284368
0385486731
0743236157
0399134360
1572241934
0812570782
0679431403
1567187242
0345418794
0679734503
0060959886
0151004161
0441359175
0373123221
0316781010
0811826066
0425174255
0679772669
0812509242
0425184943
0441483127
0800871863
067179356X
0061020672
0595095380
0060995106
0804119368
1558217401
0198641583
1857038312
0937958042
0449909557
038082020X
0824510275
0898798329
1570711720
0553240722
1576580059
0553277464
0060194979
0785372083
0439524733
0595125379
0671032933
0136031277
006097205X
0688022715
0007110928
0553269631
039450898X
0446527041
0060002492
0451209087
0316287555
0886776589
0440121353
0064441091
0866366911
0671522647
067082982X
0028618904
0679753796
0812550358
043904362X
1576108813
0451458397
0671545256
0060199326
0836269640
0440800498
0375506039
0425154882
0671634984
1563671077
0062502727
0192833863
0590483528
0723237840
0789458780
0395877563
0743446259
0030000726
0425134008
0380703882
0671869051
0027594556
0345457951
1564144860
000654861X
0425192903
1841953725
0373762615
0671693816
006103066X
014026289X
0151836000
0425173895
1558743324
0679724257
059033557X
0231107269
0517702967
0312080743
0924486953
0787112623
0345452003
0743410033
059045367X
0449235998
0060808276
0131123114
0385420536
0670865796
0425178846
0679750185
0505524937
041519749X
0886777941
044651747X
0812551575
0806520310
0345326008
0151731527
0671722654
0609804618
0451168178
039913039X
0140049975
0590397575
0312699719
0883657147
0671558226
0671041789
0060972254
1557831793
1577941640
0553273051
0807115258
0812564936
0830619380
0553292994
094800651X
0393050009
0440330076
0671502476
006052362X
0760704236
0425135721
0451205022
0486223086
0872202976
0380728249
0425185508
020163354X
0440206146
0451457994
0385416342
0449225046
0440407044
1880032074
0141007338
0789429640
0671014153
0380708892
0060391480
0786888067
0312958129
0312206682
0140157352
0449214176
0061053473
1573226521
0590436422
1577484495
0156000946
0671496662
0696211823
0553213997
0140442332
0345440056
0849917069
0028646851
0871138611
0345428722
0440215900
044652560X
0963584138
0891041338
0440539811
019282645X
0789202816
0684195976
0886290392
1888809027
0553580078
0671001795
1572241101
0525943730
0893753467
1558744290
0395584159
055314717X
0441651690
0806124733
0380977028
0891690190
0140440887
0440502675
0373218419
0553118358
0882669273
0689713878
0312028784
0679722637
1892065428
9057020661
0802130348
052594527X
0425147517
0385316860
0670807591
0517883015
077042757X
0803717377
0684803771
067178496X
0062736485
0061091987
0312017979
0671795988
0671733583
0849942942
0743253973
0310405009
0966724674
1577312023
0672309785
014131138X
0061057649
1561706361
0312119305
0156260255
0679770798
0413537900
1570671044
0553287346
0425164772
1585420271
0688172172
0590407600
0486602559
0689704208
0671867156
044166251X
0679436146
0425182177
0440117437
0340370246
1853673110
155832061X
0553228897
0385313012
0804112754
0571151795
091721403X
0142300675
0140049134
0758202555
0201577186
0380726653
0586046518
0380717972
0385720114
0681626836
039914210X
0805051759
006093395X
0345372433
0312863268
0440236789
0819154946
0563555475
1573241717
0452279259
0140072691
0061014095
0671577700
0671872702
0786004916
0020442300
0394515315
0425153002
0061091960
0345331389
1886371156
0711222827
0140390448
0609807749
0743227263
1855857383
0515101222
0761511245
0312064659
0871136791
0689819781
0441003389
0061065730
0399529160
0671720996
0385263260
0449206513
0875962572
0786013222
0786869011
0764225286
0395585686
0345348036
0312263821
0140128514
0465027407
0195144082
0026035316
184046237X
0312975147
0345308816
0452280745
0743428625
0812930371
0671692496
0345358619
0060165979
0310242487
185283899X
0156011166
0713476095
0099750813
0671014765
0899199690
0061099570
0590444530
0670031356
0816634963
0679889361
0671620991
0130845000
1573222267
1561381446
0452265053
0743203631
0385319037
0679438084
0553277529
0440169267
0590447378
1551668602
0333638069
0521425042
0671876880
0312907540
0312850530
0925279730
080505507X
0762401974
075281737X
0671620835
0671643991
0060086246
0156004801
0876666438
0312970307
8495501643
0515131679
0140376410
0385247745
0773733078
0505519690
0874779375
0515136379
0446342688
0373710062
1551668556
0671657151
0385508409
0060652802
1559120177
0875421849
0743453972
0374266395
0425173615
0964156849
0441001947
0671673653
0843950471
0399150838
0743206045
0784707995
0345430808
0399550003
0373240007
0312261357
0517595028
1840222085
0472060953
0394800303
0679723412
0805059490
0312285140
0345359321
0684808730
1582431302
1860491022
0670873616
0451453700
0877734526
0060160012
0452274109
1561840513
0553266462
006103097X
0552998486
0886779154
0674463676
1400060222
0671701355
1893956385
0812574680
0070050767
0806523794
1559211407
0385722435
0751525596
0505520265
0425183343
0345334310
0670871753
0701135832
1551667533
0964271206
1567186106
0395390389
0449221490
0804114323
1852305738
0517571145
0451410157
0553575953
0425155943
0671517422
0940322196
0877930406
0345355105
0800870220
0425120015
0836217691
1562828029
0451153553
0345373529
0553583190
1562055925
1740595904
1857993284
0671021257
0743436466
068816112X
0152008799
055329315X
0446527467
0743457358
081673366X
0688175694
0679783571
0670843342
1572243554
0451191137
0312144075
0972208607
067165716X
0375713662
0345440919
0345425480
0618065644
0201633612
0486264564
0380703130
044021971X
0380733196
0553286293
0671003755
0812579569
140003180X
0679404856
0671037293
0451628047
087685479X
0671720325
0440208513
0889627657
076455137X
0445409010
0440184053
0671026305
0684837242
0609605461
0875848656
0345390938
1400040442
0064407675
0813123186
1562920960
0451451899
0425188337
0732264782
0060225130
0060009462
0385316917
0525443959
0525323155
037540256X
0061053589
0441003729
0942237773
0879979070
1573227358
190113072X
0446671606
0471543640
0688134475
0517243504
0451203933
0671726099
0486270718
0743230493
0060912790
0345440196
0679446400
0944475299
1563524732
1567998453
0802138152
1582342644
0609606808
0553278746
044631093X
0609801406
0816740771
0895296314
0140430962
0446517895
0425173909
0525939105
0486280241
0843114606
1577348532
0060172142
0553263153
0670887242
0345295250
0679412476
0486206912
0380714752
1573241377
0671799649
0684196395
0060617519
0440141168
1559706341
0062553895
0394744098
0786603291
1559701943
0140346414
0688163513
0194216748
0060955090
0440205182
0609608533
055321277X
0836220609
0449223833
0380798611
0385337639
0394571932
038549503X
0224051261
0449911500
0307303101
1565123379
0595007309
0440202507
0879759712
0670808423
0142003239
0440123925
0743216016
0425189031
0345435249
0130273635
0451192125
0688128734
1591164354
0091839254
042510687X
0140081135
0380717018
0385323069
1550541129
0441005055
1576732762
044652087X
0968459501
0486202410
1561380377
0960695400
0425068080
0449003981
1577658000
0316666009
0140117350
0688174590
0895771845
188886902X
0064402967
0590762567
0395207290
0761535810
0439251877
1854797549
0140178244
1573225053
0060977035
0446611212
0917006011
0375421319
0553212583
0553578251
0451163966
1400075254
0471109304
0471381802
0345359828
0399149392
0786811803
0449000265
0553578855
1400042070
0060190531
0747262098
0689308493
0971331871
0451144341
1853980145
0878770666
0679803475
0760700362
0373033230
1579121470
044661033X
0140366687
0671795899
0563362499
1565074033
0590997300
081603351X
0465021433
0345354249
0553108204
0590762575
0060915188
1583224912
0671017225
067177056X
0425147754
0385242719
0380977281
1892049260
0520219376
0374524750
0609604074
044041833X
0836218779
0807843946
0452285011
0596002270
0380807947
0375726187
0553258915
0312969937
059520628X
0805066322
0618340726
0062732455
0373227078
0553252828
0642541493
0451208811
0060595183
0896218171
0425178927
0060391022
0446513067
1586604791
0201615622
0807516287
076790575X
0671741195
0440416612
0394577671
1861003986
0805424806
0830813241
0060199660
0889223025
0425183238
080650997X
0385509529
0553573136
0385311575
0345422589
0684850397
0931432146
0064405044
0446600989
0451456890
0440215757
074342297X
1400049628
0767904613
0373871791
1565921496
051513290X
0671047612
0060505931
0451206460
0446613843
1558532609
0060281375
0747256063
0451186923
0304705349
0451160452
0671885618
0375400117
0425179648
0684831139
0192811649
1555218067
0439148049
0394711513
0385503180
0802138845
0812571290
0060915153
0030137462
0143018213
0789484250
1888054069
0451161351
1878424319
0060974060
0140085300
1574551108
0762403012
0207154317
0345350804
0671864858
0553577301
0399140069
1573440450
0619016256
0891073701
0702021512
0312421850
0375504729
0385313136
0310701295
0842320393
0688171664
0826317936
1565070771
0446525502
0811837750
0805210040
0375758771
0671623249
0879234318
0806628499
0062515845
0743482565
0380817683
0889612102
0553802976
0880290390
0465000800
006109207X
1561703095
0553569619
0064472922
0345361431
1879326035
0875961231
0449906248
0373243790
0316693642
0851705448
0312953429
0340598816
0425172546
0307021106
0743464451
1562822330
0761131787
0345433017
0451202503
0452278120
0446526339
0553586122
1561706671
0688178928
0764551620
0553347403
0440506034
0316893609
0426199677
1885670001
0743435923
0778320359
0786705531
0374177023
0441533825
0743249291
0156005859
0671035347
0525940987
0689866232
0061073555
0060097914
0312272340
0765340771
046508138X
0553380176
0804118809
0060093161
0836220986
0345381645
0373711026
0688152449
0440221099
042518188X
0440400023
0446530727
0440212561
1582430659
0140390340
0804115486
0140482091
1552091554
0451201922
0671698648
0140264450
0764301322
0307131181
0862760461
019281740X
009179319X
0394529448
0385495439
0312241224
0385239068
0679728899
0590407651
0812534972
0131125486
0874779464
0440221102
0764534955
0895779757
0446520942
0140322051
0151002231
0670856495
000651202X
0812928407
1582460507
0671731815
0345342445
0752592289
0874778107
067972026X
0385504470
0152023984
0316493473
0684854643
055358037X
0883681056
0881848697
0679405283
0345435753
0312986289
0670031208
0563384875
1564580288
156179547X
0609801473
0140178732
186011864X
0380005166
0671793233
0140293442
0446530166
0345413873
0671882678
0671749099
0376038608
0671817205
0060542799
0174436157
0451526554
0767903277
0590226533
0590118560
1555972608
0786865660
0967560500
0385133685
0671774778
0802079520
0140365990
0440415632
1840460598
0071383263
0553572997
0425173747
0877286671
0451204743
0670825379
015507475X
0394973313
0446608815
0373218451
1568303920
0812035712
0471402273
0440178002
0201096676
0764539116
1400031575
0751310158
044100850X
0571166997
0130952494
0061080039
0446302538
0440475198
037541181X
0380973871
0399148469
0590057693
0883965135
0061012467
0590470051
0380782332
0373218192
0451408020
0916489906
0553584707
0425169871
0060959037
0440404193
0879734159
0395547032
0553256785
0374522596
1881274012
0316955124
0875961517
0373710992
0671780689
0849938678
051512723X
0425181626
0517882019
0671535951
1853260495
0310203961
0864424566
0451628497
0767902041
0130206016
034541215X
0345438019
0688100228
0452264464
0425161242
0816749159
0312980663
0425196550
0345423429
0842358021
0440236061
0345456939
0451199685
1928782140
0761967591
0735712026
1576831108
0812590554
0316442178
0140058362
082122056X
1563523892
0140443002
0809224755
0786705922
1857029402
0385730713
0446610429
0525943625
0451186362
0399141227
157912061X
0880384514
1552782964
1551668378
0140174664
014051192X
0525946233
0812931912
0140187375
0385424728
0898310032
0373835396
0060929987
1582700230
0060013117
0963625586
0517422840
0224045814
0671777351
0671047337
0312971842
084311908X
0670856045
0684801221
0874778131
067521162X
0500976147
0821737120
0671520032
0061030244
0312263120
0440901839
0812551206
0441002536
0967251486
0671467352
0316076872
1903207495
0671568752
0440498058
0440910099
0449242706
1565275950
0670031763
0826412963
0684871521
0671785818
0140366962
0345438183
0446611379
0743437136
0517203995
0806996730
0020442009
0739405640
0804116962
037371162X
0446362778
0451524780
0316845221
8484504794
1566868521
0373250517
0425067866
0375751505
0753801558
0688029728
0486415872
0684844850
0449206211
1576736016
0399139621
0066211085
0590021176
0373115539
0312311338
068485449X
0340780118
0399149775
0875962017
037570387X
0060930845
0425190730
0399135782
0486266885
0140430164
0345257189
0345335996
0553801279
060960807X
080504695X
0393312089
038533611X
0764222147
0061056294
0375501282
0446611085
0822956608
0821773704
0836221192
1852306203
038072880X
0684869020
0449211843
034540727X
055326382X
0446692514
0439179807
0553078925
0440236975
0441858767
038070613X
0312926456
0316955019
0399149708
0880117834
0804111634
0374528497
0679446745
1556612273
0439163099
0670030864
9724119378
0375508562
0316473049
0553347179
9971692724
0836204387
076455039X
0515124214
0465001769
0553563033
0312266324
0590494244
0439104645
0679435832
0449221512
0691026726
0743212002
0517149257
1582341036
0671878719
0679416463
0465029906
0345289145
0761121323
0664257550
0517209489
0803231482
0894805002
0684871467
0345367650
0425175367
0679743340
0380432811
0452283337
0871088169
0345315251
1883647029
0553261258
0142001724
0446359866
0671874535
0670818577
0801845130
1559725265
0425182010
0553584375
0312289197
0312965338
0525934960
0375828192
0439548802
0802116396
0812932188
0330332805
0395500753
1580622240
0743205677
0060198346
0395578213
0380789663
155166920X
0345465083
0449907945
0312150946
0312983433
1567311806
0310312302
0375712925
0060924659
0374100128
0192829246
0375409440
0451192990
0553277324
1572972343
1573225665
1567510604
0312019009
1551669218
0553255193
0517549565
0375504613
0590447602
0425170268
0631221204
0440455332
0939251906
080501246X
0688174574
0876856563
1857543238
0886192196
0688157475
0345392477
0380728729
0201567792
0345416430
1569314950
192855623X
0340148799
0312962118
0345453409
0385495358
0883681544
0671709607
0671742515
0380752891
0609609017
044900211X
0425171116
0451180208
0140186409
0312875681
0670835897
0453005659
0966528166
0061092177
1888306149
1890208760
0425182150
0471614831
0373835248
1400032725
0140115773
1885203837
0679435824
0446522570
034543076X
0399132759
0877739986
0441007155
0553482300
0316969443
1857997336
1887166009
0439139287
1860920330
0030211212
0786889373
055321148X
0066620864
0688126596
0805042180
0425083837
0471298646
0394502949
0886779758
0440507723
0684872870
0803703724
0375701907
0399208534
0965301206
044922032X
0345440633
0373217242
0380807068
038078355X
038097827X
0375421238
0060545739
034541005X
0399142282
059048351X
0312050631
0316142603
074345300X
1565924010
0671509241
0452282152
0345413369
0345426649
0380802201
0425179621
0515112089
0679725423
0140622829
061803580X
0425105334
1593270003
1591020484
0395657806
0451406095
0141309814
0771042078
0671617044
0316107352
0590436287
0451525078
0688045898
0671014196
0553580930
0192827111
0130333514
0394850866
0316734500
0395522463
0312853238
0440223601
0802136621
0446607258
0802843204
0743202384
0140437932
1573225517
0689828187
0582207355
0886774306
1551666766
0609803697
0684842106
0312929994
0393057658
0451162218
039305151X
0066209722
0899549594
0679733787
0375413901
0070427798
0812969812
037383599X
157061377X
0671019929
0679751203
0451167848
0394502787
0385170521
0671737775
0201741725
0679738568
1577487273
1566091888
156718295X
0140283315
0753403374
0812589041
044024126X
0586054472
0452280702
0743406427
0062586386
0394923952
1889540994
039914496X
0425197395
0767903862
0679735259
0385495315
0385324057
0312307640
0345323173
0310702984
0451187903
0553289411
0226458083
0312194722
0385495641
0821771108
0843948663
188691026X
0133209121
031224262X
0805011668
0679721827
0863161723
0375725806
1555837697
0887307876
0394805720
0553378260
0375410627
0553298038
0764552287
0192834142
0590447319
0689800843
1590030044
0812551516
0345305493
1568361467
156931778X
0373291108
0743211456
0345366638
0028642651
0670849324
0140621407
0767904516
1856190161
0670857831
0380723565
0881844381
0060969083
0140256334
0679744959
0679759263
0340857382
0440153166
0876056664
051513306X
0671003356
0446676101
1887317090
0380802600
0553270931
044023767X
0394740181
0688163033
0375759239
0440205573
031242227X
0374158517
0722526997
0826403301
0312990456
0553212184
0821774042
0590996835
0679768173
0060186526
1558321055
0373790724
0679463046
0345308336
0764553887
0446607053
0821744976
0425172562
0316666432
0671795880
1877741094
0439988330
1889392081
0373273231
0553561723
1562054082
0373076673
0345248228
0671606867
0505523809
1580171281
0590494503
0394734947
0440114756
0375421440
1583484566
0373259352
014039012X
0486275639
039485151X
1577349911
0373094515
0140441409
0871138549
0553212281
1562827960
039914675X
0140252622
0762413123
0590402331
1878995049
0446613053
0689841981
0425186865
0061084050
1566195357
0449208281
0425180964
0884042901
0312966806
044990699X
0345382293
0300076339
0684860295
0060977728
0060174110
0842329218
0449904067
0758204302
0688041086
051510566X
0806962585
0671730606
0679445897
0805012478
0609801414
0399147853
0451201507
0395869463
0140096493
1853260827
0140433112
0312982526
0679445226
093601511X
0395330688
0439211816
034544907X
0517577402
087113912X
0156010828
0425188809
0425168964
0812563190
0515134422
0142301485
0679033416
9812321764
0375421068
0534528252
0800718372
019281544X
0553583980
0380603438
0062512676
0752843370
0441006256
0385489587
0201360667
0451454189
0439129117
0747541604
0373872089
0152050175
0312857004
0893012505
0312265859
0515130044
0452273838
0691083886
0345371984
0894861611
0521385903
0802136877
0810944642
0679416900
0399131299
0517594757
0756401534
0804102988
0465057667
0765344947
1578630053
0786013567
0671441981
0671028138
042509670X
0446526924
1853264857
0380973324
044100007X
0810926237
0375726322
055356451X
0394555090
1568840500
006097415X
0140390839
0312925883
0028631692
1567993958
0449202720
0435905252
0671039741
0060512822
0312192428
1879678012
1566190274
0425152022
0140189645
0345307674
0375502947
0451523377
0816727953
0380717573
0849934176
0312150423
0553561227
0312874405
0671038230
0385006322
0316788228
067942573X
0312246498
034082607X
006057559X
1555834310
055337396X
0812510127
015601159X
0517584050
034531199X
0373484879
0449211681
1591823188
0812564952
0758203381
0345418980
0743480716
006039241X
1580625517
0140239707
0806918756
0520058852
0679428895
0449000621
0595233546
0553076256
0394731239
055010075X
0452261457
1573223344
0785319190
0883964201
0449213757
0449143368
0898156335
0385240406
0671456695
156305339X
0156966107
0395779278
0553285378
1576831027
0743451538
0440484839
0553569406
0684833727
0805060286
034542252X
0399138250
0684853612
0871136031
0786012838
0312877404
0312143060
0449001946
0060725648
0380718340
0060188731
0671520466
0486232174
006105206X
0553297422
088730866X
0156003309
0743448545
1576738922
0440400422
0515131083
0140700854
0029256208
0618039694
0312967306
0553202294
067003231X
1562513303
1580050662
0312979819
0375755195
0307119424
0876043554
0375401601
156619315X
0312965680
0553275720
0515127485
0786889187
0804118914
0446517445
0312966970
1559210338
1568842228
0786840684
0373076312
0449202917
0451518845
1557831572
8466301240
0446400165
0877799008
0822521296
0812097726
0679772642
0373226772
0201924889
0671665499
0061020702
044023655X
0877283486
0618162216
1579213405
0451160525
0743223926
0451170865
0312018959
0440215064
088780134X
0345386825
0399144331
0731616235
0425158616
0671039873
0373033176
0330300326
0747258988
0670272663
0070527113
0851157394
0394507614
0931580978
0679409874
0735202168
0070117799
0671520482
1564767868
0380719355
0871568551
0836218620
0805008950
0801433991
0896216772
0312205503
0965510999
0809228726
0340592826
081603494X
0061092037
0060193093
0312986319
0671009451
0380710277
038542034X
0821221817
0553099957
0971004218
0963270702
159285107X
1551664151
156838789X
0345435648
0380819201
0824512170
0385318375
0553277839
0553152858
1551668157
0517886537
0515090174
0131286293
0156006219
0898793033
0312870582
1878867784
0553299611
0440143179
0380794470
0671625829
0451452860
0786817089
0441646611
0590762672
0743418301
0671746324
1887178740
0451157974
0684846713
0553281089
0312144482
0767900421
0312930364
0805036261
0316097500
0486277828
0451526538
0671039407
0743229878
0553286587
1860111025
0345404475
0743403428
0393970132
0151315108
0394712447
0140252800
0060735457
067102535X
0590134620
0821770195
0345345053
0028621239
0385512104
0679448594
051718608X
0380789019
0679450513
0786927046
0805039759
0740704532
0140552936
0451409183
0805058362
067960166X
0671551310
0881841242
0140309586
0385483457
031298524X
0743422910
0836246047
0440114764
0802150306
0140445587
0312950489
0449907457
0373709994
0300095325
0671878670
0060516283
0688178057
0060234970
0684801523
0671880314
0156106809
0747255504
055309128X
0688175716
0671724541
1400060923
0399137467
1565926218
185242611X
0752838199
0865163529
185868871X
0061007226
0702228230
0590997289
0671730177
0451408578
0060005726
0451202406
156458187X
0151001510
0553568027
0812571460
1401200893
0767900936
0440211158
1573229350
0764545256
0330376209
0684867184
0553235354
0448411423
0316966207
0425181928
0440509122
0446527858
0954290100
0060508205
0380818809
0684824280
0671676318
0345441753
1580171990
0679419608
0380973820
0743418387
0394729390
1568658079
0140291865
0671244248
0385415672
1573222283
0679450548
0312976909
0843932430
0345427653
0808002406
0307020673
014017737X
0806962518
0395798671
0806994010
037570910X
0749732687
0440416892
0553580418
0688058914
0679805273
0062740105
0440235464
033037401X
1551665026
0385336314
0451205421
0380757311
0786866594
0061008761
0140162054
0618001905
015201800X
1563892189
0689825587
0805043020
0385482442
0590446479
0345353625
0345369947
0671729896
0140075623
0142000205
0830704159
0671028200
0757300146
0553284789
0142000027
0684844001
0609801279
0451521692
0441676308
0333901916
034540047X
0345313860
048627845X
0679731210
0345434498
0060974990
0195146891
0679727175
0380767635
0373292341
0911469192
0671474707
051511698X
1853260053
0156079003
039305201X
0140107401
0805067205
0812536444
0679777547
0446524573
0671507036
0312858116
0531024377
1569318549
0881845531
0321130073
0553096605
0312171838
0440221064
0670033332
0300000855
0590466194
0440207770
0451193261
0836220625
0020641400
1400030773
045120865X
0671701045
0767903595
0136116825
0895870649
038072751X
1558539395
0385247796
0553342533
0451402626
0312997205
0940208164
0735710902
0446608122
0130614661
0903505584
0553239163
0571169341
0553574736
0440225698
0441000185
0380708906
0385503954
0553212478
0671038443
0812035844
0425104257
0312275633
0807115746
0380730456
0767904664
0452281202
0553575457
0782126472
1570823855
0140620125
0300074344
0345368746
038531387X
0345452909
1858683157
0752853694
0802117783
0802713734
0671653504
0020442602
0671436090
0312058667
0446609943
0743435559
0140109072
032418820X
0505524724
0743203232
0684849739
0312978367
0380815354
0380708744
0786863900
0849943728
0800629701
0140025324
0312421265
0345458281
0844234958
0312967403
0771099975
0029234905
0782140181
0375411550
0940462265
0812907248
157131010X
0380788683
0671775421
0471352284
0312971281
0785109439
0752809431
051757098X
1568581939
0373037880
0195151747
0307988732
077109969X
0375703055
0671000721
0451404319
038547136X
0060084405
0964346036
039395501X
0399145761
0345433025
158234146X
0451191706
0060513640
0670030910
0440514428
0671025627
0525230211
0805006796
0486224309
0330328352
1885478968
0451458036
0671000853
0380726823
0393030342
1566198216
0316034401
0939810026
0375700757
0875885594
082172472X
0394584929
0099771519
0451164210
0553251503
1583485821
0374103828
0226469360
0425077047
0380818523
0142002194
0375501347
1572242132
1571312471
0312858787
0743222245
0345406516
0671537830
0590568795
0786863625
0061092614
0312955928
0618249060
0671724177
0609808095
0425155722
0571203671
0425177424
0399150218
1565847032
193212800X
1555613411
0312858736
0743259904
0517577275
0192825232
0441225691
0812564944
1555610889
0553282182
0821748289
0812504690
0671026267
0517661233
006016249X
0441735762
1841954748
0670891576
0870408887
0140131612
0385267134
0812531590
1579542417
0201432935
038549730X
0440183669
0873586875
0440207452
0425148637
1558530185
0812551966
0440414202
031228263X
0671670417
0192833693
0671027026
0553282476
0684813637
0345330706
0375751440
0394510844
096559016X
068983862X
0312924585
0448095564
0330491482
0670806773
0757300227
0446404594
1569871175
0375415475
0441056369
0060933267
0020225601
0312854315
0140157875
1860497942
0752300032
0385247923
0140237399
0385336306
0375758984
0440405491
0425124347
0425101673
0425145794
0743490304
0671452177
0743212576
1573222518
0440508827
0375702202
0553582208
0684843420
0312851456
0345309715
0898861098
0393001555
0375414347
0553272225
067972723X
0590557068
0312970285
1568302894
0061097624
0385172419
0836220730
0345451295
0590265873
0340786299
0671722069
0937295132
067943853X
0671708376
082176523X
0395731003
0373709374
0373250126
0060152583
0399144412
0373441614
0515127396
0393045714
156971455X
1565120035
0449211126
0385315287
1551113678
0451524071
0671028375
0316381950
0609608444
0451526813
0140432132
0486284824
0785268839
0345455118
0385324170
0312979584
0425148297
0679423001
1565922433
0765300176
1573240419
0688172849
0352338512
0425052028
0671017586
1551666901
0316789089
0932379958
0439319471
0896085112
0684813726
0590459562
0374512647
0743406176
0142437255
0062504363
0345346297
0425177351
0670869406
0465013708
1901680029
0385037244
0385502931
0449222276
0446674826
0671319639
0345419014
039304629X
0452282586
055308576X
0553213539
0385336322
1576107124
0916890686
1558502602
0399143769
0440235480
0385468695
0553256653
055356174X
0140620222
0140006680
0887292860
0385189524
019541120X
087773531X
0836228995
0515067318
0471873241
0892838329
0805211063
0679740538
0778320383
1580624553
074320011X
0671655868
0374185859
0062050982
0141439513
0452264790
0425163407
0020518803
0425179559
0590884921
038073186X
0842332286
0679753834
0679744479
0312148240
0962998427
0812550145
0515090395
0310235316
0380777606
0395364051
0345389417
0517171988
0030096189
0201484048
0865476519
0712678212
1896951007
157731459X
006093817X
0679000208
0151005958
0061056871
0425097773
0156658992
1551669072
0684832291
0715393677
0943403588
0807068195
0684830272
0767908171
1857038444
0684174685
0515094978
0892819804
0451527712
0812564618
0399143696
002860928X
0380790920
0743262174
0898231795
0895779234
1555834930
0156013053
0836218515
0029023807
0380002450
1562827588
0790116049
0446673587
0805066411
0486202658
0670810223
0848719042
0679454748
0886774012
0553295608
1400034639
1876451092
0671042858
0345347544
1551668270
0743482530
067102731X
0553256971
0918949246
0618134247
1585742082
0142003476
0330330276
0440405823
0671759205
0440412919
0060168641
0449911543
0743448677
0425194493
0451164695
0440200563
0671527215
0805038302
0670894532
0449287688
044653126X
0452282284
3426618354
184018129X
1589196635
0671872001
0590566466
1556701535
0874776929
0786889462
0312979096
0312890281
0671794507
0312966776
0380732149
0684844818
0140296085
0028615042
0688046185
1400041767
0316031054
0345330684
0380724596
1841492086
0060187271
0375413022
0671785540
0671027573
0252070445
0963057049
0312201656
0671479903
0312987714
0380812053
0684854422
0060262915
0517572605
1570719438
0316570982
0060163747
1579542085
0785313435
0553575384
0735201870
0525945172
0440213525
0688156312
0806515015
0066214440
0345407490
0676974317
0684195984
0802787479
0452284481
0375410767
1884910033
0385333412
0345431618
0449003655
8401012317
0312262140
1850152713
0399150900
0062506110
0571169333
0804109052
0425067858
031205436x
037319689x
0806132434
0806968079
0764560956
0738203491
0460874500
0816308764
0448168278
0802732984
0316781266
042515999X
0789717999
156440515X
0440225922
0553561367
155166531X
0375760962
0553071505
0151002967
1858910684
1550501933
0451450523
0743467159
0679601813
0515136565
0875011020
0439010799
029595289X
1572972165
0671002406
0060968672
0312289510
1578563968
0394556550
0743427440
0440122147
0553107755
0142300659
0142001740
014243714X
0870443941
0451145399
0786905263
1570625727
0670889210
0449224406
0740723367
0060177888
0805425519
0375509089
0786885742
038071907X
1582340676
0590281682
0345397819
038080025X
0786885688
0451627954
0375502688
1551668009
014100147X
0886774268
0312242131
0451410130
039552105X
0803267304
0385492235
0688119468
0142400645
0394559517
1573221856
0441787576
0312203578
0066211158
0440208270
0312131712
0743411250
0446678112
0684853787
0689867034
084991325X
0026284707
0061059072
1565843444
039543095X
0679401342
1586631152
0517703394
0684824353
0553266578
0747272522
0345348109
0375760911
0373871589
055338015X
0758206232
0892967641
0373709307
0671682288
0375702105
1572930446
0316693715
0821770438
0380732971
0345457781
0452268966
0064440028
1580171087
0800714768
0380787423
0738201669
0385121229
0439083311
0671758713
0446528609
0060090367
0836218787
0312093993
0345436563
1857234561
0451200152
0486400042
1883061318
0684838907
0882666134
0688127169
0849908663
0764550020
0312303262
0394755111
0062735098
0448415941
0373196725
038097570X
0525667059
0870238698
0380788276
0944353002
037550124X
0961472820
0060913312
186450319X
0818403373
0345312104
0452253268
1558283854
0440236991
0782124690
0880387432
0340682310
0916119556
0312984839
0679803718
0679749004
0679452281
0807073091
0440497272
0345375211
0689849486
0802713122
055328942X
0316602051
0375403809
0916441865
0195095995
0553268937
0812574621
0971394245
1580082319
0373287712
0761117199
0679419810
0312966091
0743228626
0066620422
0689804458
0679731156
0553580973
0806627514
0590440764
0380813866
0963198106
0553581929
0515095826
1400000459
0671673688
1573229083
0671543105
0899193145
0394478843
0394755308
0688171478
0380714590
051511605X
0767905598
1570621276
0440222842
0440159016
0449148238
0061099325
0743457463
0141001852
0684826976
1588720004
0804115761
0590446894
0688046606
0451194888
1565077636
0446520837
0752836951
0380977427
0833544926
0880299010
0425081818
0553265954
0553109944
0061010707
0679783393
071672409X
009928958X
0517597357
0761100350
0451526236
059044932X
0373711735
0375701133
0375501886
0671499521
0373218370
0399139729
0812575962
0898153271
0373501854
0809244950
0553262807
0553574302
1893337006
0393311694
0060924799
0671007637
0679776230
014018371X
0553211404
0553272519
0553241583
1856495809
0515114006
1556611048
0195886194
0679418733
0060514957
0061098027
1573229326
0394568249
0804111618
0060194596
0689820062
0671020366
045121157X
0800786335
0373706936
0446349801
038550084X
0446517178
0385468059
0451203801
0671700618
0061000760
0425182843
0767916069
0821223666
0312986769
0345428692
0425159841
0385271891
0140232540
0553580221
0373259778
1400051428
0449133788
0373711921
0679463070
0449908798
0898154278
0373273118
0449907058
0931188431
0811825558
1884737110
0553583778
1888451181
1566913578
0446603406
0393318966
0684823829
0310217490
0312039166
1889613010
0399229272
0880482605
0440114330
0440240891
0505523248
0679723056
0201809389
086442616X
0446516570
0671004565
0385308477
1578565235
0345309006
0671208977
0316789976
0449207544
0394896408
044661209X
0816707987
0736901523
0884199320
0440225701
0451628314
158322601X
0373872038
0060172975
0452265177
0380753006
0373870744
0805066667
074341182X
0689832133
1565298667
0140707050
0140283293
0312099150
0142002356
0553261908
0679725318
0679840338
1878067613
0425180050
0878578544
0399146415
0375500510
0380786753
0931188644
0060521600
0671867318
0385335881
157120153X
0684802856
0451191390
1575667126
0312866712
1878175025
0671701592
093807783X
0061091995
0698119517
0140432035
031228327X
0140017917
0449241122
0671879529
0399147365
0449001806
0312955898
0553580280
0553381547
0394574567
0762416521
0140444785
0380801000
0071352015
0061013439
0618219048
0785280677
0060609575
1551661586
0060975903
0834800799
0762104198
186066153X
0060973471
0449912728
0778320537
0062720236
0878570950
1580630464
0449006522
0345334256
0553572490
0831760508
0451172612
156138190X
068416826X
0140100989
0684870940
0679722238
084870486X
0671731505
0515126098
0451171357
0452269814
0892966564
0195545494
078688505X
0440184622
1569472807
185697975X
0451205626
0435072277
0932379982
0553562940
0679462988
0316313076
0833558927
0553347233
0679442790
0761300422
1558533109
006018471X
0452282098
0743445031
0553342495
1558748903
0806511532
0609608711
0679429891
0316540838
0553581279
0671667734
0451173295
0060563893
1893905144
0802140017
1400031834
0670853097
0141180374
0764534246
0140042598
1565922840
1557833141
0805042687
1861976127
0907871127
0810928086
0060609583
0446403016
0061097500
0394524128
0913814881
034544356X
0684850303
0786888814
0449214281
0671704966
0425077462
0425175510
0743400771
0864922302
0688063314
0553578529
0894807633
0590412795
0310348919
0805033203
0525037004
0140170502
0789712806
0375705856
0823411656
0812553861
0446364800
0671623885
0441759556
0882681869
0380698919
0806518871
0394588169
0425179672
0515123471
0385335482
0843149035
0812093046
0812540077
0967673763
0060193883
0590456741
0451405498
055321392X
0345342569
0440204100
0312098391
0809126311
1582290725
0679435549
0345426258
1560444940
0374121230
034543448X
0345420438
1587170256
0425185710
1559580453
0312180632
0316545139
0553802461
0743471555
044048474X
0312283598
0764504738
0395873460
0441007899
1580170757
0425168298
0373709323
0671786113
067972009X
0130447315
1883929083
0804114722
156179712X
0452284708
0962726303
0060186976
0385336772
0451207300
0735605947
031287216X
014023828X
0380017555
0143013521
067103331X
0811727998
0886822998
0156013606
1563895730
0446530522
0743223306
0805425500
0440212375
0609602373
0743203046
0439369045
006001203X
0671042696
0812536037
0679729461
0312278241
0771099525
0020421907
0684871270
0373114605
0140094296
0375404910
0201608405
0553380095
0375708456
0553575635
0002255146
0060002530
014600082X
0671525743
0310390214
1573227978
0786885777
0553579703
068982596X
0425106403
0764539507
9757054119
0140046941
038078341X
0553239074
1892941589
0312890559
080706775X
0140115765
0140259988
034531235X
0345382323
0760060738
0380778556
0425175405
039330700X
1562470752
1853260169
0671798332
1585421944
044012929X
1570611432
0805063315
0060089555
0224041347
0449138151
0836218051
0380770717
0486203786
0740700316
0590881957
1558746161
0312278306
0971326681
0345320654
0140282033
0782140335
0679761675
0345440048
1567311539
0813528399
0679418601
0440415802
0451175751
0743212665
0590251597
0895265362
1573245232
0471143146
0671016792
9500820196
1592910092
0060969288
0064473368
1932360085
0393096688
1565072340
0425177173
0375753052
0684845164
0446350109
0751502014
0440217563
055321232X
0671722948
1400000408
0446609781
0061057908
0618055819
0517708612
0226500578
0671027352
0679751521
0066210747
0307201600
0399144463
0812028597
0060390778
0697111997
0312321678
0380815923
0064405737
0590483056
0449214427
0894803204
0671013971
0439172187
0689316844
0425192970
0060937645
0553267604
0767904435
078688391X
038076511X
0385247427
080215185X
0373226594
0452284546
0618129014
0684834723
068483376X
0760060665
1591823153
0553563971
006020186X
097139427X
0718128516
1870736036
0142501433
067091021X
0440215994
0515111716
0812510011
0380727129
0440404304
1551665336
0517882213
0679723137
0761514414
0312099045
0936085347
015696256X
034536676X
1558749020
1857589807
042513024X
0312862873
0586025944
0898799465
0330344579
0800782194
0671879464
0688002307
1573249025
0316104647
0345304268
006098824X
0312274556
0962983152
0743467558
0345444884
0816748195
0818405600
0553148001
0679449728
0140185216
020168814X
0445046562
0803291396
0393307077
157673854X
0452258804
0553290320
0743225139
0809248654
0373638078
0061097934
0425178102
0451527070
0395754127
0385476965
0345382315
0515120278
0140469907
0380820900
0553381555
0060502282
0307119920
0451167805
0679886893
0345360354
0312987005
0140233903
0671793888
0345463153
1400033543
0425161285
0399142371
0671956019
0312983115
0553579681
0385425686
0505525534
0374252904
0671649728
0671042297
0380978407
0449221202
0865380805
0060652071
0451453832
0553111248
156718636X
0740718576
0752221892
0312303068
0201626799
0441000215
0451206959
0679731148
0553378279
1551668912
0375421017
0452266564
0553294008
0345457854
0486415848
1880032597
0380819368
0195042239
0590425919
0316120049
0743255224
038081336X
0373510314
0003300277
0671041630
8420448133
0385326068
0486284735
0449911519
0671786466
1568849958
0312972776
0743410653
0060267488
0449911845
0140266712
0553373803
0945953054
068803036X
0380723816
0132846217
0679764410
0820315567
1564405052
0486200019
0345288815
0674785266
076456238X
0373227086
1558539522
0936728507
0884897591
0877736510
0679720383
0380974282
0352332778
0786883375
074343627X
1551667037
1865080292
0684802988
0816505837
0521269202
0889221456
0345409574
0899662293
0684870606
006058565X
0307117146
0895265044
0312985207
0553280597
0737300779
0028627717
0061314080
0449910644
0460877356
0061013889
1564029654
0679751114
0873514300
0752837680
0394848381
0962819026
055384007X
0446671444
0766601706
0091880696
0006171966
0684803933
0345330676
0192803212
0425153401
0451160916
059050391X
0375707425
0312198485
0671799363
0888782772
0061051233
0385336179
0449238946
0140094385
0142300608
0752821318
0020961502
9129622425
0061031143
0811200124
0743400828
074341280X
0671047515
0743444094
0553133969
0670830348
0307100936
0062505319
0743467604
0609804634
068487217X
042517476X
0349102147
0198319746
0440200989
0140144870
020168859x
0425121259
0752848224
0671682938
0425133516
0446602280
0330480006
0393058581
0767907140
0439564212
0061099163
0752825267
034538699X
0307232123
0316128228
1853260231
0140445145
0312859589
1896860982
0791017923
0515119784
0345381432
0451184114
0553213512
0300065957
0449001172
0590018469
0132923939
0671871005
0060971843
0935526560
014045022X
0810110490
0866119655
0415174295
0345361180
0312262868
0515136204
0553095013
0385319959
1559718374
0446604763
0440508320
0449905896
0440235502
1551668254
0553210416
0399146423
0871135922
0312932804
0743436741
0446611107
0060229357
1854580485
0688000053
0743470427
0671649280
0140075968
0425176312
042519471X
0670839809
0590489402
0553572407
0893754250
1565040783
0553583476
0553211897
0743205812
0441008593
0440202019
0915943565
0671827979
051709293X
0553291165
0671737198
074340730X
0060692537
0374267812
0380723743
0330356682
0446385077
0385491077
0767904036
0373483325
1551667495
0517585421
1570719446
014044615X
0006531520
0312110243
0141186984
052524266X
0380726769
0375502777
0449200221
0091891965
0553213075
0684815176
0553272535
0446404578
0440993717
0805067523
0812575628
0859696707
0884046818
0380709139
0743412753
1581840047
0671778633
0061095508
1857238982
0345377834
0881849103
0670386731
0887308910
0380773155
1568840241
0140444289
0143012339
0345314824
0812500105
0684856093
0340767936
0140442685
0451410815
0553106635
1560252529
0595171354
0743203984
0684810204
0312274920
0394733525
0743444019
0399149716
0395745381
0440235391
0684801884
067176537X
067942895X
068981688X
006109398X
0446513059
014130636X
1880418592
0451410947
0486282112
067088006X
0812575245
0316713732
0441785654
0671025341
0807014192
0061054143
0131908022
0312270380
0375411305
0670891657
0812968379
0553225855
3257231393
0684193957
0609807900
057121861X
067081976X
068984042X
030681188X
0394586603
0312955006
1591840031
0441003702
0553379747
0140621288
0805463526
1880284405
0425188884
1565121333
0898620198
0553207202
0312855028
0345303369
0425062880
0525945180
0765340291
038070367X
0140178139
074322678X
0312278594
0441003508
0824512510
0871352109
0312204310
0743211235
0671870114
0140283641
0684872889
0425109720
034524804X
0553297333
1560254971
044100184X
0684804611
0805037691
0395510864
014044694X
0061007145
1902618106
0399148582
0345428560
0933216130
0713724129
0886777011
0802713432
1568656467
0441005659
0553240951
0440224713
0451211480
0439188784
0399141146
0802136834
0142003786
0552144797
0671631985
0140263357
0140133488
0061043532
0452276594
1583222618
0679451862
0804830924
0451524764
0131855964
0618124934
0932379451
0312866151
0380728133
0380729407
0446600466
0688143385
0394857526
034542705X
0425175111
0312282702
0826308791
038533348X
0312987277
0515130974
0345416260
0789728516
0060081635
0754803112
0823407691
0520032020
0867162619
846630620X
0425082717
157345625X
0440226058
0440487617
0446608041
0345353889
0060012358
0871564300
0060655267
1580083242
0201149370
0394758285
0689809301
0962131148
0802135986
0688139876
0340775270
0517594331
0764534718
0822010933
037570261X
1550502700
0684848910
0425168220
0446388432
0345443276
0345460375
0674766911
0380704307
0881771694
0553293257
0441008585
0689711735
0375725164
0345338588
1892123479
0345423496
0448095149
0812536541
0201794810
0375726403
1740590929
0618095012
0345440757
0812532597
0553279289
0886778999
0679603239
0892812028
1853260924
019283410X
1591020646
0553575090
0425192733
0140437509
0060528737
0805026207
0451454499
0440223822
0824516842
0740704818
0937877271
0312856784
0553091735
0440803098
0451199669
0003277585
0375757538
0743422996
034540954X
0553382187
0070064547
0061097101
0486270645
1564770338
067172262X
0061002747
1564782395
0671037307
0761504451
0453005403
0743235355
0609806564
0767905938
0451182960
0758205686
0064408647
0792452631
0671040855
0812533313
037379004X
0684803356
1551665093
0786886463
0743255453
0345358473
0006281257
0380732823
0394931289
0448089092
0863696325
0684824396
0373035497
0077091590
0809229374
0679883428
0805210342
0689111940
0760707871
0525944591
0835607313
0785271899
0375754210
0671019163
0312970617
0743226852
0671730665
0553273272
0553569481
0671722905
1853260258
0375758593
0671722778
0140236236
0743428587
1593080026
0060177241
1853260207
0140186557
0192837028
1586634127
0192761870
1573560243
0671035274
0670894915
0620241179
0451180682
0446691267
067987707X
0890878498
0140270078
0679728252
0061056901
0375700811
1572313439
1573225681
014038006X
0688091490
0590461923
0446533467
0192875388
0745918727
0451450957
0425126021
0671577727
0684862719
031216842X
0786888512
078601475X
0452274834
0805036504
1591840007
0061065749
0870814257
1573220426
0684872153
0553569473
0671709399
0451523350
0671673343
0671888587
0070488975
0553279572
067151699X
0895261480
0451165551
0671014188
184149058X
0140366717
0684863030
0345432320
055337432X
0393050424
0940322994
0618129022
0449213730
0789705672
9681907116
015507430X
0671554506
0441007252
0140089233
0812042905
0441478123
0804832110
0380814889
0837850711
1400000912
0071374906
0671785699
0425164349
0515134481
0786884061
0553291394
1582341052
0843951400
0440503647
0843944609
0553244531
0679442588
0892967706
0312991509
0399141200
0525944370
0060987049
0881663573
0684848589
0140620591
1551665743
0671027123
0553351370
1575211777
0152017682
0140513760
0312958803
0079131077
0679733760
0385314388
0679764860
074931723X
0449908747
0380771411
0375400516
0671654055
0879235322
0553298240
039453512X
1850151733
0801839262
0140442383
0671877119
0806624302
0345406141
1558285520
0140146555
0385478216
0886778778
094482322X
042513525X
0140154078
0843943025
0450588866
0387989161
0804112770
0671027492
1892597004
086442258X
0684854139
0874778077
0373250479
0060096675
039302024X
039915180X
0312113420
0399138838
039331135X
0553285653
0061083089
0394751027
051511264X
3905252058
0373484895
0688051766
0446609617
0380719223
0758200617
078688245X
0380728176
0465016901
0916360377
0553274325
0440984696
0553579983
0141002077
0441000916
067150987X
0688170528
014130975X
0380717514
0060936959
0819311383
0312951469
013032129X
0553250736
0140044639
0312857497
0553234609
0679419144
0446603783
0671319485
0446604844
0743436164
0440413184
0394555821
0451624440
1551108631
0747547351
0141301066
0722535562
0312111045
0373871643
0849936535
0887307396
0689835825
006091307X
0060936363
0440204887
1571740767
0393312976
0446607274
0345443004
0312192940
1578565162
0553294024
0684803968
0671769944
0812570790
0002558122
0743245172
0671001701
1568656874
0764531964
0735712840
0590477404
0844284505
0679806997
0836223020
0590464159
0451198239
0380786443
1550810510
0553211331
1591823455
0060013524
0140185232
0671898841
0262161702
0688130313
0449219372
0792234251
0451211561
0671888250
0525934189
1885183488
0395486025
0060158638
0316107107
037329221X
0156421356
0821723030
084394935X
158240223X
0875424759
0060176881
0743422856
075820468X
0609808451
0679767223
0465082262
0771093225
0684862360
073820675X
0747257833
0440229499
0886771935
0451404300
051510521X
0553481665
0060957484
0679760849
0763615757
0441157513
0743407865
0689818769
0394572343
0446400157
0812566653
0399144307
0671683063
0061015725
0451522222
0375727930
093004469X
0451201086
055309503X
006008460X
0771067348
0345441788
0060517794
0751514853
055321246X
0465014909
0449149307
0740721909
0061011738
0521319870
0435086936
069401236X
0373196865
0446608955
0375422331
0385502176
0743424190
0765340240
0061020613
019283097X
0312186436
0156632772
0761530088
0671040677
0425056457
0373245505
185585631X
0380712326
0812571347
0394715969
0373076258
0446391301
0446602620
080411160X
0441005144
0439115280
0394743199
0971614504
0425181200
0440408075
0373289073
0590421484
0553380834
0553148923
0802135226
0939416549
0201489333
0307100375
0684870797
0312969023
0671864157
0441006353
0465007155
0684814889
0312969414
0525944680
0397013353
0451526279
0156787326
0805058664
0679441247
0446522252
0802139922
0553256157
074341120X
0515127221
0812500687
0671767917
0373033168
0060614803
0440177499
0394886275
0895770156
0967038413
0345340248
0671786458
0486271323
1557850739
060960855X
0553106236
0671319663
0765300133
1566563496
0156000067
1568580789
0140293450
1566911303
0671742884
0415927226
0553264648
0060956283
0867195304
031215061X
0451524934
0671728555
0061032034
0130283266
0679749047
0394708229
0521357411
0590448811
015602943X
1560371889
038532586X
0805070583
0684833662
0380761483
0099244926
0345447840
0231112599
0671785400
0440222672
1551301679
0743204840
0451207645
0738201081
0140244778
0385488866
0451521722
033036944X
037322706X
0451402103
0425169693
0898791375
0439240700
0060930535
0380792672
0316150363
080505801X
0449221504
0806903481
0395377226
0449003701
0060652926
0679892540
1566913101
0345461967
0345433106
0307021653
0020852010
0679885307
0321125304
0375709215
0240519124
1561383074
0814604080
0452280656
0811831620
0689710682
055356949X
1551666634
0061099643
1570620253
0060915447
0446405329
0425147363
0385080190
0060988649
0312907362
0684838184
1573228230
0471557218
0915943921
0198691262
0449209148
0671034413
0140621105
0312241356
0385472943
0618391126
0330327917
0884194264
0816510466
1879181037
0395199700
0140165002
0061053104
0380802805
0736902260
0804002800
0684844176
0553267140
0515087122
0440222788
0517222027
0743234693
0394546741
0842317872
052594270X
0375421874
0809257610
074900388X
0802713386
0553227246
0425164462
0820320633
0140010211
0762102403
0425162338
0812564642
0440221048
0451208773
080661711X
1884822630
0767905768
068983571X
071530254X
0399149007
084233226X
074346754X
0380726297
0899193625
0836217594
0312097263
0380788152
0553565079
0064461904
0152001018
0446605239
0718127250
0696214563
156865524X
0684871262
0764220179
0330246631
1558963677
0312917678
0441135560
0804113645
0441172717
0452273455
0078825490
0671014331
0789496755
0762409533
0446602086
0805045716
0399136665
0886775027
0451194004
0345373952
0740700081
0515090654
0375725849
1550224964
0809229285
0884271536
0671739743
0321103505
0374520216
0743426797
0192834037
075961377X
0760700435
0064440230
0440156645
0440131480
0452283442
0060977191
0374523657
1863305793
0671019554
006099486X
0758204108
0590762583
0887306551
0590469126
037541293X
0671660632
1887317007
0679454462
079440149X
0140233725
9155435068
0553283685
0345455207
1562764411
0060723890
8479530782
0312859430
0689849842
0486287475
189961804X
0671720139
0520216202
0451171810
0515116068
0373790635
0373835922
0671876570
0385722613
0804815356
0679447156
0201696487
0345430530
155591330X
0553801953
0486213943
0061030910
0060172096
0673523241
0553571745
019285304X
0375503943
0919433944
0679776338
0399151060
0679442766
0916773426
9654940078
1857329554
0679781382
0137808186
0679733736
0446518581
0299160343
0932592147
014011291X
0201135493
0753700913
006019958X
1551108496
0061013420
0740710222
0312288352
1558747060
0590568906
0679893105
0786889152
0452275903
0743453344
0451197658
0894801996
0060968796
0553294032
0330351931
0884963799
0671883402
055356983X
1853261580
0789463709
0312869703
0874772877
0811819191
0345315014
0060920432
0451522907
0800753747
0060174056
0373835469
0060976985
0816625751
0553264192
0304361720
0671228099
8420727946
0930410904
0743204115
0751505951
0721410324
0877018979
0515103012
038549890X
0802150594
0140070559
0679450408
1401300464
068484401X
0451205561
0306810972
0689832877
0312198493
0452267307
0722535503
0441008313
0385114516
0399525688
1571690506
0345450884
0517881004
0883639289
0345317718
0421538104
0786866195
0893759961
0373871805
061511427X
0380813394
0395051126
0451626109
0785109617
0553580531
0316765929
0312057539
0679722580
0801551846
0553280414
0345402928
1573229938
0763603562
0874869706
031226481X
1573226270
0393313794
0471335797
0696212536
0316776963
0312111274
1585671274
0446523585
0515120448
0871137194
0345434773
0671786733
0671032747
0440201225
1859608868
0140143491
0140154116
000716226X
0552999458
0590307223
1555971490
0757300987
1405200669
0380633396
0812545591
0451174526
155611396X
0752844563
0373193173
0140177213
0440212189
0394589424
0553062182
0805039538
1557831513
0312287941
014018869X
0060972122
0020810903
0316787086
0441068804
0465016065
0764221957
1890437271
0785108068
0439425220
1551667339
1575661543
0805057544
0140621393
0062511211
0140621571
0070513392
0001374869
0142000485
0345373901
0670807893
0345325605
0140314601
0380730421
0749307803
0765300664
0345373669
0345368932
0140320970
0060961325
0028612574
0915811065
0874775132
1551669617
0898792304
055358099X
0891348417
0515129224
1573929948
0743224574
0393046885
1569472424
0451625390
0679824243
0452272971
0140231900
0684840006
0451454243
0515132136
0760700192
073560620X
0440201047
0809239965
0345347633
0375756566
0804104263
0451628004
1579213081
0060192321
1567315488
0671578413
0312186118
0345350162
0553211056
0373196660
0345296702
014010870X
0767902416
0425139808
0140511849
0446527548
0553293877
0451525523
0922915776
0385040199
0375407340
0440141818
0743245423
0894808230
0813367778
0671877968
1929998457
1573221937
0440218535
0804112940
0449001962
0195136292
0671039938
0345409884
0020418604
0395870712
0195092287
0393323528
0373227094
1879181274
0553286005
0446391581
0452269865
0393036448
0538845147
0873511670
0071388591
0425174352
1573441201
039914725X
0517064596
0500203210
0375413065
0760064903
038529929X
0553803220
0060161728
155850723X
0689845367
0813339391
0843952784
0395825210
0156118505
0553103105
0345402871
1888314001
0679747877
0749005491
0345331001
0671735578
0385510438
0679030034
0140620109
0380726289
0783889542
0743417720
0671568523
0140469621
0735201897
0671877704
0151003076
0886779952
0375760407
0684837374
1576734781
0425099490
0743482808
0671829777
0525939938
006018311X
0806625732
089272062X
0451409000
0515116173
0671021001
0385477864
0439136350
0070093520
156592262X
0141439556
0373271662
1891830430
0679750452
0670867144
1559587032
0688160042
038000917X
0553563718
156860064X
044096895X
038550179X
0465026567
0747528306
0345347536
1573228575
0679767800
0898152364
055334949X
0922705399
0803719957
0373250282
0812566785
0312983298
0380801574
0395533767
0312924879
0393964582
0671786431
0140375953
0345277961
0590926675
0517574543
078688097X
0451459504
0399139087
1853262277
0449219887
0471253111
0451200535
0374176787
0810921847
0141312351
0876053835
1929132123
0553258524
0060740450
0224617834
0312264127
0435272616
0836218817
0375502955
0399148701
0553102583
0452279844
0786880007
0812540018
0849944767
0399145850
1841950947
1890957267
1878257447
067941388X
0600588564
0451403576
0812967240
0394825691
0684863588
0590403605
0821770802
0517566249
0743471393
0446529788
069401110X
0805004610
0451136063
0399148477
038072121X
0399142452
0061093998
0721406270
0060153830
1583331433
0895771853
1591823331
0385486057
0140092498
0671214675
0679736042
0609606263
1400032806
0373706928
039913929X
0802713661
039454286X
0441003583
0679433015
044022330X
0515121940
0747255512
014020220X
0449214567
0684841347
0415254086
0345322401
0380807408
0525945563
0553212141
0671000713
0385490925
0696025574
0345420799
0345370805
0374384436
0385487622
0786869216
1571671749
0451192028
0385074549
0590467638
044100315X
0316353000
0679740066
0861710649
0312422164
0563538511
0399142789
1578564654
0743211189
1578514398
0670894737
0812519671
0312306326
0970936095
0446362999
0764222112
0812576357
0060917016
0897211456
1558743863
0140270590
0312291388
0895264544
0888992750
1891620347
0425147746
0747503575
0684835959
0380724324
0446350982
0312278675
0061097349
0064405761
0916890708
0440217989
0374529388
0440235081
0873418980
014044534X
0849911737
0800708180
0762406984
8495501260
0743446518
0099429284
0060088060
0440722993
0451139771
0345352459
0671456547
0571191967
0425184021
1555611435
1853262099
0373218443
0385094973
0684801469
0760315922
0440934478
039457169X
1565923766
0877954437
0375823360
0590882732
0439149770
155050164X
1861001568
0764223887
068981562X
1565123492
0743203399
0553561111
0465030327
0306810123
0465087345
074341795X
034544177X
0345391055
0451408551
1559704942
0671876775
0671767674
0486230287
0060982012
0671743481
0140502750
0553242954
0345378512
0446357170
0451453719
1563523302
0380775670
0060171928
0679425438
0609605801
1865080217
0446674214
076790351X
0316778508
0811215199
0553272004
0142401668
0330375466
0937611352
0743212088
1557285799
0025631403
0843139579
0451521269
0505523531
0439284848
1587360861
0688165281
0446614033
0375508325
0312198779
0425181685
0071364145
0385247931
0394757912
0140304770
0684848066
0062501178
067102437X
0373706154
0553560719
0515131091
1400050588
0786865539
0385323778
0446690589
0435901001
0446609005
0441006582
0380784149
0679418334
0802139701
0380703866
0679762671
0451167783
0553099930
0575400951
0060925000
0671625837
0446611778
0743213831
0864423705
0679603301
0679437452
0060514930
0060247827
031228361X
1400046904
0764222503
0671521136
0140178740
0439317746
0806637293
1568654685
0915658046
042513296X
0486209741
0553344498
0385470029
0886778751
0374525455
0446517747
0394726251
0394551907
0909404976
0553247778
0316735736
0375706437
0553564587
0345367413
0810925532
0590457225
0060809833
1558745157
1885983212
0231117027
0671720856
0671697838
0689806590
0823016560
0836235592
0373079370
0966828917
0805009086
193156146X
067140010X
0767904133
0844279854
0670886696
0425174646
156592567X
0887841740
0842336036
0312961324
068482468X
0842357939
0029021901
0205174507
0849935865
0671463632
1854318888
0375803483
0743459482
0836217128
0767908201
0345330692
0671886665
0679433023
0061061433
0671647032
8420447714
0898682002
0415026814
0399529306
1902646444
0671709232
0385421281
0061043966
0373114583
0805052984
0446515485
0786703083
0671318373
1885061749
0761122710
0553569058
1859846246
0373835663
0060922850
0375700366
1561791229
0425184668
158005059X
0590187511
0671880365
0307302016
0812579402
0394712587
0802138489
067172701X
0619200030
0520209680
0192836455
0718139593
0066209889
0385420862
0671024477
0330299301
0316037451
0679442545
0553575104
0440134056
0878574417
0140444300
0060675187
0030491266
0812502612
0743445090
0060958707
082174996X
0836213246
0812582586
0609601032
0553251414
0071379681
0679736417
0345285980
0140043128
019283813X
0140132708
0373619316
014100018X
0440128994
087477375X
0373078234
0060186275
0449908615
0440223202
0345424719
0752801686
0140268863
0590554093
0394588320
0553270478
1556156235
0440206529
0688085539
0670850543
0385489056
0151446474
096958220X
0130893404
0679437460
0810936348
0345407253
0786861827
0375506187
0375507876
0812564715
0345272463
0440235804
0061096105
0679774025
0895779323
0345371283
0760307520
0812509935
0140230386
0786861592
088070747X
0449219623
0425100650
0451409159
0385323816
039330857X
0027357813
0451207025
0385148054
0380788101
1564403750
0380780747
068482454X
0743437314
1883929296
0449217493
0440202051
0345422473
0446677167
0671026011
039914787X
0786867906
0140035745
0786918780
0449216888
0804902097
0531158217
0316399728
0446794031
0312422911
0743411633
1551664348
0671653482
0800634330
1570620903
0373614918
0345325265
0425149579
0812566629
0874519063
0553347101
0451459067
006109868X
0671738275
0802130208
080651356X
1880325020
1875989218
0060975008
067972575X
044900578X
031284879X
1563410443
068480834X
0897331893
0345413865
0671577735
1572242418
0060153059
1562470078
0192752111
0446531316
155166853X
067168891X
0810925761
1551661691
1932100024
0517556278
0875423205
0517888297
055321439X
0385310250
0684815281
0786863706
0765342898
0515122742
0674076249
0517572656
0373270836
0684853205
0517159309
0553264125
1400031362
0152012400
0671678817
0345350820
0449182908
0393326713
029597950X
0373484410
0345427297
0020147953
0060977477
0425141322
0747561966
0892967803
0231120621
1556151047
0486272664
0451164725
0804106436
031226867X
1852425679
0446329894
0062731009
0676973817
140003065X
0312962444
0765342588
0451458796
0316117064
0609810022
1860463657
1558175822
0590741683
0395264707
0312983395
0375706038
0152380418
031021467X
0449007251
0451521277
0446611514
0517189968
0375758275
0590447750
0060938293
0312283334
0140266232
0786867248
0151301182
1858817102
060980362X
067086871X
0679841571
0061044040
0374270325
0871137380
0786913460
0971009902
0718131797
0385471874
038533351X
0375706534
0373292198
1576600203
0679441441
0061081299
0671786601
0671688782
0140376283
0684850788
0684176165
0446604275
0671038184
0062731602
0805000585
0312261551
0761524851
0385333668
0373638094
0373250169
0486275574
067168390x
0553099604
1580050557
0764225146
0375506276
0847699129
0684865475
0671695711
0425176037
0515110132
0786705949
0385479638
0671543423
0061011509
0553281054
0307610217
0671720414
0743403746
0140112847
1580420249
0140280464
0801403332
0446610631
0679764895
0451177010
0375821813
0812531108
0385482388
0393319148
0807014230
0553094416
0881030198
0375505784
0345356365
0446608602
0028606612
0805021078
0515118567
0553344803
1577310845
0515120863
0380652277
045303053X
0446671827
0345350685
055329895X
0877285136
039304002X
0821771418
0553573306
0821723243
0671665790
1582340986
1561632287
0749930527
0312991002
0060014342
1571312129
0061020559
1931514585
0451183681
0964326191
1566912288
0679436685
0440918642
044651862x
0878331603
0425105709
0679436472
0441132448
0139564004
0345435400
0061098795
0684859718
185326086X
0451158237
0786812508
0373116764
0609804138
0875421202
0345346491
0689850808
1880656728
1862544867
0782125727
0345400011
0446363499
184023069X
0140622179
1578660807
0671004042
0201354772
0517164027
0385484399
087477649X
0340660244
0375414622
0679731717
0804115613
0786890118
0394425553
0140434119
006017143X
0671527037
0312959559
0935312560
0786702087
0451523768
0553144286
0385334672
0743451414
0425134067
0786812664
0671552228
0756401577
1551669765
031218302X
0140070206
1567615325
0375753133
0553578073
1570625190
046508141X
0451099346
0312099266
0671036653
0871134640
0393043762
0840790414
0804104999
0689822030
0345418778
0679890696
0449141551
0590445065
0749932090
0060805072
0553072242
0684832925
0394412168
0385264682
1400030382
0375502866
038550117X
0393310329
0441865038
0684818507
0316199648
0373632401
1591840198
0345381769
0671787810
039563752X
0684820862
0425177009
0672319772
0451458958
0812535189
0877423555
0446600288
0140350454
1571891358
0451150619
0812694120
0425188280
0872860175
0345435257
0818004517
006440871X
0394757521
0140431373
026262124X
0875420133
0525442596
0739420909
082175856X
042518904X
067160032X
0385267622
015507136X
0880883936
044661405X
0671664271
0440236053
0553574019
0451157044
1570612234
0060965991
0312280610
0312044569
0394588207
1930008023
0844213926
0806107014
0553560700
0723236259
0590543229
0553268880
1854879324
0385750250
0140568123
0440984459
0679743650
0688109357
0671670069
088910462X
0385312377
0670871796
0553568760
0380708213
037575931X
0140432264
0060988096
0553072455
0399140751
0380974347
0395664136
0451458583
1580175090
0451191145
0312146310
1903468000
0671778706
0553213083
0316321001
0425161722
0394827406
0821755404
0553380648
0472111353
0553111337
0921912986
0875969941
0553212036
0425142868
1876719567
0812545400
0670870897
1840231866
0844209295
0140183167
0140513221
0590483501
0312018541
0385720327
0399150870
0671684264
031227453x
0871401584
0765344211
0385509472
1582700206
0446606723
0671028340
0671775537
0811810496
0671704184
0060809078
0425131777
0060093412
0393310361
0807046310
1565298942
0312872690
0156005492
1569752893
0748602143
0394498216
014044565X
037540600X
0553581295
0812533178
0441009166
1878424424
0679424741
1568652968
0764223321
0201627086
0812532155
0751308382
0425185168
0670032670
0765342219
0505524457
0385502532
0394410459
0425182886
0575073225
0671027344
0609608738
0449205967
0028619552
0515097500
0553373730
0689835744
0394543971
0812504828
0140243887
0312983336
0300092962
030774017X
0345410432
0380646420
0140707085
0399516778
0471237124
0452281903
015600710X
0451522273
0671661108
0375411216
1887166734
0441644511
0140177884
055357633X
0399135758
1551668610
0816719284
0373872062
0192815989
0151262276
0805002545
0140445927
1563921219
0451526015
0446600423
0345329228
0316158720
0425146413
0449219364
1565041097
0399217746
0671657771
0571203035
0373484887
0020298625
0375406530
0140434011
1590170180
0385185626
0316107093
0446677450
0486282015
0802851606
1853261270
0743255429
0684871734
0060952288
0375413030
0898704456
0140275428
0471176745
0812516826
0393314804
0803297416
014014773X
0684810387
0060975768
0793105757
0451408594
1560252480
0515124796
044022425X
1559723505
0439263271
0440220076
0062517767
0451527046
0879234768
0061020362
0373217366
055321313X
0435905260
0892724250
0441007368
0385494505
1573225037
0233987746
0380803941
0316289949
0684823438
1883792126
1561711470
0451153960
0671606840
0060937017
0891076182
1560540605
0805044809
0452280818
1840461225
0446605409
0786889500
0771056281
0670384755
0393048896
0060571454
0393957241
0688012205
0374189897
0863273009
0374199442
1878398148
0345389964
0609809997
1573226564
0684845911
0965605914
0439443849
0064409597
0804108447
1853262374
0312144032
0679890505
0670220264
0451139712
0684867818
0696046652
1881527301
0060172231
0786862890
0451458222
0446531332
0486277852
0743406125
0750677287
0679740104
031220339X
0312267274
0878579656
0595002021
0515106402
0553565915
0452282438
0440911710
031298328X
0553131893
0312267878
0446378445
044011585X
0425188310
0812922832
1566197589
1567182526
0764552449
0441328091
0553581112
0553232312
0099267594
0385300336
0142004294
0380707063
1891984136
0446610496
055214276X
0872200477
0831746807
0671534734
1895565545
0618219021
0802139981
0425137457
0882669419
0446603090
0140253602
0515125156
0689821638
0060177500
0684847957
1552635430
0064406822
0465091415
0590447742
0440506786
0440214009
0586067353
0771091044
0312864590
1551669498
0671578499
0889951853
0380722178
0671867164
0553260111
0312943644
0553232533
0060193263
0060176156
0803257325
0394733959
0394556631
067165991X
0446530387
0770423310
0393322858
0385721404
0201408252
0393020371
0394567889
038000772X
061809542X
0684853949
0553297503
0374172897
0380790424
0375504524
1881830292
0140390537
039475929x
0316499552
0310212057
0471394513
014026583X
1576104192
0062504665
0061093106
0380779781
038548853X
1840185716
006105660X
0060171316
0618145311
0553289691
0874779472
0890811873
0671873172
0812097815
0446364266
0743400488
0130169242
1560974109
0689822804
0060158824
1853261793
0449005844
0345373707
0141308206
0312854749
077100706X
0679731946
1563894696
067155302X
0553266055
0440170370
0397319266
0671885650
0449219410
0192833685
0613329740
0062513222
0553106643
0786808438
0380896354
0451173376
0060671025
1579541976
0380727943
082306459X
0618260285
0553293400
038542471X
080213422X
0262680025
0449213773
0449219461
0553149660
0553582801
0399150846
0312867794
0671759345
0878305505
0941711420
0553572210
0446405167
0307119432
0439327660
0060977337
0679734775
1551668939
0843174005
0816734208
0375707549
0316779245
0553278398
0440509009
1562921444
1575668572
0671001809
1585420182
0028604385
0671826859
0704349647
0553840096
0449224813
0192824325
093467874X
006101351X
0679723110
0140186522
0140622497
1567186661
0394800028
1560762608
0140086064
0789300559
1555834248
1555835724
1853027111
0892966319
1572971533
1878067184
0061012351
074970053X
0399145877
0671891685
0553578871
0425180638
0553580191
0385729340
1558746374
0736911677
0061054682
0671027409
037370920X
0385333692
0892551887
0451207386
0940262851
0440158532
0380711117
1567181643
0764224425
0380975440
1573226580
0671034251
0061007153
0553492756
0446361887
038079165X
0749320346
0743243307
0743412273
038064519X
0758200366
0671510053
0590412981
0671755064
0373264739
0446360589
0679763996
0743407253
0517146770
0736048138
0440236169
0345434110
0451192885
0789423936
0330334972
0689854838
0786842547
0517055880
0142002968
0312973217
156292222X
0673520064
0743411323
0689121016
0800635698
0590224735
1853261777
1840672447
0060609176
158017308X
0192760319
0440229049
0517223651
0971181802
0684801280
0886774543
080410882X
0380731584
1841192953
0670032069
0441007236
0679419454
0472095978
0446673382
0375757260
0864423527
1841952974
1573225029
059049449X
0312045816
1573228281
0060156732
0828102813
0740738593
1576737489
1566199697
0385312660
0316955116
0684841177
140004832X
0735611343
0465073794
0393316041
1560766409
1576730530
1556611188
0786866586
0440241537
1579542700
0553210327
0060976845
0590458469
0671567713
0671656570
0671872931
0449214192
0672314983
2012101119
1890208884
0451406958
0670826928
0312993501
0451410432
0425173534
0876305044
0380542625
0553580957
0761105948
0805053085
155874875X
0312145896
0373244487
0670030937
0140139974
1593080344
082543758X
0380803682
1562828576
0671793578
0451180062
0590477374
0810115905
0441005241
0553233114
0451410556
0964852683
0345417623
075510353X
0849952972
0517886510
0764504797
0380455757
0805041621
0932633390
0821767305
0553225367
0380780437
0451520726
0671439960
0764500449
0393319970
0552150738
0553480049
0380729660
1855381346
0835902242
0312319754
1556610661
0060914653
0805048308
031225346X
0140435387
0575075368
0440219434
0399143025
0895263858
0316769517
0345377443
0684841894
1571517138
0310233445
0151003130
0931988659
0349116067
0590418688
0446607207
0892966947
0385720505
0670850780
0711708770
0446519138
0393302903
0886776511
0843933771
096291620X
0345323564
0312145535
0380798476
1572433264
0445208082
084991759X
0802130313
014032240X
1575663937
0590483544
0747250618
0768420164
0817303871
0380786087
0969668325
0393301583
0446515736
0671004530
1591130875
0679765018
0415918243
0440505941
0812927362
0590494465
0553379615
042519065X
0345404793
0285631144
0679777423
1580628362
8440634447
0452259606
1551668076
0517702134
0345313151
157324550X
0878305262
0376038519
0843950374
0380005239
067174271X
0140375155
1856230031
0671640453
0590819097
1557483159
0192821342
0671827847
089870183X
006099701X
0671023284
0871135302
080703794X
1400020298
0879052473
0966114469
0670838047
1854597892
0345335872
0440328810
156389517X
0446603635
038503007X
0743411838
0446522597
0312089244
006107635X
0684859262
0451524942
0842304673
0451457307
0425058484
0618313370
0385333722
014062063X
0451524233
0060286180
0439188776
0451409728
0060172134
0689824149
0803272707
0590477390
1578591074
0099163926
0064603016
0312269587
0446301396
1885223552
0671741519
0439284864
0316881791
0380973499
0064461629
0812509250
0830821023
0671505173
0792450817
1853260150
0394527127
0816711143
0836252926
0792234324
0385196156
0399139605
0397011695
0785272623
0441006868
0385493800
0970086393
0571154573
0684857731
0571117422
0890438439
0806512318
0553246364
0803708890
0375501517
0312276974
0399148337
0060934905
0842359419
0385314264
0425163997
0843937742
0890877246
0385335997
0312926146
0764500570
0060562250
0394869125
0061053082
0671872958
1565075722
0804119430
1400032644
0156007479
0671038567
0312852134
0385335989
0375757910
1560546212
0224051709
1551660504
0394749456
0393039412
1591823161
1571430814
0688161073
0449000648
0897334736
0375400648
014006690X
0671442139
0743460529
080410753x
0393959007
0345412931
0394574753
0553272837
0399138390
0671518909
076456160X
038097715X
0915368587
0446341991
0060937688
0671776134
0966347358
0312272057
0553262610
088404288X
0028621131
0448095025
0020869207
0451456750
0609603086
0694008397
0553285688
0439064864
084235266X
0670887412
0395977894
0060930187
0393022102
0375402241
0671881175
0373707533
0425130746
1892723026
0688156134
045121076X
0140055584
0671024728
1559712252
0060160705
0451205367
0836218256
0425181464
0743477154
0618246967
0553290991
0486403998
0439284856
0684857820
087341800X
0970897251
0892966777
0440405483
0743216342
0020519001
0786013133
0316926086
0786014555
0590542095
0380820889
0195038347
0449006530
0590737422
0739411608
0425082075
0385234104
0517597004
1577942620
1566891469
0399140840
0312268815
0553210114
0425188787
0525947051
0758200447
0310303214
0312257392
0060952970
0345308980
0671695169
0786707887
0486275590
0816512957
034542624X
0446690449
0440994063
0816633614
0805001115
0452268060
0670479586
0807079324
0060187263
0609801457
0486275507
0590514776
0439286069
0836270096
1879181185
0812564596
0345260708
1585422231
1583331255
0060982020
1556154844
0452281369
0064471721
006053429X
0451524489
0875426700
0752806874
0553576372
0380788314
0345305183
156718510X
0806997672
0440154472
0061044571
0684854163
0140168842
0345339681
0394731719
0821718967
1861053541
0743225147
0553566849
1887128964
1568303807
067174559X
0553210076
0553382527
0140621237
0440400759
1582431477
0399207589
0449242439
0590484753
0553579754
0818012153
0517219018
0471295639
0195113713
0830813284
0192817361
0451452011
0425136191
0553568884
0399151273
0553295977
0394623266
0892965320
0375408908
0679753818
067944243X
0486408922
1567187250
0446515078
0898867398
0679734821
0142437204
0684191431
0849934567
0895656175
0812966813
1897959206
0140254900
0553345842
080755457X
0520047605
0446613770
0276421442
0446530077
0671577891
0843103116
0871401657
039575514X
0452283027
0671868691
0590448595
0553581872
0142000558
0446606219
0226848620
0590486470
0376030895
0446353914
0689843801
0345425502
0882899406
0385079664
0440174643
0440222141
0060929065
0316364800
0312280297
0671675001
0760717494
0805064222
0140249001
0751503894
1401902278
155868476X
0385420161
0140075577
0671789422
0440473098
0893753564
0006716652
0679727299
0553210874
0373483554
0316154059
0836218655
0446403237
067169071X
0920236162
0375755209
1590580141
0061096091
0060534044
0970637764
0877285489
0340715634
0066214769
0373262817
0060927690
0425157466
0789447649
0446670626
0345406230
0836267850
0452281474
0226500624
075284332X
0312282710
0815629435
1585673781
0679745580
0070133123
031286860X
0871968509
0060928573
068127493X
0061012513
0385312431
0812969006
0312972857
0307987957
0451191722
0140036202
0930289595
0961472812
0060185406
1575663880
0385720602
0345296710
0375703772
0395924936
1551668963
0590972138
1862045682
0439042917
0821754165
0140440011
0446675369
0425151867
0373834292
0380812924
0394742117
038533480X
0140241612
0786929952
0684852802
0886776244
0452283280
0940322560
0670877514
0515115649
0553574442
0345441133
188065623X
0440343690
0525940340
0375508546
0671041916
0866225293
0060922222
097173660X
0394859766
0966877284
0061000078
0684867974
0349105715
1862044554
0671493434
0385492081
0140103066
0316196614
0553581511
0380713756
0060170565
0553237373
039914563X
0671874845
037550883X
0864426283
0446324825
0316929190
0786710373
0452279097
0394756827
0812521145
0440473527
0440407524
0394722051
0440151627
0590881930
0609604996
0679003142
067152707X
0871131943
0553568019
189568840X
0671668315
0671019546
0449910709
0312300824
1899712402
0517536862
1895837316
0312966814
0671577905
0330337394
0805209603
0590623907
0140177035
0679724222
0380976943
0373971087
0889842507
0385720955
0812575970
0375752498
0394569814
051756825X
0140265848
0684843102
0060171626
1562291130
0743219554
0905895835
0876057970
1573222259
1562054147
0393320723
1550417827
0440495962
0380491710
0836220870
0451521358
0060391162
0486270637
0312204272
0140065059
0312979517
0684168170
0399501487
059050214X
1565922352
0028704711
0451177096
0425174808
0671011170
0380814862
0895773538
0805064478
1557091056
0895779773
0399149155
014009623X
1558533567
0440224594
0812532554
0849917050
0671541854
0449912809
0385474458
0679455892
0312979479
0812576462
0735700737
0440237084
0679721916
0399143173
0375506063
1566047668
0142400297
0312874413
0785269908
0316693863
0505525542
0590130935
031208188X
0465021182
0767914767
0671026925
0465071333
0843948566
0451407423
0609806491
0375758518
0062506617
0231113234
0452283728
0140242058
0375704019
0375503587
0786886625
0805049029
0451159098
0671729462
0671891510
0446515663
0810322951
0749396660
0805019375
0582329302
0670885754
0440211727
0441516645
0375705244
0374252807
1880418568
0373037449
0140296468
0140119000
0670827320
0800757327
0060973129
0140173048
0449219615
0471150576
0380724758
0446678724
0140055770
0684819899
0875421261
0880389095
0140306323
1568654243
0553372300
0670867152
840149186X
0743407075
1582700389
0380713683
0380976579
0679725393
0060085444
1563707357
0810113309
0743445600
0801043859
0060182571
0515129968
0515129933
0688177867
0446605956
0874777283
0803717792
0553578790
0345396936
0141301147
0806994754
0936713143
0805021272
0671000306
0345276353
0140288481
0041210190
0380713330
0375713425
0871236060
0446358576
0895264080
1557100357
0373291329
0818405694
0321084047
0671014935
0553563653
0446601055
0800791665
0451137965
0790611953
0802713491
0553075926
0152022686
0345439104
1569316430
0743205588
0553573403
0380719142
0875964249
0451166582
0394812417
0060809779
031286437X
0440106079
0670030031
0671034286
0312984197
086318328X
0802135161
0028629043
0897894456
0553562614
0679765433
0803714556
0684848155
0330331973
0440972329
0517574136
0671864769
0590032496
0911295097
0800632818
0671796720
9813029870
0445210052
0440223989
0345468694
0768322413
0415238285
039592720X
0689849613
0451521285
0807118915
0830812970
1853268968
0020583516
0385316887
0944002153
1580621317
1571742913
1565928520
0060931353
0140505512
0316545031
0399148787
0140444254
0448095041
0553578979
0937175021
0553293761
0345431553
0786886226
0441010652
0689117353
0684831538
0553291955
0312243359
0590988247
0671521705
0553052500
1852425555
043935806X
0914511211
0525941673
0452010241
0452279232
0679414614
0671028383
0316782505
055380250X
0822959046
0895772930
0439288886
0394731662
0671670646
0156528657
059013387X
0312975929
0672319187
0590897985
0345417011
0399150897
0140620990
0671787454
0765342383
0671567667
031224116X
034541389X
0747549370
0345432991
060960872X
0821221795
1564586146
0064471101
158234082X
0515034924
038082101X
0345293002
0425184978
0060230398
0553582941
0688084923
0786709235
0553244728
0743223551
0679415238
0374223270
0735709211
0486284670
038547802x
0425122956
0345378261
0345396413
084395048X
078686219X
0515134139
0786860472
0553578693
1558321179
1877978450
0515092266
0345384733
0679745688
0553276387
0140114335
188473748X
0671718177
1576734013
0142004227
0451459229
0375411089
0505521849
0425098648
0786880252
0812557891
067988288X
0671612972
0064401707
0743467523
0671724207
0446405159
067164159X
0140167919
093570177X
0312868030
0064404773
0553272500
0465041752
0380820145
1565842103
0060969911
0809433621
0375507256
0671897519
006015957X
0312979398
0786866721
0486264718
0345336275
0375505296
1931333246
068481823X
0375500286
0671872699
0451454375
0743205405
0375401091
0590112899
0486292649
0451154681
038075911X
0553273019
0345320220
0805052453
0787948543
0375508856
1569800863
0394576756
1400034779
0330480790
0553578022
0553212168
1550225480
0670809160
1840223014
0449002985
0425159116
0515131210
1562920979
0060523328
0517403013
0449131793
1591823269
0525246258
0843945516
0684864843
0452262496
1561703249
0744001404
0880118237
0590031686
0452282128
0812044827
0345383249
0452278821
0679450440
0060192895
0393038440
0764551175
0553563521
0151730857
0684859726
0805064699
0451168380
038546813X
0451192508
1556619529
0380564998
0312981678
080411109X
0451210840
0688037348
0345453425
1860920020
0060529709
0070379904
0875163238
0811202054
0811832937
0735200300
0785273077
0446605476
0374523266
0399138749
0060557540
0140157344
0553248731
0786865091
0789402017
1400034264
0553572776
1555836585
068980993X
0471247421
0425118754
0806513284
0743403452
0140361243
1572241268
1576831302
0060179384
0844223131
0553053140
0553572989
0451200268
0440237688
0718134567
0399135987
1564584968
006093140X
0571142745
0452281423
0345434692
0895771799
0789711621
0811831809
0451202651
0141302038
0399140832
0441385702
0946626820
0425174085
0440418496
0449006417
0310234395
0373292244
038548951X
0440236819
1901130312
0671691333
0553076450
0783815603
156276408X
0689848684
0449211886
0871569566
0023248807
0609608622
0439401860
0330314971
0330332775
0743233786
0553227041
0812542835
0679726012
0440219760
0425165566
1571458700
0965478513
0451523873
0679731725
0785261958
0449213943
0876542089
0062720732
0380755467
0553278029
0671798782
0062502891
0451451201
0684868849
0553575643
0811818276
0671671596
0786866462
0312262701
006440434X
0964629100
1902012186
0708853323
0590216872
0553240749
0345397266
0698119592
0671025864
0345295242
1856976637
0345354923
0373762275
1856072401
0590408011
0425174271
0743206061
0140274286
0425189023
0747531005
0804104689
0590440012
0471595322
0399147772
0751328855
0373292317
0671894560
0380791242
0449218112
0877735379
0895774038
0886777399
0851312306
0898796407
0451457471
087483435X
0312010966
0743244710
0786853492
0451411404
0345340965
0743206053
0140447806
068807801X
039452215X
0345415035
0671753819
0786001453
0801869625
0135197295
1567181031
1590520173
0451456521
1882606124
0201710919
1584855193
1587990180
0670030643
0688156142
0785266852
1556618670
0345354915
0380762595
0140382798
0812504739
0786881488
0890818169
0805062882
0915308940
0590453696
0896082172
0553256696
0723206066
0451208005
0385334729
0590454366
051511992X
0312974159
1567187072
0440482534
0440979757
0312134371
067147247X
067167367X
0345379667
0679732241
0451458974
0192833170
0380403110
0425182908
0441007317
0764155512
0449149900
0966496019
0451206878
0399149325
0231060890
0553582895
0743448405
0590880748
0679404864
155853329X
0671732196
0590427717
0446363278
0688168256
0375758194
0440224721
0375756604
0316781460
0451524497
0553275402
0671877240
0671878611
0679404430
0670849618
1893618064
0399133186
0373709404
0446351709
0061041017
0345412923
0812517717
0449148548
0061030996
0142002038
061810450X
0152003746
038547508X
0877956804
0785812466
0345404483
055327290X
1586420771
1573248533
1401900844
0786817879
0374525714
0773761993
0553057650
0446519804
0140086838
0064637344
0804116571
0671640496
0552999067
1569470200
0786905034
0385720920
0066210658
1551667878
0843127139
080698323X
8466307982
0446352764
0553110454
0836210859
0312979975
0373484429
0028604202
0595265154
0446356875
1932700005
0385121679
0192828274
1853260630
038547640X
0805032673
0061044636
0375757147
0486270521
0590308440
0381999866
0911285008
0312866348
0060256672
1565122135
0440224837
0316095133
014025448X
0345334531
0312977905
0349109435
0446610127
0812585151
0425054713
0743250532
0307020800
006447335X
0590568973
0553066684
0451209168
0060263857
0671773275
0732909740
0007130058
0345376013
0345379624
0671011375
014100231X
0451182979
0312272219
055356448X
0451527348
0345383729
0743217756
0393321509
0064471047
0312269609
0345438825
0380775786
1555532411
0446603422
0380619458
0553814516
0312280122
0465020933
038549081X
1582432538
0449217205
0671735837
0441328008
0786915668
0380706636
0553213024
0736905324
0671318500
0590624296
0452283191
0316790222
0849942055
0373790899
0679820205
0380727501
0345361199
0449908585
075151912X
0449005666
014230218X
0806981628
0812564839
059043649X
0399127933
0671703765
0440400538
0028627024
006098726X
0515111279
0375400060
0553569155
0140195998
0380780879
0425169243
0932653251
0312964943
0800634756
0451191978
0670869333
039331894X
0671755862
0375726829
0809015765
1592580025
0933087853
0385413017
1559706163
0684835975
0931674085
0840767447
0679743685
0451188489
0553258362
0066620996
0723248281
014042346X
0385419945
0553275739
0764515470
0521397928
0743245458
0773520902
0816032661
0060525010
0553287893
0312194668
0671812750
0880295287
158820801X
0800781597
0345318323
0312195753
0449225518
037582233X
0393306550
0446347051
1558748008
1585861553
1570613818
0823032329
0385473079
0440483077
0679441018
0394521110
1567184243
0812590651
1562513818
0684811529
0345396421
0688164994
0688084885
0553109588
1873741650
0446530263
0811806553
0061020397
0849913411
0767906993
055327449X
0515093203
0440240859
0345450051
0061052507
0060559128
0762413697
8423918335
0425181995
0449149099
0679863729
0345452593
0688139884
0786890037
0061094005
0125970609
0871567865
1566492645
0061073113
1565924878
0306804646
037570440X
0805065334
0451198948
0451159551
0451129504
0814478255
0434009210
0425169863
0375506764
0895948710
1843531380
0553154346
0395083567
0515132489
0025134701
1568302290
0393951693
1892065444
0316286869
0891413332
0060915595
0451193288
0451521951
0684873753
0737003219
034542526X
0449205193
0688164307
0380800993
1880908123
0756400163
0345298349
0738701262
0151010668
0446521582
0345452488
0449241734
0671532766
1892213745
0893756083
0140363033
0393010244
0679723374
1930252986
0345430816
0345405072
0451203771
0373166737
0375727345
0920668372
0140177396
0446612626
0393300560
1551665832
0140279725
0330282840
0676973418
0714838500
0684815257
0898153859
0553576046
086571407X
0373123507
0385312466
0440295556
0590692054
0373765290
0064440907
0786867787
0696217120
0375704884
0786886994
1931686572
0670848549
0226472531
0060092149
0553271636
0312246641
0671748084
0060263954
0307336565
0064406334
0451079590
0684834308
0671528068
1555973108
0553566067
0517598493
1573225797
0743202236
0671017047
0440225590
1560252324
0785266097
0689805985
1586648721
0140446028
0754023818
076453243X
0451401964
0312253826
0020418809
031220597X
0373871759
0684831546
0448095165
0285636464
3785534566
1904492355
0671602705
0345339711
0380788624
0345423097
0451176723
0942257324
0553584340
1579901484
0060173149
0670327107
0312967098
087793410X
0805062971
0140446389
0679776818
0679444785
0425195295
0399138412
0688140475
0486224619
081202947X
0671463004
0892552069
0312977441
0373483546
0441008933
0571212018
0894712667
0345314255
0345272587
0871401185
0721405975
0553560271
034544003X
0553252429
0934802904
0375727132
0373250134
0140249990
0671496786
0531097056
0395670292
0393320979
0385480539
0596000855
0140183574
0671758896
0785808701
034543711X
0399147152
0452273447
0884042898
0140447210
0435123904
0671721038
140007567X
0140386335
042514609X
0061081841
0671728288
0517101351
0553101447
0060503068
0515122491
0393318680
0830811737
0451524020
0156000024
0525945415
0965866823
185326041X
0061050350
0399146113
0812509439
1561483621
068486875X
0671783289
1570719586
0679459618
0684802732
0316314927
0312854412
059033123X
0761521690
0670030392
0440208912
0684842114
0446400564
1565048946
0671753673
0812523466
093607003X
0385314280
0812967607
0874831121
0441005489
155817169X
0451203046
1566193087
0446608475
0201136899
1563890410
0743229517
0812509137
0439087635
0486228185
0380977214
0517560801
068484267X
0140431950
0451452542
0449217264
0671792288
0451169514
0517575418
0380807122
0821749749
1888451491
1854582054
0385492634
0740721984
0373765797
0141311096
1551562847
0140620664
188712876X
1580623034
051709309X
0140370951
0913299545
0861122186
0764552503
0152015051
0452281547
0345424654
0786015039
0671865714
0743235053
0330288393
0205280854
0312155611
0451204948
0889740445
0006472184
0515121959
0590472984
0066210151
0967370167
0152163778
1559721138
0912333022
0792274512
0836220889
0842329161
0590023810
0805056637
0671776975
0140440224
1931561001
0373264917
0688143997
0345375599
0449223043
0374175268
0965429903
080213341X
0027439607
0061032425
0380758903
0684853620
0789479907
0886775795
0380725592
042517400X
0373264011
1555832938
0618082956
0505525410
0590187503
0345409973
0440987261
0385264704
0553561618
189110506X
0385720726
0451206371
0393312836
0061030643
0465016197
0975164619
0399140425
1574888498
0345326490
1400031001
0812544404
0140390022
0380978210
0312267819
0553205544
0060081961
0812580133
0316359556
0804104549
1551667479
038078145X
1859679404
0312166818
0844222976
006097169X
0505525836
1887317031
0425166139
0743225082
0679761055
0345433270
0874774667
0394576675
0060175028
0425176339
0099288559
0486264645
0393324389
0684814897
034540792X
0517500248
1565923251
0525937331
0061056278
0385507593
0452260116
0140129871
0451204298
0310239621
0452283035
0552143774
0380788497
0805037756
0553377876
0449150631
0671797050
0060955406
038533690x
0385086954
0916515575
0471957143
0689823959
0552139246
0789708760
0395445949
0440908035
0316150460
0316182540
0553492357
0140443843
0060083972
0451206673
0582077842
0553580302
0380001632
0553583360
1555217532
0802487874
0830713549
0966646908
0804110557
0061013544
0440215773
0425165779
0140042350
0805057706
0375700994
014028088X
0385508719
1551990296
0441166164
0553229680
0517883767
1582432597
0449211282
0679450432
042513329X
157322796X
0531301427
0671776800
0307987655
0446602558
0380710811
0671536079
0345388771
0440226430
0312983867
0805043918
0440234743
0671881167
0800757505
0671023411
0684196387
0812584228
0380790904
0375724575
1560254106
0449001245
0393047229
0743411307
156138092X
0425195457
0425187071
0965881199
158660306X
0679759336
0066621054
0425190927
0874778964
0786886323
1568843887
0399141065
068484415X
0451205952
0486284727
0670896535
0201006502
0743411358
0312982860
0140502416
0916291006
039914613X
0440207614
0345310020
0312056133
0380710897
0141001615
0312253192
0373765045
0395647266
0881845973
0060278234
0805062440
0394856392
0486218430
0312981589
0374404143
0345419995
0446527084
0449900576
0671510991
0375758739
0060185201
0806524154
1579730671
0140340343
0060002077
034538184X
0060294698
1890035009
0913590886
0028626923
0679454292
0061099694
067169507X
0811212394
0803250401
0764225596
0385333706
1879181517
0671458531
0062512919
0340832878
1885171471
0375412824
0609808060
0898865425
0679744398
089480751X
0141301058
0375700048
0590673203
0671003593
0064440044
0805066128
0374525811
0028636619
0394172086
0684810077
039568093X
0670820121
0201409712
0743221990
0451457323
0743485068
0345351878
0451184726
0679724451
0375704027
034542865X
0789706210
0515132020
0552138436
0380789833
0671020293
0446606243
0553288474
0451410300
0312923120
0380720450
0449287092
0515131229
1551669455
0670030724
0156007401
0749399570
0750915943
1590790553
0553569082
1558745432
1556114419
034530988X
0140167153
0060901012
0873587316
074322311X
0002005018
0380705648
0451209672
0446608653
0062501143
0553561537
0812576403
0757000088
0515108030
0201835959
0440206138
0786888091
1878424483
0553100009
0449211584
0679751319
0064405001
0399148027
0373116608
0804114250
0064303918
0553293389
0679771832
038533530X
0451455568
0060185678
1573928798
0671000314
0670401765
0316693286
0822053497
0679452524
0886775272
0440221919
0743410181
1565073584
0892966548
0192835122
0060920718
0553571656
0425099202
0380725576
0446395382
0060927542
0525945121
0553345907
0394410793
1558748865
0375705228
0671695304
0451453328
0395137195
0874779065
0385492421
0890876517
0932633439
0312146868
044150485X
0393320294
0395562635
0306460025
0534207189
0609800329
0446609404
1566868769
0394755456
0684863561
0671694391
0553484532
0451197763
1564145530
0449453197
0786886366
0671701606
0515130125
0865476063
0446520381
038081479X
0760310904
0471383538
0380722607
0380719185
0451523938
0590442996
0802713955
1572492546
0316291161
0345401123
0691020477
0805051732
0465072836
0060184078
0385468709
0451160533
0140241396
155105096X
0380599317
1885865309
087584801X
0441094996
0441479626
0130600342
0140620206
1840186348
0590485857
0736037772
0231073372
0764565168
0764552953
0312869061
0316706205
1885211198
0764536575
1558742131
0894803166
156205791x
0312982003
0380423901
0886778697
0060172916
0380800985
0688171451
0553236911
0312151403
0375505997
0521599652
0394748646
0440491835
0385475713
0375800107
0316164933
1840672544
0310210062
0609602497
0786906839
0349115087
0445406518
0440217490
0671536613
1573220973
1557489378
0789202220
1558506462
0671721259
0385508042
0743418174
0345386744
1563521024
0486277860
0446360856
0061008818
0425137562
0140295577
0425173925
0140188592
0743200330
0802132952
0684854961
1563270439
0843951869
1562760548
0312288611
039914711X
0425145107
1574882341
0618002227
0821739514
0152010661
038508854X
0393308189
0452272319
0312205872
0590336010
0385335121
0451453697
0060988134
0440500079
1576733874
0201485672
0688111289
0446400696
0553212486
0743423011
0060008873
0345324668
0399133275
0517799634
0312265042
0060974559
0590936026
0340748583
0385333846
0671019155
0451156234
0894715968
0802132871
0061312274
0380777320
0440213991
0385313845
0525946829
067104155X
0671008188
0553801341
0822202557
0486656209
0449911780
0931580781
0670859508
0446528382
0385182449
0774712678
0812516206
1580050727
0892967269
0590457217
0738700010
0812545141
0767902890
0486284840
038081563X
0786860197
1853260789
0140158502
0553254510
0060197005
087923556X
0765306646
0449210952
0767904575
0843949678
0394715195
0786889411
006019636X
019283603X
0373033486
0312762518
0671884298
0421544600
0671877445
080931150X
042518336X
0806127074
0875961630
0394571029
0395822696
076534128X
0446676659
006019393X
0373194927
1841153524
0375705198
0312980159
0151006261
0062502174
0345443284
0505522659
006017983X
0061052965
1573228583
0060927488
0385336209
0553287737
0312013523
0451527534
0451202724
0425184056
0140071504
0380712369
0553802054
0618131701
0345361792
0970936036
051511054X
156032869X
0966378601
0553246461
0395711339
0767913795
1573247022
156554756X
0393322815
0671009141
0590846280
0380731797
0394571819
0394875001
0882666096
0380973642
0380818604
0002222752
0385498527
0785264191
0449221393
0345345991
0060953713
0060170409
0156006529
0138404968
0375407251
0898792932
0816740593
1857984587
0679741453
0345344022
014062080X
0613362578
0451526791
0451168283
0671556649
0883681706
0553106163
0590424009
0679738142
0679410139
0806963042
0671000705
0679434046
0446607231
0812530063
0060520736
0671866397
0275939618
0394411595
0394620305
0345427165
0060292873
1879682656
0671535447
0440176824
0486264653
039914840X
0061097853
0914946986
0875969771
0373076444
0786710624
0761104836
0425053121
0451179803
0399527737
1587155664
0440227364
0394871804
1557342903
0373227116
0060090251
0618119809
0684843269
076790849X
042512830X
0140588965
0140714847
0767904168
0312863551
0140172947
0380690969
0375504397
0761130632
039450657X
0671884484
0916856038
0674405676
157954486X
1580627749
042516019X
0671749013
1893956032
0395906660
0688018130
0590404717
0671875965
0553107445
0312092903
0140095756
0843949996
1578562821
070434100X
0205321763
0385469071
0226067114
0505524228
0140328718
0553282204
0520064933
0814319025
0808572407
0451205081
013948647X
0679743839
0440108268
0517200554
0312150695
0140050000
0066211115
0020315910
0806968281
0413771164
0393050947
0743458036
0345430573
077104450X
067248448X
1857270967
0743427084
0471350974
0192815105
037325993X
0786843195
0312983301
0517562898
0767907809
0688178111
0345369106
0671008978
0671864416
0590489410
0060506679
0843950234
0380789604
0881847402
0375506292
0939516101
0451157443
0451519582
1856976629
0486299414
0007100957
0895264110
0893754161
0553275615
0451160312
0373710526
034910509X
038546973X
1551666677
1570649502
0345338715
0767905202
1563151715
0312283091
039304050X
0380538199
0553253034
0671721720
0763616052
0553580558
042519311X
1558670815
0446611328
0312421273
080411868X
0440910234
0061010103
0449208559
0060698640
015640057X
0761123695
3822864153
0061080969
0380731398
0345453743
0345435869
0816706050
093727495X
0099435136
0446530743
0440111323
0345302745
0439160103
0553277235
0446517259
074927736X
0471178837
077102231X
0449232522
0425179613
0306810476
003063864X
0312104332
0440204194
0451201140
0446306061
0425120279
0385315511
0886775744
0452283507
0061099341
0345360338
1852425423
1841721840
0373292252
0131003550
0679451226
0840734247
1400032717
0440224845
0330234471
0786011645
0679429069
0515132772
0740705326
034543241X
0880389109
0201490889
0307021858
0810918889
0517570211
0886777917
0020199201
0385301499
0671738844
0515130389
055325748X
1570620911
0505520958
042516926X
0300079265
089879997X
1402201427
0440238153
0696209268
0679454470
0399128298
0446523003
0060512806
0425140032
0743427149
1570713383
1551665824
0425176487
0201708426
014025241X
0312970234
0879100362
0330341634
0446519537
0679426612
038073267X
0553278819
0679457704
0553122789
0395892732
0736045430
0786918055
0743474325
0553255762
0312956789
0440234948
1558749616
0884042863
0060187174
0345368916
0312141440
0671027379
0060670843
0064409457
0671670689
067400633X
1568654235
0394552989
0452285070
0440986311
0399148450
0140296301
068481580X
0750918330
0380818760
0399132260
0805056211
0449908631
0880385529
1569801630
156858217X
1842322737
0670891770
0553585681
0395977657
0671027581
0380892847
0394549082
0060086637
0553280147
0451458184
0349101787
0312423772
038524245X
0393047423
0345426800
0764565451
0373805438
0743243803
0807612596
1560980516
0515099546
8474329000
0395647258
0385285965
0553211277
0312261888
0380703890
0684802449
0684826631
0140422250
0300069561
0609604317
1401352014
0440238137
0786866845
075640049X
0375705171
0806523956
067187599X
0743225805
0312270801
0465049052
0380817705
0671774786
0816614261
0684859343
0962819034
0330262130
0441008216
0380704412
0060507845
0241107113
0451163516
188886916X
1576733971
0201489392
1400046149
0679744665
0061097667
0373834357
0843948507
0449001016
0891074805
0140430377
0942668014
0553276875
0767906632
0671769227
0679742018
0811814238
0451152190
0142004618
1879960427
0399139540
0304345350
0312195516
1561790419
0679733558
0201073978
0894354655
0061096016
1850282633
0684867192
0071383832
0553293370
0943127009
0440211263
0385468717
0060157550
0515117242
0553560441
1569245150
0393321320
0517084791
0553560980
0679723161
0385315279
0394588150
0595287441
1576832880
0451526341
089909337X
0385303084
055327676X
0449209695
0618065822
0897934016
1932360069
0449220184
0446678503
0140143505
0385324081
0684816032
0373484909
0006385907
0395436206
0452267781
0805062009
0871318059
0517266555
0373036582
0345445899
0140254188
1560232234
0816629927
0736913238
074325337X
0671468200
0811213765
0062548689
0399145990
0743411463
0553258648
0812540344
0843952776
0871232510
0345335538
0380789612
0806925175
0253210585
0394819616
0345354648
0349115761
0517201658
0142302198
0802140211
0843950757
0316153915
1550549804
0399139648
1862072515
0312964293
0345427580
0060506989
0385721250
0345441036
0671880187
0451200101
0679424474
0782123813
059043411X
0767906713
0006280625
0451409973
0385196210
0380814390
0688172288
0684813998
1571458735
0571149030
0439179580
1588720306
0061014176
1557235910
0140193391
0887308589
0395585643
0425115860
0671877844
0448089084
0671721097
1566091470
0515101486
0140440496
0934252238
1559705051
0440214041
0345448820
0451207106
019282970X
0486268780
1563055597
0811811409
1899171908
0156012197
1568361521
1578561256
1556708556
1563052377
0395368057
0805000305
0312973691
0786862564
015600464X
0886776791
0738200093
0802483305
0671557971
157223217X
0446611247
1562826840
0333691482
0515118559
0385086911
0330351923
0609803719
1861974450
0310201985
0373484380
0671491709
014015020X
0451182847
0553092626
0670894885
0385333676
0380708566
0380755548
044111816X
0425185249
0312978979
0940322080
0679602984
0671685236
1551666022
006109403X
0312573324
0399125000
0425147584
0380820692
0375760245
071530982X
0671721232
0306809516
0440211891
0671794264
9681500601
1563896443
1563896656
0671502689
0679432965
0425099229
0062507540
0449204324
0440225299
0060586370
006109918X
0312982518
0451161343
0099282194
0805051066
0743448642
0471815047
080213016X
0451524101
0881032670
080852075X
0517799995
0132000563
0451177053
0060808306
0140274146
0670861944
0345407709
0451204719
0007119666
0806122668
0843950552
055358636X
1877961108
0786884142
0517163101
006039384X
0671024248
0394576780
0844257796
0451157281
0312084994
0812518446
0452284392
0064406229
0940920123
0861248619
0399151443
0006550789
0441005276
0380871149
1561706086
0316969680
0886777631
0804118302
0380762587
1588720012
0804103003
067153873X
1570711593
0679732438
0688075096
0394733118
0965693015
0670835382
0380784165
0880389206
0151907366
0932379869
0553408453
0451458559
0333761405
0345460707
1850103860
0345384245
1569246009
1593150180
0590849131
0312920105
0449002764
0789421879
0385092393
0310239826
0061031844
0385333862
0962623164
0060931132
0525444513
1853260142
0894802038
0440221420
0767900383
1563054671
0340750626
0553482092
1561342483
0330418165
0061063223
0140440925
0399144315
0714121657
0140620834
1558173455
006097334X
0312306180
0785212035
0671224964
0743463838
0802116485
0449005852
0821742841
0330362453
034543479X
0393323579
0721408230
0743436679
038548254X
1558214267
0446600547
0802140149
0767906039
0385491034
0446373559
0883639351
1568843844
0590640860
0586044566
0399142487
0886777100
0312167792
0789451727
0380815931
0688116752
0553573705
0380977273
0525940413
0061081671
0312253397
0375706852
0671459279
0394838610
0373872119
0671003364
0786884088
1551666952
055327953X
0380731983
0821227432
0393310477
0441000908
0440220734
0441009700
0345408578
0553375563
158261363X
0688075215
0812507428
0446609307
0141182555
0679738053
0140113428
0674011813
0877072825
0671004026
0451099648
0517163098
0872202283
0395282179
1551665468
038533334X
1571310169
0517091267
1590580486
0471345342
0062736868
1892051060
0060508175
0425158365
0887763871
0552996181
0399146687
0064470997
0312143729
1861591845
0393319504
076534050X
1583940537
1570642834
0965157628
0671740075
0943233437
0440504406
0449217426
055326981X
0812522486
0345351525
039914465X
0028638670
0515119210
0345374827
0349107386
0440145465
0446310786
0517524635
0375703764
0618219293
0061081116
037570485X
0441304834
0064405036
0875523528
0802131786
0425108937
0898159091
0399150412
0451459121
0789429934
0590462318
0449005569
0886776341
0449003000
0060927216
0671008781
0671689762
0399145664
0345357213
0679744940
0812540026
0201050714
0312954212
0671497545
0373482434
0886778913
0756401453
0553348973
038079439X
0451188888
0394170032
0345374657
0671027360
1558533834
0767905288
091847762X
074346771X
1853260088
0345434803
0671878638
0932194869
0020518609
1841950440
0061042390
0684844729
0151004897
0807004553
0451191153
1551662779
0809463121
0345433491
0684843560
0873958829
0764550616
067080889X
0842350357
0446601985
0679430717
087975446X
0441005004
0812991060
059069216X
0140196102
0965597407
0664250149
0505524546
0590060198
0809001586
0399149848
0684867621
0316031313
0385336608
0440206081
0062732757
1561631256
0688149790
0192835025
0140187812
0064400409
082176828X
039914739X
0380792737
0446608297
4770017073
0451409132
0385335377
0140345809
0062514423
080411935X
0767901843
0385722583
0064401847
0839786433
0333495020
0449148041
0471089656
0312971435
087542791X
0486288595
0312241135
0446670219
0440800099
0060976977
0151157936
0671729497
1551669153
0192632442
0140118470
0895261634
0740706020
0671464590
0192816314
044661307X
006105691X
0385503466
0590400258
0449208397
1853045586
0821755919
0803979576
0446516325
0156453800
8440680651
0931432022
039913932X
0671523074
0060277327
0345382536
0553247549
1564586677
067081458X
0553047906
0440203430
0812570227
1565924177
0896939758
0451180216
0380732890
0345414934
0156586509
0312924801
1573240192
0375754725
0684823799
0840767757
157243144X
0671016997
033033784X
0451195922
0316109339
0345351452
0871138018
0671638688
044050404X
0895778343
0684804522
0786884592
0060974516
0679722955
0060393025
0844238996
0441104029
0399527494
1400050219
1881527131
0385318073
0373119542
0771056265
051513175X
0385315724
1565294394
0425143945
0060984031
0877286760
1559722509
1582971862
0525939873
0517204770
0140253580
0310415217
0517884410
0882703935
0671741039
0385418868
0425162788
039913493X
1576737535
0786011440
0671654209
067144901X
0399145095
0330491199
0671638106
0312635443
0670884537
0809232197
0020103700
0061000043
0763617261
0060238100
0026071509
0842355715
1878825089
0517127245
0072121270
0312069200
0809239418
0786862343
0446400025
1400052939
0060099453
0812520793
0312019270
1583225382
0767900324
0743428188
0515093491
0380761203
1558532161
006109157X
068483295X
0446611816
0061050628
0671003461
1903458064
074347919X
038073320X
0441007244
0698118022
0553581430
0156002728
0688042171
0452284694
1560971169
0028639588
0140092420
0374526222
075531056X
0671867296
0385506686
0684190656
0940160102
4770017014
0425155293
0609809431
0786889381
1569313245
1559720379
0618197303
0449225666
0441090737
0395924812
0812234715
1561451304
1586482475
0330487248
0814477631
0922066728
0385486804
0140273255
014027927X
1584652829
0425181898
0849908647
0810908514
0140283579
0671673661
0345327306
0312877374
0689704313
0792273567
0812563581
0440201969
0767905873
1858285895
0804105995
0385420773
1844130533
0553268899
0821766570
0515126497
0440216877
0441117732
1400048559
0886774667
1853262617
0743235142
0764550950
002863649X
1894663365
1556111185
0805010858
0345416880
0380709600
0521777526
0743211383
074342851X
0062735233
0684196808
0380730847
0385314744
055310893X
0590065912
0345282132
051711870X
0192802526
0312979983
0345454073
0939218208
1570251401
0070212570
0385469683
0679735666
0671793772
0440918022
0446603716
0912670665
0805052054
0553109839
0312978383
0893750824
1582341400
0762704497
0394512456
0195089618
1884910432
0743456203
1573225789
044651554X
0684835983
0553276778
0684839385
0893815381
0373510179
0393316580
0590451030
0174441703
0679721983
0312977018
0451202902
0441005837
0140266909
0345397827
0060170808
0060013125
0061094080
0793818559
0553246143
0671016784
0451172817
0789434504
0312744994
0804107491
0874779669
0306802813
0349107688
0688171958
1561794813
076790382X
1569310874
0722539401
0393321096
0395660793
067103541X
0684809001
0743436822
0679740384
0802713823
042515601X
0446691321
0195284925
0380762366
067100395X
0385333498
1583144277
0486250237
1414279175
0811829677
0805063196
0307117138
081181744X
034542302X
0767906284
0446523224
1840242639
0671039296
0425097250
0345387651
0970637799
1571741941
1858287197
0515133418
1551668882
0894866583
0679854290
0449006565
0399141596
0374265828
0441005616
0375413537
0425188795
8495273829
0802130720
0671472569
0375725334
0345306317
067101398X
0060105283
0330294911
0201558025
0140431020
0883961989
0840714742
0812564669
1559702680
0867063505
0394709004
0809039214
0312984820
0393322157
0345336046
0812504364
0375759093
0380816555
0765306131
0060505273
0399522999
1883052238
0451453727
0786708425
0875421229
0440236738
0440204879
0743225422
0465046215
0711710538
0312978022
0140279288
0140620621
0066209226
0375727019
0312986343
0786006528
0440217628
0871563339
0525936327
0140390030
1873982712
0843952180
0830813225
0387948791
0486200701
1862042489
009183113X
0881845477
0399133143
0553213180
1862041164
0849937140
0439997119
0375422366
092971217X
0393049841
0486217930
075820261X
0141186151
0671041177
0140041796
0786915676
0441009603
0062736949
0805050248
1862300372
030730308X
0718144503
0740706004
156865328X
0553569171
038547802X
0747241392
0060800216
0553267701
0553584510
0449006557
0867195525
0345433068
0515100293
1558747613
1859841325
0553269135
0373250630
0451169522
0345424646
1562542621
0373196741
0679894233
0425158632
1586481177
0425194604
0671748858
0553577360
0394810090
0451627547
0375760814
039592720x
0812568850
0764222155
1578700396
0425035484
006440630X
156884168X
0399238786
0871138700
0871138042
0743423550
0345395069
0140201092
1588981347
0812515285
0804107386
0671672665
1883285186
0330328743
0767907639
0140169822
059045353X
0312987846
0385337434
0671042505
1856196089
0375501371
0679721886
0451406818
1843337045
0130257710
0155062565
0590448307
0553280945
0312034318
1892213605
0345288963
031289077X
0786707488
0425188388
0890818576
0380795272
158229190X
0449908623
039914868X
0451126505
0886775809
0440240875
0449704335
0345372050
0333693698
0505524503
0446520608
1577170229
080075137X
0929387171
0553293397
0140445560
1401301312
0061056898
0761101144
0671776126
0425143325
1573227951
1562470043
0061054275
006105111X
0671874527
0684843323
0486272974
0671888021
0553265865
1573222739
0375505261
0785281754
0679738762
087666933X
0425137937
0786889179
1564146685
0809234726
0140285105
0310252172
0440975344
0525946896
1586480421
0805066225
0195076672
0399149864
0767910206
0553212788
1566190304
044652302X
0892817771
0618002235
1852304839
0688121195
0448089068
0486419258
0940322684
0894806149
068480297X
0684852756
0824504836
0374128731
0849937418
0060915412
0671519980
0590479881
0060014156
0380978091
1573240621
041645240X
0441011632
0380773066
0316919896
0060977493
0373217110
0373226578
0373764405
1564145662
0553580213
1550501852
087113795X
037364289X
0060515163
0192834126
0782121292
0453010105
0812513738
0062732234
0812505166
006095244X
0619131209
0425141977
074324642X
0446611638
0671695649
0397306938
0451209486
0517175126
033035082X
0471392162
1550130994
014011582X
0312422156
0007103867
0553564943
0312963815
0836210263
0385473788
0449911535
0679452354
0812550994
0811213641
0452283949
1561791121
1855853612
0140036903
3822824054
0743227441
067187294X
0307440036
0140195823
0679428887
0375700668
0553569910
0789305186
0553562398
0842332359
0747545634
0671036564
0425175030
0879836458
078686818X
0140060898
0471133337
0671019961
0440224624
0671526723
0062513117
0380002930
0451203291
0373270925
0782141676
0312181876
1581172206
0671755056
0802774784
0380806347
0312974469
1400048869
0061056472
0333632354
0451408810
0586057242
0821757903
0802130933
1567311032
0452271525
0345397843
0553258990
0553563696
0394723929
0425107035
0679412956
0765344572
0451165675
0446527793
0679444793
1858286999
0375704515
0195014766
0060958324
0140263454
0374200386
0811808424
038081918X
0441662536
0752801716
0449912302
0440213460
0446525243
1859844103
0590477838
1577193571
0553295772
0151004218
0679734465
0440224047
0060959258
0552525979
0385474547
0061080276
0060927240
0671026704
0875420281
0451457528
0345346831
0451408683
0140256385
055323336X
042519597x
0345371011
0312857322
0486296016
0805059555
1569470618
0895297272
0789719274
0330330535
0877424055
0878573410
0688125751
0553445650
0517003937
0671759213
1580631088
080410946X
1551665794
158243140X
1560973633
0670031062
071483839X
1852424001
0393303756
055357258X
0452272955
0553576623
0821748580
080105625X
0767903382
0590603647
0140288910
0374453098
0440111498
0749920904
0778320251
0064400964
0061097314
1558744606
0864427557
0684842572
0140443355
0440935741
0786015543
039332219X
0765303817
0446603856
0689835086
0140232028
0425104346
0743400380
0374280355
0553566032
0590485830
1888363479
0670842281
1902304594
0440202043
1892145057
0553292722
0812589823
0440957761
0394557433
039308700X
0804118299
081180612X
0061031097
0425133656
0836217012
1562827049
0394753666
0785282068
0446610178
0671767895
0515137529
0330375253
0962729744
0802136109
0451180410
1858284422
1859580068
0345391543
0195125568
0375707972
0060952520
0812018761
0688140718
0805071377
0735612846
0671032550
0140153349
0312263996
0140440755
0385247494
0380819597
0307116824
0446531251
0312873263
0385729332
0553091867
0593044797
0684867699
0446532452
0553802518
0515135739
0679729798
0517884542
0684802309
0451454146
0688065317
0449140105
0671727583
0061097659
0590419412
0764504193
0141301155
0505523728
0140367470
0394747003
044023705X
0345433300
0812513754
015626224X
1851825754
0515121495
0385073534
1551664941
0140440259
0883656760
0060097973
0500280282
1590521986
0345382447
0425162672
0671738267
0451149629
0375758453
0140345353
0028604199
0060830956
0141001828
0805074007
0553100017
0375503218
0812524608
1582431604
0441009050
067101921X
0312929811
0140139400
0409314285
1569711992
0786866578
1857881370
0061052612
0525947132
0140186549
0071361405
0595223141
0373032900
1551664976
0195007778
0842355200
0380700468
0886774802
1565543432
0373440421
1570829799
0812571363
1883013615
0142437093
0553273965
0671874330
0451456599
0142400653
0671873180
0140157379
1573223522
1863730885
0765194252
0449005615
0553265997
0671796119
0842365508
0971633800
0316179930
0312202318
0449004023
0446320277
0140230165
0743435842
0060234865
0871233215
0261103288
0553251139
044020447X
0385495404
1575665972
0684825864
0553579002
0874775191
0425185176
0195147103
0812572386
0806637102
0307960137
8440677197
0684823780
0385334877
014014109X
0515134384
0399147381
0735710759
0374292035
0553155687
0385499825
1564146723
0743246810
0312854285
0449211827
0743463358
0399148663
0930926269
0345312252
0062516590
037570521X
0385720483
0375403973
0553277472
0140100911
0743456866
0060163976
0451406400
0345378385
0452279690
0345427491
0451456424
038073155X
0380978326
0486230007
0060512113
080371274X
0140301690
0679750789
0345428595
0786843705
0553213741
0140124373
0451179285
0684855631
0842388036
0786929804
0689710887
0517309785
1572315733
1400031184
0373244223
0749004002
0590568809
0786707763
0590498495
0807070866
0847688623
0062700472
0416196764
0440213029
0553573292
0446527289
0060182687
0517545357
1551520672
0449239047
0671722719
0553576143
0590477382
0941188701
0440222486
0345448286
0061097373
1853260444
0880380209
0446670588
0142003069
0684846845
0785281282
0679742298
0812234316
0553563505
0679879269
0140284249
0316324183
0399142703
0345453387
0912500514
1579545882
0385474903
0451202252
0553208071
0140001409
0441010202
0385489935
0688117058
0312971397
0618260250
159182379X
0525483454
0671317253
0312929846
0345450175
0688121896
0441008720
093531282X
1551667894
0142501190
0375703861
0140189440
0345316223
0765194279
1585670987
0345425421
0373037635
0679444815
0307101401
0812505182
0440201985
0140080791
0451518012
0812507649
0802117678
1570642796
0345446860
0870234439
1565070372
0743204476
0060931078
0395877431
055358247X
0802135072
1570716870
0590404008
067988341X
0877735948
157322930X
0964425890
1551668726
0394542614
0451167872
0844237809
1551990938
0375756817
0380808161
0451458311
0312300514
1593080158
0314203850
0812544501
0912158719
0836218671
0061000671
0276420357
0590879979
0679450092
0517584212
0446802204
0859695670
1574101277
097050490X
0394562720
0679736360
0671028146
0312283571
0140441212
0553102222
1566190568
0380001098
0440227151
0671522671
0684831066
0446321540
0671876198
0880640243
0380711079
1561381489
0451175867
0373094639
0743456823
041592913X
0312267460
0525155627
1556110219
0571204392
1575661934
0849990483
1558747346
0449215261
0671700995
0671874349
0582418623
0764553410
0061094234
0062734792
0751532878
0871132044
0849916836
0900384271
0688007465
0380715929
0767915062
0553095153
0140234535
0765343266
0811201023
0451211596
0670840645
0684862220
0385720211
0865470561
0061057363
0805210318
0671511432
0452262143
0671026224
0375421165
0140144595
0075536668
0749406739
0385327943
0553405071
0062506838
0786869186
076791029X
1573229385
006251279X
0449210820
0671733893
0345413903
0399148817
0394724399
0753162067
0446675776
0140094547
0486250334
0671646788
1565075331
0316815837
0553579282
0671721291
0553108034
0393313948
156584100X
0671899481
0380726246
0786889020
0151621306
1565048024
0440111889
0553568159
0385483295
1891620428
0553279718
0375402403
0789401746
1578590450
0764546562
0961413514
0684839547
1580050433
1573223565
0613225783
039480001X
0596001703
0517662000
0816039798
0684831694
1573225126
0688096107
0553258001
0060184817
0590426702
0670855049
1573456632
0440132789
0895296640
0373123337
0449206874
0312855605
0375431128
0201416964
1878067745
0394575555
0142004235
0764560794
1861052197
0312983379
0789420473
0446606324
0375825053
0312246560
0836214439
0060955899
1856480151
0060011904
0553572857
0380767112
0553204564
1565049071
0446609501
0446612545
0451452313
0892814241
0312973624
0375500952
051513628X
0380789132
0395510104
0805061088
1878257862
1565120140
0451207521
0525947590
0385722206
0316877719
0060938455
0968566502
0345419081
0964108003
0670837652
031021923X
1570624380
0688111106
0517202700
0373290799
0140185011
0886773865
0891417230
038572179X
0425113884
067943299X
0786860588
0192833790
0805021000
0064473120
0380012863
0062510770
1560250682
0060923881
0553250256
0451147960
034540761X
1879706776
0440223814
0425172554
0812590260
0140071083
0553268449
0345350588
0753804921
0460876287
0385192401
0670032379
076361792X
0452284716
0889841861
0809234300
0345453816
1585420093
188473720X
0020442106
0679452532
0380978954
0061059056
0312965966
0439376068
0156027372
0440981980
0679424903
0671633198
0517599295
0345329031
1567181368
0942272080
0752208055
0380899361
1585420360
0786863218
0679721037
0517571064
0441483119
0970746865
0517020602
0525946969
0460110225
0670879096
1565921240
0883639335
0764535153
0471455083
0375410945
0679781277
0688132472
1580623085
038550926X
0671670662
0375704434
4333012031
1591450365
0679408363
0312154879
1854582747
0425186709
1560252758
0060172479
0671002074
0373288506
0801865565
1573220876
0962709131
1586609696
0679762906
0030707315
0804815666
0060191473
0025372300
0345316509
0802150616
0736904336
0345401964
1589193571
0671777130
0671743074
0764507230
0679777431
1564028593
1410401634
0809117541
0875961908
0740718606
0688046134
067982412X
1564144992
0811826015
0671739751
0441810764
0395686296
0425187381
031227193X
0425158640
0679456813
1565048032
0142003190
0446364754
1570621799
0373290764
0345421396
0812517938
0671543296
0831771135
0679722319
0679445315
0752825259
0374276609
1560763558
0505525186
0451205006
0671537539
1884800394
0140156046
0140243518
0375410635
0595125077
0385311214
0140294309
0393038041
014029189X
1853832162
0394758277
1550224670
0375759395
0836803582
0688147259
0689812744
0345357280
0552141275
0385336403
0671898582
0312186886
1869847989
1582380295
0806995130
0385493029
0590483498
044922239X
0786904976
0451524616
0192834401
0440166497
0451092163
0671027662
0671027077
157062030X
0451192001
0449211738
0671578073
0060965517
0553565214
0345280903
1571892044
044020271X
0553268074
0849931304
0670894605
0671696068
0380774135
0872200620
057120371X
0515092509
0515110396
0553382179
0684869985
0786706155
0312275420
0849955106
0440215749
0895295245
0060201134
0312254385
0060953691
0312959435
0916773337
009182852X
0929264428
0500012733
0380721929
0670031720
1557281262
0786866470
1584855215
0373482590
0812540034
0375503803
8401385008
0140194762
0805013407
1582970734
1570627401
0380727617
1852303468
0743407083
0452269350
0806929987
0399143718
0374281602
0842340971
0670891568
0844237663
0156011042
0385115784
0091876567
1583224823
0440507294
0767912950
0465023223
0515133701
0671447483
0449910857
0345331826
0553212834
0385334303
0140298479
0753804611
014005832X
0916366634
039571687X
0590414151
0312854919
0609809636
0394751043
067088796X
0553564528
0140067779
0843930314
0812967127
0425114236
0345335465
076422588X
0155025457
038533558X
0140366709
0679724885
0553210823
1561483176
0913089257
0767905180
0140184325
080503885X
0689835337
0785274715
0684857278
0446310492
074346625X
0810935627
0740709895
0425165728
0380714868
0689710879
0380730367
033033848X
0451625552
0440505003
0892749482
0553572032
0671722859
0201737906
0440840007
0385335490
0380703254
0684869462
0060913304
0809229897
1573228567
0812558626
0385499345
038549825X
0773760571
0762704136
0152606475
0446677558
0515120618
0380973650
0553210378
0939666758
1400031044
0396086187
0394587952
0449224147
0060194170
0375700730
0743223233
1565847172
0806902930
1402200544
1561706213
0773761985
0590819755
0393960579
0312978340
0684853779
0345389247
0066209870
0720611083
0312921411
0380733064
0440215625
0877736766
0871136538
0385333927
0006480985
0060981075
1560255102
0441002064
0330352695
0446363669
0809238152
0870448668
1570711534
0793827590
1885394004
0684837013
0590767844
0679767398
0895263211
0871138433
0060932902
044018424X
1585740233
0553574574
0345317580
0618444114
055357468X
0876669658
0425065553
1857026853
0811720896
0743452739
0671039830
0380756501
0399141928
0753501392
0785278397
0679779078
0345369343
0140244042
0451404645
0385498799
0380803003
0373290772
0425190641
006091291X
1567184715
0192834134
0671676253
0894803557
1560793945
0590484125
0743225724
0553802526
0874778883
055325636X
0425193896
0761317279
1562470345
0553801309
0425178862
0399147969
1557045119
0812520238
0812524829
0385297300
0440225817
0375420991
0140112286
0722535961
0345343581
0399148019
038081093X
0451198638
1563520923
0812570944
0440235200
0385484275
1857026691
0571161154
0874869978
0140102310
0919574432
0523485476
0375706062
0394563581
1402710658
0807551414
0345440129
0618154639
1577310160
0345374568
0441003745
0843948949
1555425542
0373288972
1854592920
1565920015
0679776117
0440234573
0020869606
0765345013
0743418204
0060805951
0525939695
0380756072
068417653X
157145697X
0007141076
0345309049
0948456140
0312032978
0399152288
0312989717
1568846444
0312209193
0345318013
1400031346
0345441222
0812968212
0345433165
0451410025
0811834956
0446600962
0446525235
0345439414
2877141969
1565297768
067988338X
0871139189
0671568833
038097407X
0060920874
0688163165
0452283205
0439560756
0449210677
0375727086
0373243278
0425181111
0451450124
074320297X
0893753440
1570713758
0440225906
1401300553
0679723064
0670892963
0671652192
055356871X
0440136482
0451513398
0375704426
185326606X
0671773771
0609610597
0028623002
0440214602
0886776066
0374178674
0375702695
0446523186
0060806583
0800757319
0743417682
0486256642
039913087X
0312963297
0140195831
0425191184
0020442203
034536208X
0316110167
0805024204
0886778948
0375705295
0689717830
0140108718
044018066X
0934678448
0451148029
0312859309
0452271657
0375724931
0894790463
0670871931
0312872011
0061020699
0884963195
0553282549
0671541749
0345260694
0064431622
0312850581
0465069347
0590945564
0967907306
0486286002
039304016X
081351410X
043965548X
0671498053
0060953020
0140390227
0312929080
044179534X
0792274989
0140185003
0684855453
0553580515
0805208496
0262730472
0393006026
0141187565
0553582364
0880888199
0062513591
0439135508
0500810028
0679400516
0880299428
1885211651
0380716550
0155001736
0440212715
0804109729
0439475198
0345439406
0380716984
0451455029
0192839659
1587611732
0743428315
0451190564
0785269517
0316105848
0664224199
0451178033
007035359X
0451169530
0670030309
0140340203
0340768142
0876054173
0553564935
0440225825
0393703703
0201541998
0140390693
0345335651
0553277499
014034893X
0723206074
0446365386
0671729411
156305664X
0806906189
0553205587
0679411674
0140346031
0345434676
0671867083
0345368940
0864423950
0380636778
0500201935
0971027803
1575420600
0060812451
0060392703
0345366239
1551660806
0684856603
0871233428
0761503714
1586635603
0671525832
0786884622
067173783X
0307631206
0840777728
1567183042
0246136332
0762710136
0395363179
0060509058
0590962736
1551669358
0439050006
0716021196
0345436571
0380978482
0314881360
0486411095
0802139256
0803281978
0877738807
0385475020
0525937374
0757300065
0061062871
155963927X
0316089737
0451204360
0590036394
067100882X
0316738522
055337804X
0345329597
0374234574
060980877X
0375708278
0679882901
0156788705
1852309466
078688021X
1550749668
0671038850
0553576380
0385120877
0345335511
0830817387
0099436116
0060195568
0060535431
0670451932
0895772760
0425177386
0141439475
0970559100
0786890436
0451457374
1561381101
0823024555
0843128240
0711969124
0553203487
0553238000
0061056928
0800757955
0064471764
0553213393
0439317509
0553582135
0688800696
0070680396
0399138358
0671683071
0590254766
0394873343
0688123228
0345339703
0375758232
0679742581
0679416749
0297843370
0373263848
0679437045
0330361120
0140441263
0446603651
067943867X
0312872356
0375759778
0516004980
0934977143
0451403878
4770019653
0671025333
1555662579
0515064475
0396081754
0441005748
0553572377
155166528X
0873646509
0374266956
0927920093
0864732953
0449910172
0373834756
0061052892
0201461390
0345436911
0448410869
0140431268
0804117683
0451526724
0670891622
0471315702
0486295575
0385335466
1550744399
0060929596
0821761730
0201758466
0679740244
0156116731
0316155306
0962180300
0525483500
0764122266
078688908X
0671655582
0312291450
0393045420
0517551284
1561387452
1573229881
1562827030
1568380682
0060933534
0521655382
0140318909
0553802453
0590374516
0062512021
014038586X
0671705601
0449910784
0812574923
0671870734
0345413377
0809222272
1865088021
0345354907
0553279556
0821769278
0446391727
0140194576
0451198808
0891092722
0140079327
0451408764
0375421785
0345435796
0064472043
0345443993
0895776219
0670856762
0312863462
0385418485
0965175030
0312872836
0380791412
0380718332
0140161589
0385469012
0786862580
0060616598
044021680X
0064434273
0140195246
0670844527
0809001330
0609809652
0451200195
0425196844
0380762609
0316812404
0306811677
0553574175
0970085850
1558746218
0156252805
0931271568
8420747505
0679936114
0064410129
0764221841
0671709453
0425139476
0684826585
0884042693
0130558141
0060195444
0060505885
0312956207
0821772937
0312421702
1568361963
0140159401
0140261494
0330350145
0375703128
0345354613
0441011020
0441790348
0393091465
1586637118
0881924172
043920495X
0671665545
1585421774
0520215745
0060081597
0689821425
0440205093
0743477316
0393027163
0679414770
0385297211
0590439448
078688942X
0963440349
0805062858
0064471195
0671700545
0373250223
0310213975
0843927801
081202172X
0452281091
9505156103
0824505352
0151962960
0590442589
0590134701
0312968248
0844226866
0451170725
0393057240
014006284X
0553278002
0812520629
0671871390
0446611921
0575068434
0836270061
0679450424
0743464672
0671023934
0020441916
0520089782
0380820293
1888451572
0590483455
0451521943
0786864672
0380789329
0486282147
0060392916
0340707925
0821739050
0940322471
0195092589
0061092029
0786866659
0670030600
0772012202
0192821504
0374281947
0804119902
0449243346
0747546487
088038901X
0671201565
0061099708
0679457313
067972866X
0821739220
0374525056
1555612326
0743424247
0786865725
0156011077
0679412271
0140390502
068715684X
0140067477
1551667517
0671751506
0679753036
0448095173
0812885066
1569553602
0590880780
0380974444
0060473746
0312135297
0740710206
1556154704
1562475304
0743437810
072061080X
1555612601
0345377648
0030595746
0451209400
1567187188
1564767558
0874779766
0738204315
0312954581
0425146707
075640004X
1558219730
0330345605
0140150080
0312135866
0312097581
0201622378
0023454741
019281818X
0671674005
1575668807
037541200X
0297815288
0440507545
0374175403
0072123834
0446519081
0525458417
1861591004
0385485093
1558744150
0448411415
0752203533
0385488440
0671749412
0312420323
0671601075
044100329X
0307020371
0714120022
0345424603
0061020575
0671689746
0425171558
0451138147
1582431795
0552990868
0425135772
0879237007
038547167X
1565922824
0743452860
0671748416
1551667509
0505519879
0609805363
1586481797
1565928717
0684195399
0312929404
0841502439
0385335601
0765342324
080696345X
1576752453
0060173114
0062734423
0425181618
0875963005
1563896672
0321044606
0380973464
1570822948
1567312667
031219546X
0399132414
1555831753
0886777232
0747273944
0373484933
0553576402
014037616X
0505523884
0307001067
0060925183
0373292228
0375704558
0385337477
080213940X
0738837113
0694014532
0373037651
0590716174
038081403X
006008216X
0452269520
0140184953
0312244266
0064442055
0590386336
034541103X
0375409807
0929385225
0553212737
0141312424
0553567675
0449911764
0306803941
067172939X
0451170385
0471382663
0060294671
0805066438
055310523X
0373250274
0747272271
0805019669
0812534271
0738202444
0312242298
0345316002
0310200121
0345422554
0345354931
1551664844
0967673747
0399147535
0345384741
0066212995
0747525722
1895837324
0393316009
0743223748
0865714428
042507160X
0671041800
0312130279
0812531035
1570761418
0590434985
055380202X
1558612815
0395739829
0688132529
0375714529
0971766711
1551669064
0060187476
034529873X
044022831X
0816748128
0345389980
0553264567
1591821541
1855380455
0192838849
0789480727
0373218400
0020223722
0373765266
0399230033
0060185368
1568385544
0553280104
1885223064
0688175724
0399137807
0816730334
0786709669
0525947647
0618304002
0425180093
0671033212
0440351839
0345446666
1556590415
0375420835
1885211279
0679759069
067003133X
0375704582
0440384249
0805026878
0140707077
074346348X
0375758704
0486247791
0380730200
0064472132
0679457143
186330083X
0515130095
0446601438
1559718641
1560760699
0441008356
1898323755
1400060834
0553565605
0373709854
0786860219
0892967048
0486285871
0553214225
0314069216
1559707135
0440241049
0515127132
0375405445
0140307990
0345369335
1854108212
1890035181
0525405224
0385247729
1862542678
0743419219
0380807610
0156005603
0786889551
0312932081
0380730219
1566562945
0345336968
0312252250
0785270493
0670813648
0345387007
0563534753
1878257145
0679746048
0590324217
0446606251
155661618X
0380725711
0312275293
006104444X
0441007023
0743245520
0674314514
0786808551
0004720148
1559720913
0886775825
0553560220
0373078110
0140081674
0553247662
0380788756
0451452259
0446532444
0312287674
0060952423
042513704X
0789419432
0590227637
0870447904
0671723472
0941404811
0743205049
0679033742
0025196359
0385316895
0451402553
0156027453
0749277351
038089517X
0380820838
0811802981
0517185970
0743212649
1565070623
1888054557
0486264661
0316955043
0523420633
0553565699
0316780375
1568848684
1930051220
0312971346
0451525647
1887655174
0380974061
0399527257
0688103324
0452284554
0743200039
0517704927
0345346335
0905712609
0140309128
0786918063
0060929863
0679428879
1556613717
0691033900
051739989X
0449130703
0671536494
0882669842
0806977256
0446361542
1559702753
0743456696
0345410092
0385295677
0446525731
0743203178
0441008968
0141310340
000255397X
1569245134
0553298062
0671040693
019282662X
0505523876
0895776782
0399138021
0140259112
0671026364
1561383678
0553583611
0805005447
0471311413
1557832277
0380720884
0140622683
0886776651
0060532149
0373250533
0345395956
0590029738
0618015841
0575602902
0374418101
0684827123
0440227194
0679735453
0061056219
0451527100
0940055007
0553214861
0887308171
0140177361
0517064626
0813530652
0520224655
1885183186
1565076214
0345391691
0765341174
1586480316
0130139165
0205309283
0771088310
0380712504
0451170121
0262561093
0394578791
0553212818
037329297X
0764150979
0922066779
0743439791
0939149842
0441783309
0380802252
0451523687
0553200550
0345321383
1865085537
0812523571
0590399926
0140194967
0586064540
051758283X
1883642418
0345392469
0534577997
0440204208
0380730820
0345428307
0879755733
0441001416
0385476876
0671003372
0874776503
0743455967
0060913088
0471137820
0345391101
1840184116
0809244942
0060191988
096186365X
006105481X
0140278729
0140287434
0786880813
0671542125
0553572202
0060513314
0440236673
0805058427
0688174817
1569311110
0060519134
0811201848
0201360802
0399136754
0373242433
0679752854
0440054494
0440551846
0590482319
0060934425
0312198221
0671019082
0671500139
0345328647
1561797979
1573222453
1858285518
0671014366
0671789589
0066620503
1558748040
0684808129
0684825910
0452280362
0142400580
039309149X
0575402458
0385265700
0892818735
0786889667
0345384377
0749200448
0809241315
0140244824
0898866472
0812036042
0553213490
0441172695
0679723439
0394700147
0679891285
0345377087
0863162827
0962959170
0679763449
0152012842
0061032484
0671706675
0312937482
0091829763
0373711646
0789452103
0312953615
0156007193
0786915749
0399146008
0517668424
1568659040
0688165117
0310522714
039914207X
0553110616
0440402077
0786863269
1883010144
0679764925
074321675X
0375401067
0452276721
1555218423
097033558X
0747544050
1556156707
0380802090
0380002094
0373484836
0449701204
0330353349
0330342681
0061099155
096265342X
0671689843
0786885416
0878331719
0300082533
0471095931
0671222716
078686351X
1567312500
1572434848
0061096113
0670849685
0446313033
0790611619
0345391802
0670480223
0425171973
0393313344
0821767240
0930289447
0140147551
0451157753
0515127833
034537536X
0806913843
1555442153
0553299247
0375422579
0684853507
0345297709
0385492790
0934294615
0425185133
0375431314
0310407419
0553100130
158485121X
0671726889
0752825402
0945575831
0571204384
0804808945
0373802021
067085347X
0395891701
087930426X
0312117450
0020545509
0425110427
0886777844
0060648791
0316116106
0394800915
1573228214
0345434870
0679745408
1564762424
0886778247
0758204930
0380731622
1841491101
0060086386
0385490445
0345450892
0786703156
068486438X
0773760482
0465086780
067944078X
1579620329
0425181804
0385491069
0373250355
0312199430
1877864145
044015071X
0061030430
1556619464
0758204213
0397473028
0471123005
0061007552
0064473511
0553578685
0375509283
0345294459
0804102902
0452282314
8401422701
0749703431
1583225366
0670887315
069621184X
1853261947
0385499833
0345391829
0060955104
0156027119
044900371X
1566890659
0024248606
0553580884
0521357306
0174436068
0515132187
0062506412
0876056753
0756400953
1886910537
0689844654
0688151140
0141301120
0441008607
0749712651
0894711288
0804818975
0671657186
1558533729
0679870083
0061092193
0385491085
1568840780
0812589092
067003116X
0761129588
061804597X
0873921143
0141301104
0525945393
0590353403
0061054658
1586604899
0393320820
0837818397
0425122123
0064440206
0849914558
0679453091
0671003682
0375700153
0609600923
0694010391
0553294385
0374194351
0312864256
0451159411
0451181859
0425157474
038077013X
0060973080
0967952077
075820499X
0440220874
0375412557
0440222915
0425150984
0897214277
0380792664
0671522655
1931412197
1570712190
014050172X
0395645662
0375714499
1883013852
1931498008
1551924749
0671028162
0671428322
0760702934
0130282715
0449911748
0802117171
0330485954
0441000371
0060229713
0553109537
0679736646
0345388151
0152009604
0312316690
0618009345
078686415X
0451184785
0751533114
0440476968
0816723834
034540873X
031205436X
0725107251
0871566052
0684822415
0452270073
0310239702
0394549953
034542008X
0156029065
0142301515
0767908198
0312060092
0201484021
0451454782
0385479689
0684853027
080523747X
1859847633
0553299514
0789446200
059033560X
0816713162
0553571729
0345311698
0312984979
0886778441
0751510114
0060964049
1564762440
042516828X
0441003303
0192815644
0307101762
0449217760
0380470845
0747542333
0679769447
068482275X
0670032808
0312137931
0590440942
0679440372
0316091634
006440188X
0312118570
0806512717
1888232005
0440218004
0866119663
047129604X
0451410548
0670867756
0870212850
0671798073
0751331155
0743204247
0689825234
0671635743
0553572563
0471553808
0345353145
0517082373
0061012475
0451407075
0451160959
0393963357
0434007935
0275225208
0393039307
1561565954
0684810794
0385301421
0671740105
0886776805
1573456411
0061059064
0451156609
0890156646
0312956738
0312311818
1558505407
1558536736
034064835X
0446675903
0671041908
0937295450
188939209X
067103619X
0515136530
1575663740
0471409766
0201483033
030701035X
0140187405
0517309726
0449209997
0399150439
0345429176
0898159407
0802134793
0672313626
0449906361
846630679X
0670465682
0070244952
0671435647
0449906175
0892967811
0553078755
051770756X
1564770478
0764508946
0451452518
0316352942
0486411052
0786414510
1573225851
0440213371
0553575465
086316157X
0446671940
0525945938
0874779537
1893732126
0671021109
0823083276
0894716905
0425129608
0684803135
0440237300
0330325795
0688163858
0553802135
1882723007
0446519723
0806638370
1566913640
0439164524
0553575406
0060953225
0373292929
0393313611
068481871X
0425186326
0449212661
0060090383
0330484338
0394534301
1558747575
0451209028
0671622102
0446362220
0671749838
0061065757
0688170331
0064472930
0394859189
0671641778
0789489597
0933999690
0842329137
1551668831
0671021206
0736910018
0811834999
0140440372
080079317X
1890437522
0684827662
1590600746
0192834274
0140274154
0743219422
0451205987
1575400871
0811827631
0192833596
0345440072
0425171884
0061057894
0441002935
0385336675
0393318486
0060004746
0399147020
0679890629
0553142003
067003021X
0892070145
0823046133
0471572918
0451407806
0440439884
0553262580
0821774328
042512164X
044185947X
0688177824
0140196110
0345342763
0373123515
0312093586
1573220167
0141001933
0312873085
0399528199
0399141707
0590376195
1567181880
0446527173
0312853378
0060927569
1558531076
0671721046
1567185657
0446604232
9971490242
0743418719
0312971362
0866119582
0375709231
0679420495
051508901X
0440235162
0534362915
1885171080
0743490398
0399211780
0684838672
0060807792
0803251734
0679745203
0802713912
0812967011
0099734508
0380018179
0440345715
0785269290
0679734996
0060394013
0525468943
1555838111
0451196856
0671617028
9505156081
0743444078
0553270249
0684850109
0525455205
0440215862
0140102817
0738700312
0380717115
0671795015
1570281440
051770787X
0670887579
0590568833
0380973413
0394925521
0152164154
0156907399
0425093328
0966010639
044652932X
0679412735
0451208188
0805033238
0553272306
0743236009
1857976584
0803281781
0679836101
034532580X
038072362X
0812533690
0764103202
0849942357
0060964766
0553212230
0671042572
0812534867
3785532024
0764504320
185371738X
0451132343
1931561028
0195143264
0553262386
0446364762
0439099404
0590453661
0671008951
0345312015
0899197167
0312983786
0679743243
0061066494
0553574892
0525447512
0316743003
0380812894
0875420036
1853260282
0312876939
0312051034
0345381661
0809463245
0671415085
0156468999
055310344X
0345425707
0814622100
0449146189
0803287119
0486404277
1853262455
0201624613
0192833634
0440204682
0373871309
0394831292
0312966628
0440507561
0345407113
0064472914
0395277884
0425119653
0743251083
0345305507
0440234735
0345459199
0142000221
1588720071
0789458470
0671867091
0671002783
0060161612
0136231586
0874832004
0515103292
0892961953
0425182703
0060913614
0345431138
0515122254
0886775582
0316526916
0425178269
0684818981
0831773758
0671009443
8420444367
044922046X
0553295276
0671034928
0590481150
0679749845
0140434186
0440237556
0971263906
0446394521
0425167720
039914126X
0399513450
0451523652
0679890637
0679807020
034539769X
0449003183
0380752867
0756762391
0471420050
0385721811
0737000619
0375703063
038532720X
0425092917
0440414806
0864115105
1593150229
0460873202
0671879448
0805210601
0688061133
0874779499
006109594X
0375725601
0061084336
0140566503
0684865742
0312093322
0671657860
0471350664
0451162188
1860462995
0609808346
0451185277
0451456718
0805013342
0836217179
0380709589
0553211765
0060192410
1576300390
0425190919
048628462X
1561791431
0593042263
0843105739
1850152446
0671878794
1573180378
067942850X
0399116974
0590623524
0345316339
1564025489
0553573977
0553092650
1585421839
0517577011
1861261594
0515135305
0736910131
0714541850
0553212451
078795599X
0743222229
0684836491
0688162827
0373484267
0575075260
0395680808
0155074318
0767907698
0571194737
0442267819
0738206679
0375761381
0449287793
0449209806
0385512147
0688178502
0440214432
1565079175
086573335X
1576733866
0895774852
0590228625
1591823145
1560985364
0812575423
1555218059
014017897X
0140060669
0830822240
1566196264
1556155956
0816703140
1569871213
0425186776
0753804700
0688011985
0393323587
1401902154
0062500171
0425183971
0596000111
1573220612
0590456504
1902636163
0140265988
078710339X
0345301870
1561797111
0486404315
0425091708
0688154409
0156465116
0425168700
0684822652
0881924601
0921689780
0452281709
0345416600
0553264583
0375756787
0895298341
0440402832
0061099732
0670845035
0451173406
042519387X
0425132951
0345386108
0446532231
0679740678
0312985215
1573248746
0670880728
0449220982
0441006434
080071816X
0062730894
0393010465
0064440214
0345454901
0553288776
047106128X
0684819961
0373222858
0887308392
0891079025
0886779960
0671017128
0671534645
0399146237
0394400267
0671035584
067975007X
0590494457
0425050262
0452259436
0446693790
0553561359
0804119996
0553266306
0061020060
014026065X
0553563289
0007165498
0345316991
0380977257
0452269695
1556611536
0812590236
1885223889
0830813675
0394900294
034531042X
0679783253
0812509579
1892008599
0915144034
0671039423
0140481400
0786888482
0380792745
0345379802
0394573366
0140296298
0440224705
0767902912
0312185839
067161746X
0140187537
0670838675
0312203764
0451180232
1883523036
1569472556
0451165594
0590483471
0152380205
0345410165
059063397X
0671676296
0804108528
0446314986
0345393562
0571179959
0813801672
0553071769
0330334026
0142003379
0895776839
0425167313
1591162157
0394900189
1567313051
3518381768
0892550147
0671029215
0886776619
0345435028
0688161480
0395927218
0553103008
0689826990
0140430261
0316154067
1931561648
0679869662
0312983212
0811725197
037370402X
0375501983
0743451406
0679407022
0072443936
044021145X
0515126985
0140390510
0446612529
0451203607
0515087947
0312975716
0871237954
0451525442
0743418700
0735712379
1580170773
0590203088
0590629816
0446526665
0061058092
0811833453
0783801157
1569710775
0060193743
0061054895
1564142248
0803788223
1400000394
0671648934
0028610989
0525934251
0684846004
0345462947
069100448X
157856039X
0684188244
0393007898
1881320189
0486275434
081296683X
0061007595
0393302253
0451190521
0446613444
0812568605
0929634063
0449210928
0448089025
0486275450
0679740198
1400002370
0060800046
0671603175
0061091847
1551922606
0515125288
0451454618
0345435397
0374199655
0679446486
0061082007
006017613X
0736901957
0060183489
0553566229
0375725180
1565120108
0375727515
0385232799
0380716542
0816032130
0439087597
0553802488
0452284937
0486240266
0064400026
185152505X
0553580388
034530537X
0445210443
0373166095
0590429892
0060527293
0873226550
0385302320
0452275350
0698119002
0345422449
0439049962
0316779423
157071164X
074341196X
1561385751
0060505265
0345302575
0156011433
0786916095
0679749861
0345404912
0870446622
0060193123
0880382651
0195052609
0743421566
0449005895
0440219892
0310349915
0553801791
0679441328
0380804174
038550201X
0310575702
0380973545
0385315236
0465037798
0316858315
0312246749
0312261594
0201702711
0380777665
0805070923
0441552765
1552782395
0590452037
0449242072
0595296661
0140250913
8401328667
0445210540
0452269571
0887306195
0321011082
0380777169
0688084915
0553232304
0874778212
0553493981
0060931337
0446610232
0767900766
0812564375
0859341844
0201354934
0671640941
0064408183
0609609491
0385477163
0804109192
1559210915
0679415688
0140168125
014016930X
0446602213
1569310890
0448060191
1878685449
0345373685
0515124664
155709103X
0835605531
0525946284
044630896X
0553572040
0671722891
0399141286
0743446526
014056439X
0805055673
0373484224
0590445561
0517592576
0452279062
0553378570
0609600788
0515123676
0864425449
0785814078
0486280489
0525944192
0060093544
0425173291
0767906357
0618340718
0064408655
0140435883
0373264372
0312253419
0786889691
0373872356
0861883705
0446400890
188927402X
1580110835
0451523326
0875420915
0553575171
0440351626
0471328871
0399900500
0962236306
1565040589
0375700676
0060393297
0802134920
0140104682
080504891X
8401423058
1574090100
0156007819
0671578146
1551668653
0151072558
0064405176
0446519456
0743225406
0451210158
0441005969
0374436274
1582341885
0440226562
1565924975
0812576454
0345301110
0918273838
0805056866
1860494595
0590493639
0765342413
0553277863
0345298748
0517147270
0966517636
0440204429
1568842252
0671775715
0804110379
0965296822
0330247654
089009389X
0451408373
0899422756
0061056588
0380977052
1583224890
0140067841
0679769501
0064406687
0140587357
0060504080
0312267363
068812299X
0609808184
1857989481
0312284683
1857822013
0156028778
1402708610
0061003808
0312963904
0618446702
0380978202
0385505833
0735614350
0312316089
0140184023
0679410430
0373834365
0590137859
0802138594
0836220854
0195012690
0842314296
1903650089
0679736875
0393302385
0881031828
0843950455
1555217834
0671024442
1410105652
1852424184
0671708201
0553212427
0714829080
0671874519
1562827502
0449909336
0345377362
0812507398
0899422993
1573229377
0439176832
0440501601
0805000313
0671672576
0312199066
1593140126
1853260770
0878578730
0590486683
0131613073
0586049460
0553571885
0590226371
0374208603
0553070738
0446601853
0895941228
0893757829
0375411968
0743418166
006016848X
0446608262
0553585924
0451183940
0764506331
0452283957
0060973676
1571741097
0865713537
0684846640
1852402237
0671032658
0345334930
0553560077
0061059935
0201419750
015668568X
0761536841
0671024108
0553258540
0446603589
0394542150
037570924X
0385336489
0553284363
0505523116
0671551663
0684810522
0140133968
0394809831
0393011224
006016767X
0345428706
0440208297
0671004107
1558532943
0425150070
080696863X
073291034X
077159061X
1879618036
0679742301
0743246071
0395618282
0743202899
0062517864
0394580567
0866222944
0671649183
0395522471
039457009X
0590403427
0743435451
0836221974
1552781364
0688036872
0452266556
0373243081
0425146812
0312952716
0842359249
0702227129
0385493622
1573220795
0451403886
1880284650
0679751602
0821742167
1901130622
0380793474
0060505559
0451523970
0743457862
0866119787
0684849690
0671873202
0819562718
0812515633
0764116274
0786865792
0807119563
0312242638
0393046362
0670846643
0440967694
019281642X
0804113874
0441008631
0312253435
0446692298
0743445627
0140440046
0380801523
0908912668
0446522384
0806644737
1929766084
0761104879
1887374426
1859672388
0316785261
0486269612
0821759639
0684802058
0140132317
1582700974
0385031149
0451167813
0553213938
0451208501
0671875264
0345407865
0571168000
074322535X
0553272543
0525945369
0688057624
0812822625
0553262556
0385483724
1575662302
0805401989
0142003506
0756400473
0836218221
0316140872
0486278077
0679872760
0679760806
0590445693
0385483627
0671708635
0440129613
0671441337
0061003743
0425111830
0449007049
0060167335
1859580718
0843950498
0385312202
1580084362
0330345672
0525940154
006091565X
0345305833
0449007111
1572316403
0452282829
0756401356
0713621702
0385242751
0671004166
1569472475
0451200829
0743403444
0966433203
158297103X
0399149295
0843947616
0140092501
1570540756
0451198697
0679423966
0425132048
0446679364
0451409477
140003468X
0743437640
0553095366
0399147888
0877799024
0345427513
0395515890
0140281630
0505522551
0671775480
0486401642
0553279025
0971633819
0385335679
1558744592
0897321146
0801009596
0515120332
0806963085
0446602612
0679722556
039457513X
0460878018
0571198678
0801980801
0441627404
0552998001
0807068764
0156005360
0929264576
1401901689
0060932171
034538430X
0445408642
1568846479
0440176484
0465031722
0440505801
1566392918
0140149899
0060012781
0449000869
0345430239
0810939983
0671637525
0671695320
1556704119
0151921504
0553380958
1551662906
0786709960
0451458206
0064405052
0446609846
0553297090
0679731806
0873513754
0785107371
0618404414
0440218039
0671003240
0312205481
0679416498
0226474844
0679600124
0886773776
0380765462
0385475004
0671877461
0312312431
0385504209
0385503857
0060972777
0140311084
0060282983
0141185015
0895295504
0517880539
0345341678
0140065717
0684852217
0062500988
0060938080
0670030880
0679733167
0739404148
0446518549
0671002279
0451409086
1580624308
0582530431
0843950641
0770420451
0321130081
0771071523
0553572733
1576751031
0768101255
0380726815
0670852325
0395708958
1586603884
0553580825
0446671339
0679781358
0060152567
0440432952
0891093117
0451409116
0954342100
0385337272
0590481142
0671017039
0765349671
0517557134
0440187044
0330376292
0671894234
0380807343
0316360074
0836221362
0747557853
0553380168
0743454146
0743226844
037371159X
0446609889
0140350047
0743475089
0805065741
1565070658
0553096095
0452274125
0440220211
0060193611
0805031499
0679725121
0684865386
0553283723
0553579134
006019491X
1575420279
0849910188
0440942500
193011043X
0786866543
0451208765
009180194X
0590523791
0590470507
0849907209
0156005204
0553297635
1874597464
1559723149
0140284095
0425194515
0440117658
0684825090
0425127931
0688121659
0517703939
0515110973
069620777X
0451410521
0922915725
0425137015
0140390545
0472113658
0472061828
0812562674
0553582747
0140294317
0449209377
0307302989
0743216261
0451185056
0198319797
0385490879
0874773962
0399146865
0553213342
1555840515
0451211014
1573222615
037550186X
0446608173
0198691793
1576738167
0316273031
0394492196
0769600271
0140232532
0872862690
0446400335
0553264087
0764225111
0553270257
0380802872
038072541X
0671631845
1879045621
1550546953
1569552797
0061092428
0874779731
2070367614
0062516582
0142004634
0553273701
0553209469
0060082151
015694877x
0679401431
1569472122
0812575857
0679753338
078601539X
1594670463
0140230270
034536774X
1550225561
0449149080
0395475910
081614849X
038531292X
0679760377
0671003348
0394510496
0486290816
1575440652
1551669242
0380751380
0590438743
0674354427
0679724834
0451206525
1551051729
0440202531
0886778905
0151327653
0743452631
0671661892
0440932599
0486200949
0061042943
0440226198
0002242591
0151008116
0060977663
0684866048
0500510776
1568990294
0151007640
0767908260
0446306177
0873646878
0130471771
0333447921
0060172053
0375701044
0312282060
0590509624
0345343263
0743466446
0679401377
0312867778
0811809390
0743222768
0060907010
039458872X
0316780812
0440944597
0380798425
3596152917
0060805404
0425071545
0446400513
1551664275
0395971802
0684871254
0449213013
0312260989
0375719180
0743418131
0297843311
039471850X
0553582275
0330284142
0060199334
0060935677
0446603775
0140350136
0060176059
0373291221
0425154092
0679766626
0374453101
0590568779
0684808943
0553282085
0440135842
0801036844
0670031410
0345426266
0380788098
0553214578
0940322153
0192814850
0670032891
0609602934
0316057452
0679878572
0671656678
1841210307
0028740106
0881380628
0887801161
0140240241
1561712035
0060530421
0374236488
0553210351
0140283323
0449005410
074725950X
0821775472
0064472272
038076041X
0439095026
0312875444
0441002617
0312848811
0931580366
0671694049
0671024094
034540288x
0671899619
0310546516
0345440781
1569319782
0451408829
0451406222
0553119850
0515105198
0310222656
0446603147
0786866772
0553099558
0141301074
1568581696
0953249093
0380720191
0374429235
0380790564
0688156568
0590634275
0451407261
0671039970
0061094404
0743452925
0446525537
034538475X
0449912051
080483248X
1573223301
0385474016
0375411070
039395904X
158005031X
0451176685
0316172383
0452273439
1573227331
0060932090
0140178724
0771021259
0812928962
0684814269
0446690309
1550024019
0060182792
0743457951
0142002097
0919654428
0806968982
0399146296
0312991460
0553582003
1883991390
0679750533
0156005867
0451197003
0345336429
0689851863
0375701311
031298250X
0060164549
0515133876
0451522699
0306812274
0553583328
067975492X
0671642685
055305807X
0821765221
0451519841
0671897071
037541164X
0312890524
0130810819
0671793489
0380820854
0679724699
0385306032
0836217373
0515132624
0515137057
0679866965
0836223012
0373243286
0324022476
0671746693
1567312373
0553561375
0380703629
0684815311
0808517295
1400040388
019505976X
0140440542
0590463160
0140174206
0684853957
0679441042
055356241X
0393034879
0670032646
0804113505
0440236851
0446604666
0399129456
0385485433
0767909739
0192816349
0312192339
0841620318
0743417119
0142000361
0609810103
0812534859
0393319296
1882376536
0688103847
0312077599
0312278586
0312983131
0375502645
0872862348
0060191538
0375755063
0743417593
0553273213
0882898841
0743418921
0345383389
0385336950
0440206707
0517595338
0789202751
1841490423
0312872003
0671495003
0812523628
0679729577
1568842422
0140092323
044049043X
0399147128
0446353205
067088300X
0761505814
0142004278
1586681419
078943962X
0316096199
1888047054
1400042577
0006551971
067976657X
0312932820
0802115977
0385336810
0373834640
0394586131
0842379355
0449227812
0373711425
0679403469
0843944579
1853262889
0684814773
0060508183
0345438329
0767916026
0743456173
1577486498
0553275860
0553571923
0312932812
0140107649
0312981597
038549128X
0345388216
0816714614
0142400866
0689113161
0751520241
0373123663
0553210963
0385333463
0062505017
0425097722
0869142690
1890132942
031218008X
0345428668
0743220366
0679432469
0373250185
1860461670
0871137410
0688064922
0670772895
189003519X
0812092007
1901094103
0785281290
0451410505
0441000851
0061092088
0062505955
0671787551
0345435168
0812507169
0679438297
0415261295
0743444779
0393039242
0812548132
014010657X
0440203856
0743400135
0971880107
0517589818
0446524182
0312979797
1580050751
0310208165
0140194592
0911104542
0671034766
0886774969
0972018409
0375504907
1562829726
0803253710
037540340X
0330363239
0385315090
1565840003
0743400003
0345460359
0792263650
0448415933
1854790943
0679433325
0761959165
0385720467
0060177721
0843133805
0380778130
0375704124
0806938668
0871138654
0439063124
0684864495
0393310086
0525938028
0553236245
0809224267
1842223739
0609804944
0060930071
0025992910
0192834622
0671876295
0472088491
0373834802
0449214265
0812545397
0061099805
156138450X
052594057X
1931646317
0374190666
0670894699
0312078919
0060007788
0883684152
0440509238
0345452550
1850152225
0786867205
0684195305
0380787075
0767904427
055327886X
0670899992
0812530985
0375410198
0688159877
0670880957
0812966287
1564146006
0862412978
0060292458
0671039954
0446361836
0446523569
0060976446
0425181456
0671763547
1852309040
0679772677
0743202694
0688156096
0689841612
0739402447
0517703254
0425072975
0590485849
044990864X
0671897896
0806520078
0877798095
0786881364
0786862572
0130449741
0399148760
0449906647
0385487193
0064471071
1569718679
1400034817
1561630594
0679754938
0451204123
0312273037
0670891932
0879055545
0671025325
0441004520
0679433090
0451451996
0786865229
0312970625
0425178838
0445409134
0380708957
0892965193
0460871900
0804111626
0743486943
0394583914
067973886X
0061052191
0061065811
0440222818
0785268766
0440224071
0375407375
0312862342
0590484478
1400060737
0307121240
0380725754
0312306814
0743444043
0813911095
0440154731
0140263942
084237230X
0345422384
0671039903
1400040507
0440224764
0782129234
0439153077
1557500169
0451201574
0451208668
0375755349
0590464388
0373250150
0399142398
0689852029
0452263018
0552143243
0345315715
0671656945
0880387300
0380780763
0425182673
0441007090
039571091X
0471303712
034543885X
0440419468
0394536746
0870449842
0375713344
1576751511
0812531272
0393050327
0812544188
0590445014
0517887592
0892816333
0843951826
0743233476
0688155456
0449147460
0441009239
1582431310
0785266445
0670891029
1900850656
0760703450
0380976404
0345378490
0679767169
0142003409
0671644173
0451452380
0671444506
0060083263
0451184963
044022599X
014014899X
0747250715
0865472807
0062517821
0553803328
0671793543
0684801744
1888799064
0764107704
0471207942
0373833512
0373218966
0156005328
0689846231
0684800713
0671545140
1859843395
0007100922
0451175816
0330301497
0671015451
0312118473
0786703822
0312284330
0380792540
0743448219
0394531094
0312982615
0671775464
0415243424
0761104844
0807848735
1559705752
0553581384
0195033019
0394737164
1571430156
0679808094
0440221315
0385334834
0553211668
1875481389
0394534433
0385499728
0671697994
0486600815
1556234244
0671529366
1568655819
0804101167
0898151392
0312262167
0679722025
0743456378
044023512X
0375508961
0684801132
0515120006
0671570552
0451210743
0553378910
0891099050
158243249X
0553580256
037541309X
0140285679
039914062X
0671867660
0446300152
0345415000
0345436733
1561633259
0877739218
0446692735
038533303X
0836217241
0060929979
0786929294
0312094248
0812516842
0141301139
0060959517
0684808323
0375709061
0312876521
0764505238
0801492653
0446601756
1576738981
0380976501
1558743669
0451821971
0310209307
0671013963
0345413881
0399145621
0812972155
0671751174
0061042935
0553580000
0897332024
0553092049
061812750X
0890439605
0446527297
0764551019
0785277188
0345274296
0590568825
0826206972
0156001144
0880015829
0670030260
0060916087
0140622454
0446529028
1853260029
0553573314
076360013X
0451523156
006254862X
0842379533
067187750X
0743400712
0553815296
0891347739
0684850737
0440224675
0394839196
0451526503
0451192303
0743431022
1551660431
0553273906
0671795740
0425195449
1557509220
0750700386
0425188558
0786861347
0393038025
0385334206
0590298364
0743225198
0028639820
0140260404
0965590194
0679748989
0786707860
0312902409
0751300896
0446364193
0060196300
0312930712
1592850421
0465090990
0553569635
0811730697
0529033852
0823022382
0879756918
0671010107
0553347217
0375414657
1575727331
0812830253
0679410325
0375407731
0486277836
0316651133
0761517278
0890819696
0152166629
0425165582
158648012X
0679444874
0764153730
0684819007
0679450904
0465024718
0142000949
0425179443
0609801287
1577940261
0590762540
0836236661
0553106244
0448415763
0786883448
0140180788
1857230302
1843336251
0385264666
0345409639
0679785892
0586071105
0874776945
0670868361
0380713004
0330320912
0345384385
0425171205
0671002384
0060224428
0877733759
0486401588
1890035211
0345327853
0684841827
0786866020
0385721749
0671647482
0192832530
1852276983
0590429183
1882770188
0571198775
0136386776
0449134482
0449209733
0062545035
0865476675
0140439358
014019469X
0679441816
0802434290
0440974836
0399151397
0525942327
0882435205
006092327X
0671463144
0028631919
0141315741
0060926945
0553374117
0060961538
0679451463
0451628039
0140386882
0385498802
0899681069
0060193425
0786863714
0812549333
0446517925
0756401488
0451204891
0804115419
0345303067
0130843709
0743235150
0895298406
034539092X
0670031046
0449144410
0425157539
1568304331
0812533666
0671741209
0812036034
0451528492
0590470485
051707771X
059042243X
0553578170
0399148604
1930693613
0895261464
0062771507
1853260622
0553234811
0312168225
0684865513
032119439X
0333719344
0553272586
1569319472
0674009363
0515133639
0590136011
0385508026
0425152545
0385507690
0394551540
0310248809
0515134279
0140390847
1561792586
1888173564
0099339218
0684867303
0061052477
0312311311
0747553572
0380808293
0312007108
0679722661
1578564905
0393321185
0806961740
0553250515
0671692674
1932961003
0789473836
002346450X
1400031559
0743424425
0345396529
0516419471
0452271312
3761081251
0751307041
157566027X
0451190157
0140123083
038533432X
0060582553
0449206475
0062500295
0609807080
0345383990
0671601172
0425090817
0804118558
0373250495
0970086342
0446600733
185326489X
1853260177
0330255320
0375401598
0140196013
0767915747
0671476882
014017530X
0891346406
0802436366
0385315147
0553803581
0553278215
0609800140
1856264149
0393051838
1559501049
0778320375
014044100X
0345452062
0684823772
0061057134
0553277537
0399145079
0886776430
0553057146
0590435752
0743469801
0312209010
0786867280
0786845406
0446677477
0140434941
0824813928
0812971116
0451163524
0345302346
0752223844
0684811073
089281604X
0553582127
1401300596
0061009504
0446525871
0446527130
0385335555
0140444440
0671777009
0312119259
1562921932
0380758881
0767904486
0374246645
0471058467
0345285549
0515134678
1563841134
0807576735
0375431764
0395957680
0865473005
0373290152
0321047133
0071352430
0451408993
0385323956
0060171324
0373123353
030712634X
089565766X
0679754911
1576737330
068480087X
0609606727
0757301134
0425178951
0789496585
0385037872
0671027212
0688112048
0451208072
0505525526
0525451420
0671563114
0553279939
0934672180
0375708308
1576830969
0440221854
0425150186
0441516629
0451166892
1551666898
0860688992
0553580876
0060962321
0448095203
0940322110
0374522928
042508003X
0224051369
0452283795
0142002399
0872206130
0671047329
0553251481
0252064364
1559724315
0670860395
0439179785
0553284118
1573441244
081120006X
0312034512
0805053883
0066209234
1592231497
1570714614
0671795597
0451458028
0671540025
0849917557
0440213290
0330308769
0226816214
1885211449
0811816753
0688076076
1583226443
0688168248
0393317552
0345323750
0373059280
0140620230
0060192119
0786706538
055357924X
0441010113
0517387700
0887308554
0451204301
0452281245
1863252266
0962262196
1562824422
0664325564
034539643X
1857999800
0307100154
0373835124
0061094129
0312308922
0449905667
0590348086
044109418X
0345357116
0394715047
0671743058
0710502168
0028049217
0844212245
0395710901
0553574639
0684850354
0679437851
0743244281
042518045X
0864178123
0451206002
0451162919
044990928X
0573619697
0824207750
0312969198
1562763113
0812541723
1571312544
0553289675
0440409942
0064400018
0671794388
0451155750
1889057061
0061094110
006019619X
0721416594
0385315031
0375700137
0060198753
0307988724
185326024X
0553258397
0399138439
0061054674
0679768157
0553572431
0525444432
0960432035
0064400565
0446600415
0553577433
0446606456
0563361999
0233990100
0385501757
078688505x
0385722109
1860118518
0671578529
0876044291
0425094537
0385333773
0671578537
0515125539
0393307069
0451526961
0060177012
0737020350
0553096060
1401201385
1551113074
0312200447
1593080263
079227685X
0198129351
0201517205
0062500872
0425144569
0198200730
0345320239
0393304442
0679722343
0439404371
0061064157
0452269806
0944092284
067003004X
0553576976
0385483570
0671002031
0670031054
0764225561
1573229334
0684801051
0380713810
0671701118
1566091594
0140620648
0552998931
0449911020
0345422406
0679745068
0743223055
0439309107
015670160X
0812695313
0394815009
0312955057
1567180175
0451198387
044900273X
0393319407
0142003727
0440508274
0553209078
051513595X
0553576917
0743226070
0922729611
0140295569
0439395631
0517118424
1860461611
0345440145
0749932872
0345274563
0425162443
0894866370
0684868938
0525446044
1591291976
0810933756
0671695886
0671028626
1584450517
1558684255
0920576486
0593047346
1573229725
0812589548
0671027522
0767905385
0451458990
0345448995
0385258011
0671577875
0767902513
0789439298
0517708655
0877017506
0740700286
0373076746
1570547939
0679454497
0671004573
0345295706
0380814382
0764550586
0345421949
0688112722
0679420290
0553562967
0689858124
0802775179
0515116475
0517571714
0385480016
0505523426
0440195357
0671567829
0439217989
0441008534
0399146725
0060085452
0743411269
067100316X
0192853740
0312977107
0425167135
0451410408
0446608165
0340545976
0312053800
0735611319
0671208608
0671532251
0671017004
0312119240
0451198719
0312187459
1400077826
0393057453
1853262412
0671748882
0812502124
0449907481
0931866596
0060977027
0690015283
0385730586
0441317480
0684846608
0394561236
1586603078
0688148956
0226583570
0373484003
0688145388
0691070016
0446611913
0399150811
0768900492
0553205315
0786010924
0735616361
0316777722
0553090275
0316666343
0060910445
0060196092
0152012079
0671425137
0972384200
0517577054
0671770063
0920474500
0517593483
0312283555
8440668058
0881030902
067232105X
0060085630
0449910237
0312861605
0805019367
1577578228
0345343352
067102423X
0345359925
0425126609
0849915333
1551669323
0201734303
1551667460
0451518349
0949892564
0446531421
0689317204
0806526300
0425133052
0553299034
0061032077
8423990524
0385471033
0140441034
014029628X
1586482009
0743454510
1557042888
0375700269
0312152175
0446603503
0345387805
0786869097
0553569570
185458023X
1864481455
074322261X
0500976236
0671528203
0679755705
0064409422
0890877041
1570671222
042509345X
0440192471
0871972239
0380792656
081182778X
0373511299
0734400616
1559720670
0141439823
1565122208
0761516735
0743442660
0316899984
038097391X
0061059854
0312313616
0802136680
0719052475
1853049409
0897932935
0446601543
0553268945
014043531X
0345433327
0886777690
0679743871
067173685X
0394895894
0345439465
0374281785
0060509163
0671746723
0324114753
0312862024
1879360292
0399128964
0689835604
1551660792
0345388437
0553268929
0425196992
068484897X
0373272812
0312198876
0836252586
0345425588
0140042520
0590436465
0721450296
0670839531
0883260808
0060975407
0671744623
1551665840
0842329250
0679727590
0865714010
0373484100
0451172191
0671557076
056338378X
0312954441
0451411048
0684853515
0312064047
0517703491
0917086759
0671739670
0671656473
0671318284
0871138301
0806996714
0441166571
0590509950
067131985X
0345466632
0789439964
1585420174
0689817215
0590436481
0842329277
0451523415
0373707258
0451128915
0451170857
0399141960
0300016425
0553296124
0062508539
0671879499
1895565243
0761540644
0140260897
0916441237
1853260339
0099778017
0385083742
0684865157
0670894184
0684853299
0345445732
0374511993
0765300648
0671754998
0062732765
1559700017
1843531070
0140437843
0553404881
0970086377
1841954667
0446517011
0671017349
0711208050
354076092X
0743466519
0886771315
0374129983
0061087017
0451180518
0671793241
0312901437
0130991341
0312970609
0446670405
0375725466
0385306024
0393049566
0425165159
0967605091
0753811464
0446365505
1400031354
0440242002
014044131X
0140620427
0553379720
0761507930
0671776096
0062771264
044651862X
0875962920
0671734113
0553563513
0091842050
0451167538
0452281032
0452281326
0939923327
051513287X
0679810528
0970962509
0671551361
009925672X
0312187793
014200331X
0440204399
0061095435
0425191583
038079280X
0586062009
0800611144
0060957271
0373691025
0553089226
0931988217
0345331397
0440508975
0806962674
0679721878
0891347550
0385337116
0843948760
8495501090
0452283914
0679735291
0345322061
0312381859
0345432401
0553209493
0425186199
0553275283
0440217512
0553089625
0809075571
0373711433
9810026595
0679803955
0425158594
0812539370
0446516538
1574090550
0312181132
1551668998
0786864370
0969582218
1578514878
0446516317
0060223278
0399146253
0380814676
048627084X
0821766929
0465081711
0415114071
0451523172
0330267388
1588720152
0140257934
0395486688
0425196879
0684871483
0786808772
0811728447
0764508938
0702224162
0590466178
0714841919
0671669982
1572930020
0385498241
1878067842
0373288964
0553252704
0385260326
0684824388
0688083374
0803247397
039458709X
1550463225
0060176792
0375411259
0805051708
0684835703
0060512148
0878575707
0020136609
0446609129
0451450078
0440236290
0373691580
0385493266
1556523661
0312272197
0553370618
0520217500
0753452669
055321330X
0891091963
0805070966
0441007325
0440215110
0345391373
1556113307
0553577697
0345443020
0515135062
0879519355
0060150017
0671522663
0804111359
0060005556
0889652066
0786862408
0451128370
078670621X
0684848465
1878867814
0590553232
037311981X
0345431928
0151002290
0425103285
0440215935
1883013860
030435659X
0375708448
1931382034
0575402016
0375412115
0552999504
0553578944
2070369064
1852833920
0670857246
0866119914
1400046610
0060196122
067946333X
0943233704
1570620814
059049449x
0440508509
0393048438
043912042X
0553583085
0451626982
0345460618
1885071000
0816744289
048626873X
0804112827
1560253150
0553574477
0553571834
1560984465
0393032914
0806997915
0307121410
014034294X
1891369318
0590313126
0062515802
0373707843
0590189360
0679724362
0060008725
0805036377
0312876513
0590415034
0451526716
0880385197
0140290214
0590435728
0345384350
0345442768
0142003328
0688013120
0743451473
0812533054
0425177750
0452283981
1855381672
1570629137
0571206484
1931686408
0060523999
1859846815
0373123655
045120980X
0375704051
037348352X
1579546463
0812013948
0671010093
0517189356
0192835904
0380724987
0425098087
0380009161
0887309143
0375815260
0553067117
0099245027
0373291639
0142001619
0380751399
080490135X
0451452437
0316104914
0061020648
0743423585
0156705427
0684811235
0395453909
0865475814
0575074019
187825751X
0451208846
0441054951
0385482264
0451524047
039915079x
0807060062
0786702478
0316140635
0375713751
0743436199
0446517380
0451126718
1575669072
0671434225
0771090889
0345308239
0440180953
0441006132
0767903196
0517703246
0061031038
0060929081
0310234697
0446530190
0440208459
0670877662
038080784X
0399148248
0812520556
0553285920
1853262404
0195027957
055380099X
0142001821
0836213319
0553281437
0786882891
1557731136
0786868414
0316313203
1877617067
067173069X
0385084765
081420645X
0394563492
0375704264
0671870971
0060197668
0679440674
061815082X
190168041X
0396079369
0415010721
0590371258
0684831643
188392930X
0140009345
0399145680
0679459596
0435277634
0345275357
1575661802
0316108243
0590493655
0425143341
1573228737
0689826478
1551667010
0151334811
0671319930
0553569074
0812524616
059041562X
0697069184
0515090204
0742520293
0786889527
0399145087
1883319188
0156028794
0865738998
0553213105
0399147632
0743421574
0394721454
1566912377
0345260317
1558852573
0316650048
0553280643
0671656597
0060929227
0679732411
0155826085
157432134X
038572070X
0898799716
067976402X
0439376459
0156013487
156341094X
0525473602
0060170123
0399143653
0140374248
0061053309
1551660350
0421624302
0399518460
0345354621
0425184226
037322687X
0689841744
0679452931
0064410382
1568849796
0312980302
0446387878
0887140963
0030271509
0684813955
0385233655
0451524829
0156027607
0446364967
0194230198
068817776X
0312263465
057507390X
0451204115
0760730008
0553373684
0060520450
0060555602
0440504708
0439010772
1572972939
0886771242
0142001325
0836217586
0448110008
1851701834
0756401313
0061056774
0380794497
0373293003
1573221643
0937295353
0446517127
0786001674
0553349481
0525945210
0679442928
0805202412
0440225450
039304632X
0060914718
0446600474
0140264795
0449911942
0312950586
0618127240
1857022157
1568843933
1573221775
0571216420
0440413656
0380789795
1853260908
0671689495
0312132220
0380812975
1562453408
0060976926
0394565762
0385318413
0553156985
0553578618
0801483891
0696046644
0452264863
0028617274
078670005X
0802134092
0886777682
0887532330
0060582510
1586480499
074322454X
1572313730
0373250371
0688172253
0061031372
0525946403
0007102763
1563056291
0553213504
0345441443
0520218752
0316789844
1573229075
0671867784
0821756192
0670868086
0385491336
0385721374
006109921X
0671009834
0374512973
0811821706
0060173769
0515136824
0842310924
0446691704
0671017160
0060542128
0590418777
0312203756
1585671398
0446676136
0688066631
0671899341
0425155404
0061031550
1570719713
0345421825
0671748939
0345440080
0061004278
0451192036
059029542X
0413588106
0899332226
0156372150
155821304X
0415165237
0312975732
0679439196
0385334842
051513712X
0670894370
0061000175
0451525434
0465091105
0385333501
0394585852
1857589769
006447187X
1565927052
0373093063
0375901582
0765340135
0394502698
0671254308
0312266804
0920663796
0060012811
0871137577
0316648094
0340653833
0965177009
0670855030
0446609145
1887178414
0441102670
0679430830
0915811332
0525374809
0515102652
0590866001
0836119304
0062734830
0061814342
0395883237
0806511540
0760704465
0553373188
0345354575
0816148155
0425102378
0373440685
0375415416
1558536744
0425116417
0671879510
0871134799
0590457276
1588720268
0836217357
0394830148
1576731235
0671729446
0696019841
0836250907
0967185165
0486270734
0737020121
0140257233
0399143947
0786918187
0836268237
0380015390
0345333152
0449205878
0201696452
1841951900
0316693324
068484477X
0671654179
1563972050
0345340892
067931119X
0671694200
0553569783
0486406466
0449208672
0425178579
1573245127
0590134574
0006498035
0060528370
0517093804
1559721634
0881032867
0972066713
0446611360
0679721835
1565843428
0877934355
1400050308
0446607711
0140064699
0964109964
1857025024
0425142876
0380730138
0807070920
8431642912
0345392876
1567511120
0380459140
044022392X
0743410068
0590767836
1558749330
1890208841
0060956305
0671735896
0156011247
0061043176
0750652144
0515126772
0451204867
0375502904
0786863153
0375703632
0816029962
0380732661
0374527148
0812035704
0061092886
1887128654
0375406182
0393947742
0152164065
0375507817
0062501860
0425182142
1572313552
1592400078
0571199054
0061091944
0552997994
0340771283
0785805826
0345341201
0312305109
0345441435
0440361494
067166980X
0393049272
0394739698
0553584480
0006377157
0590978055
156512104X
0743428595
0553801481
0393038912
0375760393
0441694543
0590477625
0671042432
0440241073
039454689X
0452282977
1873741154
0140363912
0786702028
0306809907
0345335457
0786868619
0972763600
0060984333
0425193764
1887317023
0312084986
0553050672
0786889101
0060083255
0486417263
0486280381
0374523835
0440236304
0945260199
0025977601
0140055932
0679811729
0810944391
0525244581
0376013885
0451186125
080213825X
0967959136
0890876096
0525947752
1569521409
0553577808
1575421135
0941425002
0451181727
0743236742
0061000027
0452270065
0500511160
059035342X
0553110845
0399137378
1573245097
0971132208
0140275010
0670858048
0590405004
0380771292
0345335902
074341134X
0440423376
0061030597
0385418213
0435272624
0451203895
0416467105
0515134899
0671537466
1562477943
0553568728
0394573358
0553281747
0590399942
0752801457
038080896X
0593013689
0451194349
1586420429
0671872125
1569310963
0553199870
0399146652
0671011693
1558531564
0060183225
0399144897
0060505257
0571201261
0812510240
0449227847
0679735909
0345425782
0866119930
1567181678
0394722744
0345439147
0440234956
0517676044
0824806530
0345283929
0805071849
0140062866
0446607177
0440220688
0934232067
0226286061
0767914848
0449000877
0590454412
0684818868
0912670096
1577484517
0553581503
0312989377
0864427433
0517887940
0380725584
0446526835
0671578286
0439137411
1558503099
0552143561
0394725964
0140384510
0440201330
0671319744
0452271606
076530080X
0393305562
0771595123
0679400621
0805462937
0385494327
0373242565
0931742080
0006385923
0425182223
0842304711
0590629778
1567186599
1559343796
0099271087
1887923942
0881063940
0451402774
0743457943
0618131655
0684848015
0670840661
0451184718
0689843798
0755312937
0380727161
031205064X
0812524020
0140481389
0451202341
0373291787
0465081991
067976397X
0449004554
0515134465
0385313128
0061098361
0812829964
0380776510
0062554468
0262082713
0345301293
0374173273
0380727331
0440411254
0449001504
0425172686
0226013855
0515117420
0553576399
0889841403
0671743228
1740593413
0385326742
0061054801
015184903X
0312421125
0446357928
0060914289
0312093616
0141304340
0486287556
0553285343
0300084730
0812531167
0671701053
0394546911
0688084893
0553205455
0804114609
0140243321
0671787187
0060915544
1885211082
1883846501
0345391810
0312242646
1585420638
015100692X
0380755017
0874348676
0394589947
0064404307
0894806319
0099427869
0449212602
0425126870
0375500316
0060580666
0553571818
0440220424
0385047428
034530148X
0439110920
0763612545
0671704591
0465067840
0140178260
0684859734
0413154203
0394849337
0156002191
078972376x
0441002110
0064407683
1551669552
0312979533
0517118297
0691087504
0807009393
0446672726
0345311809
0670840629
0553348477
0671025384
0590010891
0449911446
0192833871
067101420X
0970873204
1566633370
0590881949
0451400763
0806935308
088365721X
0345348664
0439376122
0156001411
0385318294
0380816032
0140147470
158574297X
1402700342
0553286390
0440237165
0553280341
031216811X
0446364622
0789406071
031227999X
0451194861
0440415330
0671455508
0375407707
0425085309
0849932017
0940322978
0804112835
0679423907
044155279X
0883962799
037329123X
0380816547
0385294638
0465016146
039552105x
0670030961
0738700495
0804109990
156592861X
0316289299
0140186301
0731803280
067102339X
076132562X
0061093084
0451452615
0385319673
037542167X
0425188140
0671501895
0028622189
0352333405
0671674641
0807848964
0553575538
1901289109
0517207346
0385416652
0451180429
1564770540
0385315058
068485421X
1857987489
0877017883
0515104531
0140445323
0373218974
0743445643
068486780X
1840461128
0330328387
0670813028
0671743880
074344504X
0812516214
0671521101
0590623516
006099505X
1551663015
0802134807
0671773240
0613325419
0553230573
1551112280
0425181103
0345452569
014131088X
0060974109
0385040202
0553344862
0425187055
1551668017
0425187721
0375758585
1562829440
0312970072
081258418X
0061058009
0671026194
0140480161
0671036505
0385472951
1556159315
0425151875
0399140522
0345342968
0345444922
0679734015
0060504072
0425145301
0062508490
0345259599
0816606676
0449911659
0064407721
1886411077
0451520750
0884861775
1566192951
038547797X
0440205638
0812503198
0679442529
0140096922
0812512847
0394890701
1580625827
0679434968
0029106958
0807010375
067164551X
0345413350
0805210512
0140390162
0451163540
0942494946
0312289871
0345288238
0791040712
0312980140
0060558199
0446362816
1401901492
0553265741
0688163173
0385501560
0671701010
0395609763
1569875103
0374525080
014006768X
0835902307
1551668300
0066211069
0064470512
0553586270
0590252445
0345452771
0760700133
0385489129
0898799775
0571172539
0671867113
0345314867
1566047501
0312863381
0312147015
0671741187
0451211839
051770739X
0140193383
1551665352
0375752404
0789710684
0061093890
0385497466
0756400635
1561583774
0930267079
0253299292
0345440064
1566193230
0743420373
0804119538
0595190200
0375760512
0805048987
0135753171
0782124615
0865714487
0671004247
0679742204
0553584383
0195038290
0312978618
0689704488
0767902424
0786813016
0385605145
0553278916
1558744681
0373441797
0399144986
0876058292
0880708077
0440185327
0671039725
0590030299
039488051X
0060925752
0884042871
0688802834
0765300265
0060283874
0440435749
014038572X
1857236874
0609606948
0373079079
0684863758
0064471063
0875964788
1592400906
0806981547
0965455572
0393314251
0140126023
0866224599
1565122976
1400030927
1893956393
0786927984
0671705253
068486424X
0688148638
0345381165
0380794306
0448401061
0060467223
014027944X
0553274066
039483609X
0912333006
0590448234
0804111022
0820428620
0671400274
0688156819
0688069711
0451172000
0843932813
0671554719
0451177134
1551668815
031224679X
0395860318
0753505738
0449213358
1841882348
0439049989
0380790971
0789404443
0449146642
1400031532
0064400050
0789200104
0192827618
0553276786
844507024X
0736906428
0385323921
0553278355
0671746049
0671654160
0140216316
0553379011
0312927193
0393308804
0002554151
0451627423
0446528846
0140278826
0553295284
0684874385
0889842256
0425172996
0553259628
8420605166
0060976853
084311438X
0743202988
0449005836
0385323697
0156013908
0590679872
0141003944
0670877263
0345388259
0312253486
006093090X
0140022651
0439137462
0899198929
1566890756
1562763008
0449222217
0684834731
0670836060
0451409892
0312317441
0590319906
0380789884
0449212599
0395478057
0679419152
0843941979
0375501916
0399145672
068416325X
0862782546
8495501430
0345421477
0534947409
052594690X
0671526103
0425152901
0471293091
0767915054
0805073337
0812541979
0553212621
0517561077
0761520988
0060008776
0671001132
0399136789
0880297476
0373871295
0452269091
0195066162
0836218310
0312202911
0679721819
0743405927
0812521374
1565121562
0786817070
0801575605
0761509291
155868123X
0517220938
0553346687
0425190021
0152017178
1580910416
031227856X
0060198788
0688119158
0333727304
0316570826
0399137661
0425117383
0451147952
0671003739
0553582755
0312975643
1572318937
1570625387
0886778964
1575668467
0800792106
0609807099
0373250312
0719561515
1878867970
0803747772
0195061675
0816618526
0133420159
0439113474
1566194407
1569315299
035230703X
0553250531
0064404994
0689815069
0671869132
0875966721
0380710218
0671643703
0452276322
8425313279
0525937315
0446602698
0066620724
0679774009
0449200248
0881924040
0060518057
0425087700
0842373195
0553203312
0312192886
0553375407
1582341338
0060012331
0671632337
0425141551
0874779685
1892051001
067154148X
0553573837
0380715309
0879519274
0374525838
0192818163
0385476760
037601105X
0804108811
051512317X
0380819627
0061319694
0679425241
0192836757
0881921327
039557420X
0671034944
0805029222
1857231791
0064440508
0440424216
0345382846
3453150244
0451209052
0312983255
0061057169
0333693833
0449149986
0300069200
0446532215
0440228107
1588452778
0043350135
0553584405
0941188779
0553371657
0399133453
0156004011
0380727293
0553260561
0060508159
0380804913
0441008658
0380812916
0670315419
0140343113
0385421982
0399140557
1557385270
0865475091
067165831X
0373241135
0061020664
0879801271
0385425473
0380818337
0805055614
0920656749
0062512900
0312868332
0880015381
155615674X
0735712360
0061095540
0875426689
0874777984
0918477794
0425158551
0451526473
0553277405
0380018128
0590307207
045120994X
0785280642
0394820371
0451528557
0451208080
0671745239
0860686736
0671519026
0312983603
068485354X
0962756245
0226710319
1558501339
0811831671
1567184006
0945575203
0451210638
0140328696
0553210092
0671877135
0345310799
0440127793
038072345X
0553285947
0762100117
0515129232
0060163100
0393047520
0449207706
0375708316
0140071814
0786832207
0805037586
0786707151
0764585304
1565076311
055358295X
0465030491
0440219078
0192823779
0060987561
0030119502
0380696096
0425152898
0886773687
1588370011
0880381736
1582341842
074320042X
0140430253
0451528565
0275970566
0752848062
0066210232
0553565370
1588720233
0671542192
1561382809
0061059579
0849911796
076150186X
0963761188
1565120507
014200443X
0789426323
0060925450
1565926609
0553255991
1885171714
0451142934
0812575911
0595089844
0140261982
0679600493
0061056391
060961004X
0140367217
034910171X
0756400414
0694003611
0813334640
0385335970
037570504X
0345412885
0060165383
0671020307
0786880929
0373261691
0440215285
0385335660
0891346236
0804109540
0743235177
087542287X
0307001245
0875421180
0451408659
0688032745
1878574353
0671899546
0786889039
0789485567
0395877407
0316601950
1858132983
0671618156
0517185709
0964118319
0451168615
0307157857
0453006507
0380001799
0671721755
0679444920
0156004976
0515120111
0800783360
1883085047
0718137531
0886776880
0440904196
0553578960
0449221970
0670867632
0192817531
0553571338
0440483476
1864503742
069401639X
0345434250
0441007147
0767908155
0446601977
0394824725
0671795430
0385484984
0345416376
0140432493
014035008X
0805017445
0449006581
0452275008
0345447832
0747219419
0486419215
1552123650
0070155267
0553299689
0385263457
0679416714
0060283122
0767905040
0440216842
0345331354
0452272653
0913592021
0874779383
0812971043
0812545338
1852270926
0316603570
0451167082
0345396065
0941051005
0679436154
0895264218
1551666472
0449221113
1559212470
0870449087
0671881612
0670910236
0380709244
014043786X
1563083701
0813328039
0060392436
0435122592
1550501593
0800756770
1588720330
0393049469
0670820555
0684800950
0871136112
0425120430
0060198133
0849944287
0679422188
1570362777
0345318587
048621866X
0895990032
0312266154
0440556961
0061091979
0030463262
0879518561
0135101727
155166738X
0373250614
0679750169
0689861753
1550138677
0486400751
0553138804
0140707344
1882606450
0816162964
0688016227
080662714X
0135182425
0451191013
0688031188
0679734481
0671653873
1551660342
0060173289
0312300611
0451163184
1582343756
1559029838
0515090506
0241141095
0151006040
0312876130
0385509510
0553285726
0590379461
0671797182
0451628055
0385509456
039480029X
0812523334
1898323844
0671319728
0674306880
0563383194
0805059628
0330323768
006016963X
0553579231
0689820372
0553276891
0809240742
0684844524
1567184693
0380793164
0394891864
0575070684
0312975856
0671527967
0345413091
0385495935
0349113920
1572460733
0688149626
0671793136
044023719X
0590446681
0446353957
0689801866
0688145507
0140075569
0312958684
0553096419
0452265967
0446527017
0517701766
034540288X
0345375351
0812579852
0060234881
0671732552
0671662341
0517661756
0140262032
0590494236
0671023578
1555130879
0006550924
0875428916
0312853807
0006550266
0425140946
0345357620
0752837613
0395901383
1587680025
0425131769
089281859X
1585671975
0671648918
0804108692
0440223016
0590425536
037383523X
0515101230
0440911257
0836237390
068816904X
0446302228
1581342764
0778320227
0156364654
0385471106
0380713225
0312869851
0061006629
1566191432
0300089023
0312968949
1580511236
0471183652
1551664917
0747256470
0870118072
0446608386
0743215052
0380718774
0439431182
0671739441
1881164101
0807555045
0312169787
0060809248
0786801042
0380698439
0553566040
080699410X
0942637348
0812556003
0306805316
0440236525
034910476X
0810941570
0345285859
0192833553
0449215296
0446393681
0380750848
1593070543
038519515X
0156000520
0786014547
0380884682
0060973897
0671042564
0061030651
1561791792
0517887355
0553347845
1573241962
0679443908
1551922703
0525942009
0446600709
1556431635
0395465559
0679735739
0812580354
0893757837
0671641123
0380713098
0761109196
1888952458
0399147101
0849909570
0380754843
0786890444
0449129047
0849915082
0201889544
1888173408
0553107240
075151022X
0553803077
0590415654
0553572148
0399137785
0767908244
044041461X
156718796X
0451451686
0385477058
042512519X
0374266425
0688174914
1551668920
0671880845
0060213574
0062501984
0804831327
081745005X
0373250118
0553802496
0425116840
0345409876
044651652X
0425133540
0895773848
0836218833
007138099X
0395282659
034538170X
0517706229
076070015X
0783549377
0060393408
0937958255
0671666258
0451523679
1565547802
0671655981
0151007039
0671029088
0385244320
083177830X
0312859732
1853267295
0553271091
1841952338
1572232188
0413311902
0393026175
039449721X
1894877152
0061030872
0679419462
1556112912
1551668696
051512219X
0446524077
0393315606
8401381630
0743411471
0743220102
089480829X
0440999049
0515134635
0553573357
0394758374
0553277243
0373243871
0449210960
1585670685
0836232232
078578487X
0970637713
0670889318
0892813695
0316602906
1552781356
0813388880
0671240862
0394823249
0385423721
0811807282
0449212084
0440208300
0691037639
0534953085
0060136537
0385480318
0452264014
0446607894
0939149710
0812814274
0783553102
0714119105
0670885932
0871138344
0688046827
0345336348
0385479700
0446513121
0446530891
0385491808
0380727994
0590409662
0345359534
0472084100
0140431179
0140622144
0590568736
1401900135
0743204603
1573221112
0762700416
0934971013
0679408517
0553801821
0440235596
0762701455
0804111332
0380804212
0618129030
0449003795
0553230212
0688220150
0618260587
0679734163
0449000710
157064280X
0918949335
0385199570
0821772953
0836221796
0671876821
0877736855
0440201926
1573225207
076790592X
0451203070
0399217797
0553269828
0394556720
0671786040
0452267072
0895298090
0440209412
0451524896
0425191729
0688126731
0394745027
0446612510
1568387423
0969817312
0345351959
074932208X
0965881156
0590457403
0140153918
0887308872
0060911700
0451523733
0718143043
0316930164
0310918936
0441008232
0811841553
0446403229
0380758369
0330342355
0140361227
0060095288
1573223425
0316746711
0965922529
0385471394
0590847678
0060973757
0451456548
0380600129
0895774569
0818404647
0441003613
0380718502
0345449347
0449224791
0671645412
0393312291
1577656792
0393302008
0553099760
0385485042
0151002592
085115607X
0842332294
0486285537
0553290789
0440153778
0764547569
0375718850
0553280856
0875965911
0449216527
0689847742
0345452372
1853261394
0786867345
1578600804
0385317093
0060194448
0812564871
0380778726
0679441557
068481000X
0380815591
0446604011
0061059900
0877732248
0805019359
0380781042
0143312189
1585421065
0674654609
0886779537
0942637844
156282788X
0553259830
0446362573
0446961361
0345324889
0912078707
0673393585
0451457366
0679870016
0671690094
0451197879
0385191944
0716744481
0890435413
0061020680
0373262078
0836231147
044661193X
0671039555
042507255X
0060011912
0330392611
078948918X
0786916834
0486297926
0140020837
0060169419
0886776686
0684859033
1855324342
0865475431
0394488326
1890208779
0399525866
1860743994
0679745963
0553569252
0785270442
0671668862
0062516825
0452011876
0345362489
0786884207
0312971079
006093025X
0375420673
0446531286
055337933X
0064473023
068485368X
0375505148
0061013412
0743225120
0515127213
0812553632
0060971479
0515109509
0743233573
0802138004
0373872224
0156027798
0789717433
0440205468
0330487612
0553579851
0061099279
0836227751
0671708120
0930031741
1562472305
0072193530
0671015575
0060503580
0812575237
0385314256
0345427637
0425149404
0312054513
0609601008
0618197338
0306805863
0553111639
1853260975
0380759470
0870448641
0786832908
0440237262
1890159042
0393004597
0486247619
0812097319
0930289234
0373291566
1568000707
0399123040
0385491026
0679447172
0312969139
0805059504
0133388239
0385314043
0609608010
0743222121
0517703084
0060198338
0965694879
0517705699
0060557818
0736908196
0440235715
0964007029
051754489X
1565124057
0446344192
0375507973
0312874006
006092585X
1551925060
0061065722
0062554182
0916410781
0679731199
0394874145
0847811603
0307301451
1573225312
0060549416
0886773784
0312983387
1565897161
0373242557
0679430946
0590420577
0440175801
0486270513
039513692X
0345272579
068982193X
0451527526
0871138166
0060962526
0451209478
0515130613
0060977744
0890433534
0140390170
0440202116
0140052801
0440221471
078510965X
089375417X
0385332777
0312928912
1573229164
0553571672
0375407715
0515130133
0765341972
0440966388
0812566645
0671563122
0064402010
0689716230
3822816280
0553487086
0449216470
0380713802
0140442472
0002255081
1562470310
156341029X
0525247548
0375411690
0786880376
0448416484
0425172929
0140286829
1740592794
0399138714
0471163503
0743437802
0345309499
0452282195
0440447674
1895900611
0553279912
0375756981
0425178188
0895293234
0425188132
0804108749
0440222656
0399142541
0312963009
0425119920
1400031567
014044114X
0373288344
0425117839
1556618409
0312422601
0515134376
0679424075
0789405695
0316826812
0399137734
0451454677
0307105067
0226118711
0312859694
0836261194
0812536355
1558531211
1573220779
0881844780
0553212540
1551667371
0671035452
0140390219
1586481258
0553587064
0451400569
1842930648
0679505423
0590414291
0743206029
0375826688
0192836919
0970086369
0385486073
0061091316
0345457374
0316284955
0312303467
0380761599
067168390X
0060179457
0671733354
0064400042
0671646133
0879753234
1562474812
0875424961
081297106X
0451406028
0465068626
0710029616
1878175629
1852605898
0374311013
0618056734
0345428757
0671505378
0198319703
080411918X
0753813823
0316168688
0375501037
0060264306
0060562080
0671791974
0743409272
1557482640
067103958X
0553342762
0060275111
0812522133
0679427430
1551666138
1559636823
0345448359
0425152251
1565122178
0385333471
0525470395
0671686151
0671722840
0595226760
0812504208
0441799779
0805062831
0789454211
0671625810
0374522995
0671769235
0792265211
0312995423
0385488181
0140032215
1571290788
006441034X
0689823517
1552450929
0061012270
0316153656
0679439382
0805061835
0192836528
031226559X
1591162149
0451190548
0743243412
0375406476
0684802325
0609600745
071484053X
0006281443
0345329198
038081837X
0140265686
0140510141
0750917164
0805071822
0553279378
0439317363
0743411447
0375706410
0380809273
0764504711
0743407156
0451409639
0553261509
0316739014
1588550257
0451525795
0312970633
0843936339
0140298541
0786887842
0786881208
0806922516
0385335830
0782125557
0061092606
1562829416
1563670143
0888391021
0066211611
0812511069
1898323607
0786915897
0812566351
0141002476
1400061563
0375761969
0812535111
0866223010
1558704221
1565652126
0786882573
0789706814
0671721178
0486284999
0965030407
0425178781
0679428453
0394759893
0312261462
0914294083
0140189378
0345460952
0345428196
1888580224
1592231381
0830816828
0670893064
0689841930
0937175722
0743464532
0028625218
0140441204
1590521277
0393050939
0345288653
0345445848
0789415143
0684814994
0066210852
0553212524
0671891650
0812829832
0743418190
0451150317
0140445943
0786014199
0312203543
0809230437
0345300203
0553244949
0793820871
0806995416
0380730359
038072152X
0764564420
0553576089
0671432680
0553284347
1887178767
055309582X
0061091227
0764222163
1563632519
0375724370
034538038X
0446394114
079223426X
0486256111
0394744209
0671875922
0425101339
0394561066
0525941908
0752816500
0155174088
0809232669
0590415018
0072122668
0679768831
0060196793
0345371623
0385468156
1559705728
0671779729
0525945296
1565924649
0451410750
1579550088
0802116272
0765342294
1551669587
0688041671
014043125X
0345402030
0470851570
0517250551
0804114277
0425134350
0448419734
0451093380
0806512261
0880384549
0156838389
0425192938
0448405202
0060929790
0060195339
0451450604
0449124258
0385474989
0060198125
1887868003
0689845332
0800634667
0380720876
0439161673
0061010421
0062514172
0394753518
0380711524
0312150601
0919433871
0446605581
037575699X
000649613X
1580050301
0380795124
0743422007
0786866039
0451183665
155868400X
014028009X
1575664674
0373196148
0553580337
0449000184
0590483552
076790382x
0316031046
0786866837
1558534210
0451525892
0553576925
0060929871
091096517X
0028610415
0451521250
0425141233
0471117099
0553099817
0140084797
0523485360
0785276688
0964425351
0804111898
0451515382
0844204579
1573221465
0140293248
0553274791
0375804013
0786861363
0451144708
0783548680
0373834748
0062501097
0440508142
0345337662
0446676098
0312469365
0345327861
0374128715
0961408855
0684845601
0553134108
0380975319
1556431082
0452282276
055380247X
0060984406
0380899434
0312855966
0425185001
0060177349
0916179575
0060159081
1587990822
0674805518
0553096400
0671039288
015100269X
0486411176
0062733117
0060589272
0375724389
0743407148
1573221562
0064407667
1551666103
078581485X
0804114986
0345367898
0425132625
0380732289
0553275569
0395593034
1853260916
0440225914
0517220849
0064410137
0446519790
0451459423
044652705X
0525440798
0684869403
0156000776
0192833812
0449213447
0515130850
0679435212
0440225949
061826051X
0141182342
0071350209
1569875235
0425103633
0761107711
1885211155
0517680297
0596001975
0207197245
0373441851
0060628405
0671739905
0345335708
0740738402
0816704651
0895821915
0679438890
0345351363
0718147200
0060094850
0553234617
0007119860
0380715899
0684187205
1884737927
034530456X
0671467263
0393034275
0743211995
1400031192
0446611662
0385721420
0553296981
0441009190
0192839071
0449212718
0812520769
0345382951
0802116825
0785264434
0679869816
0521314526
068486441X
0679456589
0141000198
0806927755
155874262X
0684831392
0590431188
0345447867
0679853065
0609601229
1856979733
0060965819
0394582586
0140258795
0451519124
0060924926
1550749250
0393956636
0786883367
0684859769
0439318491
0139269657
0345391527
0553264915
0060523794
0394425693
0960170618
0394506685
0307989135
0156047624
0020820852
0394577892
015617099X
0393976556
0442281803
0671896725
0380797631
038550120X
0871137666
0140077022
0446671436
0451525914
140004961X
0671822543
0425171485
0385488947
0876592558
0312069081
0345439880
0140031499
0451170113
0486233529
0380782782
0425194507
0071375228
0880389117
0671015443
0810941554
1585003654
0345443454
0380718227
0486206971
0843937246
0385335113
0609608401
0061092045
0679741011
0671559656
0340265256
0671443275
0525934030
0385302304
0439252962
0345356764
0876058322
0571179355
0962976830
0446515531
0310912342
0758203861
0786882417
0140187286
0553800973
0596005466
0140350667
1585741833
0573064636
0679722165
0842329293
1588720020
0151910790
0312198299
0553240293
0425132935
0375725784
1840462493
0684835509
093968098X
014005829X
0142003581
0553492934
0743202961
0446606812
051511779X
0553052942
0671758837
0590819747
0375757597
0609605917
0672311402
0679724516
1577311957
1569717516
0140288503
0553280589
0060675322
0451459954
0312246730
0792261887
0399130276
0671535455
0671652419
0446363642
1573831409
1573220485
0679748083
0940322161
0517707918
1576738469
0746023294
0743456408
0671558625
0811809188
0002557398
0810934868
0385236913
1567189644
038548884X
0312194706
0135705819
1551682397
0205164900
1558535527
0140298401
0449907155
1551667118
0399140433
0671695126
0966712803
1853260134
0451207823
1566391075
0811831310
0965819434
1561632791
157566691X
055315186X
0192861026
0871133741
0843951818
0843940697
0064472779
0671247484
0553581767
0553801635
0805056645
0060761555
0385319428
0786889608
0671660187
0451197364
0875420087
0671894455
1551666820
0312264372
014012389X
0440220440
0810394154
0671666843
0938077007
0140124381
068486892X
038531258X
0395311349
031023011X
0670866229
0590880144
0553573861
0743410602
0812545249
0385282265
0553572024
067940693X
0688117619
0425148289
1588720446
0380800780
0446403083
0515128821
0192116959
0345418263
0425191362
0590685295
0679443746
1585421359
0345414535
0886777828
0140187758
1551432102
0312960166
0345375580
0380807319
060980765X
0451197747
0440486599
080213663X
0312114281
1562801465
1584854502
0375502661
0553275100
0553291408
0425130215
0345394259
0865714711
155166674X
0451526058
0878575154
0345338545
034546673X
0590034251
0440236568
0060957573
0553247786
1573220183
078686673X
0571176143
0553801929
0316168815
0380016699
1572970081
0553079980
0960068880
0515134457
0399148728
0553370928
050552208X
0140236589
0140376577
0099271273
0393013782
0425098605
1400061296
0761506128
0070477574
0515133973
0553273299
076454361X
155166576X
0380727544
0451173317
0671021265
051512947X
0804105537
0064407470
0345343697
1581821875
0842319441
0026125803
055357910X
1578562813
0060175400
0688160840
0446612731
052594544X
0451207548
059043473X
1558507981
0446400394
0394572300
0316748641
0807281956
0061007161
3596122279
0465030882
0671028367
0345348699
0385302312
0960531815
039487336X
1566193966
0831761105
0451183746
0060505710
0061099015
0671047345
0886778336
0671702505
1558504265
1852425873
0515056448
0812533550
0671017470
0517588269
0671742493
0879515295
0060987324
0836270207
0849907039
0446530239
0375404120
0670847798
0446529575
084232920X
0609810405
0689846215
0440411394
0345444892
0060182172
1885071337
014026437X
0393025225
0764307983
0399145702
0553279726
0312974221
0451202937
068419337X
0307020975
0862272955
0380752859
0262111152
1577330021
0679741267
0836205480
0373835221
1886913250
000649840X
0449204553
0060391626
0671014218
0062512668
0060973722
068481885X
0553579908
0590944649
031219322X
0140275363
0060005548
0590374532
0749314656
1931195188
0553581481
0590460404
0393001423
037327307X
0061031127
0679748253
075730138X
0881380822
0767904249
0688116191
0425155129
0380493462
0345323211
0060927801
0764550438
0671250671
0758203896
0020869509
0696025566
0937295019
0061031429
0449005550
0684868911
0747531730
0312194420
0380730502
0451459407
0671648152
0671899333
076791404X
0399147837
0448415925
0786703695
0553292056
0671656090
0441006272
0439042445
067940774X
0873225538
0671034006
0316782262
0812554094
0007105940
0345409671
0446611476
0609801945
0310577012
0345448367
0425181642
0064403688
0425190773
0836227557
0590461478
067943528X
0345339967
0131411551
0786932058
074320008X
0671013955
0307101525
0440200040
0373520476
1566193931
0375500707
1853262390
0553582526
0375422188
0064407055
0140350071
0393307611
0373123183
0394723430
0679425136
081291273X
0307213560
0618002243
0446613185
0670845019
0446610038
0671742760
0786011947
0770426182
0451452062
0312253427
0064407314
042514755X
1569473331
0843133708
0940975017
0345458915
1840006110
1887299106
0822005514
0140025707
1858289602
0743211375
0679767924
0684862336
0553117467
0140440151
0330273140
087044574X
1558532765
0062505904
0399135995
0312254954
0971454817
0743230027
0688151981
0312956002
0525937218
0446328731
0060984058
0374157065
0345368991
0064431789
0743400518
0521387728
0809015803
0943233364
1566840287
0590431927
0451451538
0553248677
0679746692
0670031321
0399141855
0716733870
1558743316
0553569821
0486227693
0006514952
0312269218
0312974256
1576730824
0060001941
0451458842
0936861304
0671656589
039304856X
0446611751
0312099436
0440206588
0553073192
0130173231
0812931017
0385319258
0140074481
0375704833
0449222683
0449901017
0812521757
1579541348
0064405907
0670828947
0425098109
0316693235
1931402213
0688074790
0439372836
1561701246
0399150854
0553351397
0871132052
0446530085
089296619X
0553269704
0140262385
0312873972
0441005764
0804113882
0440414334
0373225512
0375726349
0451457730
0140156291
0571197604
0425068064
0743457676
0671726749
0091740789
0380792494
0517595753
0452275180
0375505547
0671721976
0684853159
0393039145
078949437X
0684874350
0399146180
0786868120
0061094196
0915811006
0373764634
0060914068
0899088236
0006375952
0451173139
1400076935
0451527038
0201877589
0688155308
0670878847
157322202X
1929090307
1563520346
0060955570
0452280397
0425153053
0517590751
1576739759
0806621516
0441094082
1840462507
0786889276
3492233503
0451527895
0671218581
0399517405
0553298046
0441157602
157859135X
0312022824
0375413944
0868197149
006097673X
0618178929
0064440192
0943151163
0399140220
0375401156
0671026356
0553293176
0553110721
0345396812
0439286239
0449223612
039483612X
0596001967
042510107X
0892819774
0767903579
0399136312
0345375742
0140072659
0451191889
0375701214
0439567629
0897321618
0515134864
0380770237
0061074292
0452273862
0451190572
0380802147
0373632398
0785263268
0684871726
1863303448
0446670324
0898792312
067102762X
0340786051
0062548662
0595271707
0802707815
0316491705
1561703494
0312281528
0739433857
0140585044
0066620120
0060563079
0345368959
055308920X
0679720227
0439435366
0743457269
0824513576
0312857659
0441519253
0451409450
1558171290
0812516230
0142501530
0312242417
0316288292
0671867172
0764309331
1558530711
1590580354
0440206561
0812920813
1889771074
0764116339
0451179188
0061091464
0394584554
0395329205
1853913561
0449006352
0960432019
0061053562
0801845882
1572240393
0373250193
0679763309
1852423072
031213052X
1552091244
0451133129
0330356593
0691005419
0679767991
0894711466
0312054114
080411188X
0070651574
0380731851
1571312641
0743435338
0140442758
0192817973
0965605647
0812967658
0553567764
0679432477
0374503168
1551921987
0671769316
0312072376
0345402308
0446533270
0441203981
0816708509
8173711461
0451528107
155166903X
0385720106
156247037X
0345348176
0553099590
0380718758
0380759489
0440211131
0395194970
0195003748
0312957173
0684853523
0425161439
044922578X
0312322755
0394717767
0394525299
059093970X
0670834386
0553373765
0345424301
0751512907
0671798359
0671020943
0312014112
0679457224
0440407591
0345457587
0385497679
0142000000
0345379330
0848725166
0671534718
0765307596
055356160X
0590420283
0961462000
0345409469
0718121449
0803251939
0316031038
0786867647
0671014080
0064406970
0671556924
0440401240
0515127000
0312142811
0811208478
0440180295
0679742115
0448165686
0873760352
0821724479
0812013565
006050918X
1567992935
0394722655
0090966309
078693140X
0805047182
1892016001
1885171013
0374333858
0553580264
0451211049
0671774662
0811835995
0894712063
1585071137
0671011537
067179275X
0590444603
0785269487
0883964716
0446531278
0812576489
0349113858
0385507607
0671721593
0553253883
0553562754
0375811648
0140373373
0373116845
0816718075
0525945768
1889538523
0684855127
0380755408
0345455371
0439172195
0394755359
0060523387
0618116036
0316284610
0804900868
0714829919
0425147762
0440445450
0486235467
0441011624
0471018732
0060931841
1562763482
1859606520
0840795238
080707246X
1901094189
076530418X
0300077440
0140383093
0789702401
031218171X
0452278597
0345433785
0521389380
0140173196
0345285050
0345430425
0425155064
0373710127
0805069798
0671799576
184195425X
0156002221
0060981180
0439010780
042518109X
0312860374
0764551078
188717866X
0553299492
0375713271
0812518055
1575001438
0064404188
0060929383
0840733976
0395284120
0515126489
0060083816
0380820447
0312266499
0380977761
0446612332
0380789590
0553375261
0446671517
0060536985
1931561036
0425176657
0451168062
0684845989
0800847431
0440217164
0830719008
0385486588
0061092355
0590738720
0373098898
0553176536
045120915X
0066210801
0141002166
0395955386
0553261665
0312289723
038518400X
0060972459
0505520001
0312040156
0441006965
0679463321
1585420042
0671749609
0515114049
0064406148
1558748164
0440109930
0912696184
0451520092
015602764X
014017043X
0425182878
0671042513
1895688426
081292603X
0451203593
0679721274
0156013177
0380708655
0465054676
3596148650
0425067815
0385319002
0671704273
0684813785
0873586387
0671004115
0394825136
159184021X
1881052028
0805425853
0441006108
0875421296
0312871996
0380798395
0394800133
0380978172
0140288546
1402200374
0375400141
0671881949
1558744673
0452281482
044630798X
1903998166
007137048X
0156186004
0802135196
1558747966
0590319574
0140261524
0385294182
006097771X
0768910064
0195066278
0821738003
1853260274
0425174468
0151003084
0670838268
0448095017
0312151667
0380730448
0590543393
0441873804
1565049063
0451190491
0380724065
0316051675
0373264321
1559705205
1893732290
0894716174
0380713799
0312141173
093279601X
0671866923
0380793180
0553800965
0786866624
0345273303
0688084613
1584850248
0706411587
1855859130
0553579835
0761122176
0152480099
0743260244
0806641630
0441239196
1579651658
0380813424
0671830821
0425079937
1903517044
0399128409
0553299441
0762722460
1858283817
0763714224
0671553011
0312203594
1588720756
1888444088
0385335431
0679402837
0374519129
0425118312
1560255048
1559583665
0743417208
0312267061
0809245469
0340682299
1573223328
0345421426
0590439030
0152171517
0811835758
0440216583
0393313166
0440507162
0671004611
0679781498
0060183683
0590406205
0894806165
0312284152
0452282268
0816729050
074321918X
0451177800
0140348107
0451403703
0061020710
0679868453
0060166436
0679439331
0679735771
1552630536
0140041141
0743448944
1579542174
0738205737
0345456483
0553213415
0312983824
0886775507
0553280325
0553803409
0671024434
0811828964
031228375x
1564581896
034537410X
0312285663
1573226017
044922323X
0763618292
0684833492
0465072690
1891824171
1570089957
0373790619
0449218228
067973225X
0345335236
0687074827
0140089225
0375701176
039701001X
0064472531
0771061137
0486217612
1584850175
0345409329
0374527350
0534562590
0312965745
1862075557
0028613228
1565925157
0312867689
0803980507
067230466X
0743464745
0812565339
0140235396
0446403830
0451119398
1558746099
0446314463
1559342560
0812970829
0375407723
0062504320
0441731260
096525660X
0553297562
0882681141
0061054879
1891830155
0441009328
1582341583
075480450X
0345428811
0375400532
0441009425
1582432589
0451181379
1570642818
0553576232
0394836103
0140281649
0312034466
1858285712
342307986X
0671621998
0915132664
0440800056
0761314423
0679402187
0374514429
0312044690
0439256364
0679741836
0446400947
0609608746
044652767X
0345404785
0842314792
0425091163
0151972036
1886155003
0899193846
038001503X
0671042556
0451453859
0440173701
1860465048
0425170551
0771092113
0309084075
0385495323
0451176464
0440228166
0345316606
0886775876
0375507493
0970086326
0671253832
0060000805
0897932188
0060170786
0671681567
0743205413
0786889624
0345387554
0865471185
0515119814
0394800206
0805410783
0553288202
0373163843
0609809512
0375758682
0060934417
0851315003
067972754X
0963600117
0688143679
0345452534
0340634944
0345443233
080075302X
0786868058
0375422013
0671523090
1568361173
0553404350
1565120604
0373483503
0393320987
0312981244
0812538943
0743247612
0553265571
0679603352
0140088946
0609807501
1558746986
1563976935
0345341988
0689817851
1590510666
0062701878
0345423607
0717134318
0805034811
0380790963
0875420079
0375500685
0590460307
0061054232
0380808080
0743417356
1874166218
0060530286
2020088924
0132075318
0895261405
0440941407
0060976497
0875422462
0786887567
1840002328
0453030580
1558534318
0451203224
0394759842
0345340280
0670818941
0553260618
0231074123
0451159535
0525946756
0691090823
0865475784
0553800949
0590567357
0446606979
0786219149
0312970129
0446606944
0373706707
087477618X
0743406443
0684830515
0060554770
0743237188
0316734837
0441005225
0399142185
0394584082
0393315819
0812504267
0743216474
0812533534
0060698632
0811807150
0525209611
1573221295
0721675522
0914984934
0553263285
0670888702
0802713521
087040735X
0816020213
067960085X
0062510177
002542730X
0061031992
044022313X
1585420204
0887306640
0886775981
0451187849
0525947736
0140105662
0394858417
0425185400
1400030366
0380613255
0140274782
0441001335
0140446745
0064409945
076530953X
0762700033
0316702757
068485256X
0312169655
0375502912
0316089699
0312961863
0425063216
0374115540
0679879242
0446606065
051788089X
0440998050
0316690619
1560974583
0805063579
0399151729
0375706623
0345358686
0060193395
0671679155
1560765925
0060571314
0688152473
015694877X
0440403863
0451133196
0671684027
0671698869
0743421922
0061059080
0449219569
0136291554
0137926154
0140234012
3822800740
0486268713
0312951426
0425125467
0425171264
0399149422
0743444035
0743423070
0671721119
0679889299
0671041460
0786710829
0312209746
0201632926
0156006065
0515129496
0060014253
156565305X
0758205430
0380815583
0801857635
1588720284
0373711905
0307302024
0399239545
0440418569
0843945575
0425183009
0060801115
0312173555
0316189529
0449227545
0671432664
0374303665
0835607615
0743219708
0684848783
0192818481
0449206467
076450407X
0679311378
0671668331
0609809911
0062500260
0394843762
038572974X
0786865520
0553262637
0310213274
1862074577
0201886685
3785532032
0002252031
0486287149
0553574183
0906212677
0060193158
0553249355
0375755403
0446526479
0345391837
0140033181
8440682492
0786884215
0394726413
1565122798
043913742X
0670032107
0684848961
1573228834
1560255021
0671698680
1585360384
0141301201
052594575X
0842321934
0375501207
0689859368
0451408772
0861711297
0684834995
0307001164
0380728745
0385496095
0201045435
0440403790
0440223458
0525237704
0898791650
0373483872
0140259198
0866228098
0789706032
0140151028
0380807939
0425171469
0307100197
0312979460
0316693200
0689809581
0394836138
0440146623
0517597160
0553562738
1573221252
0553584049
0394554353
0440503248
0375422145
0821757644
0345356535
0553231596
0393029190
0425136981
0141300620
0425099334
0684835525
0967883806
0312204264
0590254677
1887374051
0312281277
0679437525
0140294295
0140361219
0876544766
0961822716
006103018X
0785275177
0465043623
080410526X
0451402340
0446605018
0312069820
0843951478
0373123523
0132662892
0517056941
0966536312
0399148779
0140623035
0135560845
0394584716
0465007201
0440224853
156458027X
0091816874
0425160394
0590483404
0886776376
0671722816
0671319507
0140441077
0375727566
0345463390
014004387X
0061014591
0452277337
0373483937
0886771013
0743204727
0813524784
0880383828
0151005672
0441011276
0394715632
0425137465
1878067338
0896381560
0195042387
0517884534
1565924665
0425062740
006097754X
0877286183
0684848406
0895261901
0684836424
0345433084
0373834691
0465006965
0671896741
1850158010
0060984325
1578561345
0399151451
0156006898
014023313X
0060964316
0061031011
0345378482
0810963175
0060537639
0385335407
0679725415
0553573616
0330306839
0486298035
0385424736
0553061747
0688093043
0805013695
0375758305
0679758550
0399149260
0671492276
0198504136
0743457579
0679411607
0142000159
0394741552
0140481346
0517455951
0451193008
1558744029
0915811049
0060528036
0060934794
0802130682
0393020495
0823010279
1583224947
0889740224
1567186904
0743455827
0688103464
0812570707
1572153539
0671887963
0345322215
0517050358
0449221385
0679781307
1860492592
0425060004
0679457526
0517568403
0375404538
0399143629
0446357405
0395353874
0140068147
0072231718
0345331923
0553208829
0441748600
0679758461
068816711X
0395574242
0060958022
0517599414
0789719037
0441805841
0812577779
0374310939
0812551699
0374518203
0688153119
0735710791
0448095181
0689841140
1586603973
0553075101
0738207411
0060502258
0891415947
0786918047
0385482698
0345373243
0312044526
0590436147
067101532X
0061000280
0385022670
0812543262
0670867675
0515137162
0451192974
1565123824
0671883429
0373250509
0312284187
0764533932
0807820636
0006385427
0375705090
0380765144
0440227704
0451409434
0140097112
0761500278
0465015638
0061059048
0306807718
0452270677
0345348680
055327824X
038072118X
0060987103
0142196142
0440195934
0553256270
0679431764
0449911012
0688067573
0810113023
0027617319
0670887285
1560233575
0749902698
0028636651
0312192177
0446343552
0385424116
0345314883
1565123638
1840464003
078212822X
0805063889
0440416582
1402202733
0553568701
0345443225
0671797042
0886776856
1582971242
0316607630
0553274295
1568843828
0425163385
0789721260
0812524802
0312978332
0600604225
0349106843
0671739727
0345383273
092007944X
0060004703
0449001024
0806510145
0888947216
155054926X
0743412311
0688088686
1859671039
0590502077
0804804966
0140179836
0892966467
0064403319
0340370238
0385508603
0515134368
0142000078
0140062149
0553253069
0452284902
0679776591
031023252X
0156002469
0679415602
0894800159
0553273221
0671443283
1558538356
0679757937
0451459318
0451627873
078688567X
0844209171
0140141472
0816015201
0425166619
0609806963
0130926418
037576092X
067188428X
0671024396
0385304943
0060163461
0024182001
0486272648
157748326X
0744001943
1562829254
0060988398
0060115580
0804106304
0060652896
0345384911
0671021311
0373245394
0679408193
0451184041
1885228554
0898153883
039952438X
0933387024
0877730504
0743435605
1578564611
0451151259
0553210513
0679401032
156305115X
0886776503
0345381688
0451206096
1888608978
0451165209
0739813544
0373250215
0671850229
0425164845
1888173572
0898156122
0878571817
0671644351
044022859X
0812539087
0060522259
0451201744
0394722647
1557830290
1569753008
0333628020
0312027222
0140389989
0310210364
1571742549
0764516817
0671836536
0684802902
0425073203
0345362861
0140280553
0451154460
0896086755
0674367693
0743439740
0875962939
0385260083
0380717832
0446321443
0679429824
0060509392
0743467981
0849915074
0316185701
0061097861
0782127215
0156012030
0931432820
0192836668
0684841185
068484494X
0688078028
0449207420
0375701427
0752843338
0375724400
055327418X
034539657X
0385261837
0895772620
0860916170
0671519166
0671016768
0963411233
1580631606
0440210275
155870406X
059030271X
0452275733
0345404459
0752838377
0393045358
0875962947
1558020063
0735607958
0553576801
0553579606
1555611664
0449910830
1578561337
0684827514
0380726238
0399144595
0399134832
0684827107
1569471037
0449223795
0028632028
0394558235
0373871694
0385410646
0786904925
0316098442
0553579916
0553579037
0805042199
0515134872
0451148339
0590568884
0380776928
0380011220
0671215485
0380603926
1564024938
0671019635
0876855575
0330253565
0881846996
0446516880
0671038605
0786889756
0590494309
0801439280
0380797658
0811214982
0876043902
0833569228
0452281881
1562828479
0425104338
0385495382
3406434576
0425167283
0553380826
0152013318
0446691070
0786866683
075132079X
0066214718
0440205085
1580060218
059087764X
034541795X
0553578391
0671678566
0312157029
0310200261
1890817147
0312968922
0425194256
0060185716
0446364797
0316117439
0060159383
0375758755
0440220653
0385423586
0898159148
0553573209
0374522243
0446676888
0441001971
0688177751
0140089365
0060909005
287714125X
1883013607
0312283849
0789485885
0671728571
067151914X
0140714189
059076781X
0451173392
0553564978
0743403460
0140366660
0751364479
0006548830
0399131876
0679429220
0060950862
0465045405
0836254163
0060276940
0553255851
0756400066
038039362X
0140065172
031205811X
0425178587
042516036X
0312980388
0192834835
0380804387
0416247105
1571200037
0886771358
0140432620
0394757688
0140085025
0451204778
0553275976
037542217X
0345406028
0441842925
0345420748
0821228188
0671873199
0373711204
0590338498
0399136150
0440414121
0679732365
0345320166
0441007910
0449221431
0425157164
0440119006
1852306688
0312289901
0312291639
0385083181
0140059156
0748702695
0671896563
1565042328
0767901266
0060932856
0912186933
0688177026
0812532473
0515116289
0375501509
0679451528
0786863005
0393020185
0425189899
0375707190
0060279966
031211236X
0786810262
0670851086
0931454999
0812508645
0451459040
0747520224
0060938374
0385480210
0671496204
0451451155
0803495420
0440108411
0670746045
0765302578
0399124721
0399143874
0385314698
0380812959
0590257838
0140378278
1564144119
0671027417
0345382706
0425090825
0671034022
0747531811
1876451025
0451131312
0553578138
0345350499
1558215492
0425185257
0156008661
1560238763
0814450938
0782125352
0140059253
0439158060
0375404643
0671878697
042518269X
0553109200
0763619310
158542160X
0684853736
0553572946
0531164934
0441760066
0671741772
0449225313
1566910137
0743444051
080650711X
0060160950
0130408131
006015781X
0671885146
0671739735
0064407454
0884114066
0553550047
0553293362
0399128980
074320607X
0486290301
0345368754
0765197596
0671008803
0875160344
0385319622
067089558X
0688051154
0312950446
1571742883
1853260002
0156443791
1551112205
0671685147
0060976101
0896598810
0064408337
1578564980
0451524055
0671660713
0380731517
0399503455
0451458362
0460875981
0140234217
0553484494
0765340313
0882668943
0446526126
0679743464
0140512101
0151006210
1586481541
067100414X
0441090680
0380789183
0380001411
0399149783
0451184106
0393011836
0316779490
0873648897
0553371835
1400060117
0066212855
0590477455
0670896764
0345428544
0679722769
0394926250
007142220X
0553096044
8251800811
067945960X
055329301X
0671892649
0192834029
0425165108
0307119408
0061014222
0671785141
0743418727
0451163931
0739426915
0312132212
0345413571
0684837986
0195582470
0451207866
0446359203
1585470031
0385501412
0345291328
0749933208
0609600796
0872201880
0671799592
0060164190
0385483368
189481505x
1585420646
0770422470
0752818643
038549422X
006000780X
0142437433
050552337X
0316545317
0440775825
0373262019
0399144714
0750918470
0399139745
0140430415
0718145542
0571168361
0465037402
1573181641
0618219064
1578631130
0345390059
0553582143
0440214424
0312005784
0380614243
0486264785
0060958014
0765107619
1883211042
0553245694
0553377868
0786889306
0140186476
0786883510
0156005891
0380708094
0425094863
0380814021
0452281784
1580084702
0312979827
0060926627
0449912558
0609601709
0445201754
0441031161
0679725164
0688172377
0446364282
0440225345
0440235936
0671877046
0679755330
014062189X
0882666126
0451140044
0330493612
0440126894
0060557257
0743203313
0450029956
0425054802
1565920872
185958070X
0070342059
0881503401
0393307050
0375704043
0393325261
155853461X
0425155439
0345370740
1569750254
0684853310
0679435328
0380977303
0531300633
0954136802
1400031699
0141439629
0553567756
1577941691
0743250354
0399139311
059019013X
1852309423
067100042X
0439060435
006000438X
8420439193
0451194071
0060931809
0394810112
0345307615
0764551280
0671683993
0671738666
0671607405
0142001430
0380720868
0886776287
0879977906
0060176075
0786881887
0931580528
0140267670
0345455916
0307204014
0399146407
0751519782
1558535411
0393029638
0312270151
0801839351
0804119724
076111940X
0670891649
0060096209
006054161X
1563318024
0875730701
076361159X
0609607944
0451193040
0142003808
0732909430
0449001954
0440223806
0886778093
1563054922
0140188134
1888869070
0060987529
0553062247
0440216109
0836220498
0061031410
0446342106
0028625757
8571648379
0345313577
0811832007
0345351843
038072975X
0440940605
0375414053
0028604032
0020442505
082177462X
0395940400
0062734091
0440217520
0863698859
039456894X
0670241334
0152018018
0140239111
0552997803
0446359750
0684854848
0486280616
0830822186
0440211697
0515128015
0449005925
0679435891
0842318992
0071346988
1551665344
0786881852
0395860296
037570714X
0525945814
0452274117
0345389425
0609605925
0061012165
0380728265
0764547097
0380014300
0394576268
0151005354
0874772362
1883010276
0836218353
0316073016
0451527658
0060536357
0671039415
0671007599
0688073603
0441783589
0439249767
0931580536
1562055852
0452011019
0425179230
0874778875
0517118327
0471404217
0446678376
0140250948
0394757734
0806977140
1570717257
0932379176
1556521103
0671673645
0590259970
0441499724
0425191001
0399131493
0842342281
0809223295
0312307993
0151005575
0515134473
0563206659
0553289721
0060913150
0310220211
0385304897
0805065121
0446521663
044050354X
0671795554
0061064971
0553213695
1552976246
0064400581
0743406648
0312962576
0375803017
0451524551
0440327709
0071382275
0380814110
0078822815
157322121X
1580400604
0448060043
0792273745
0138519323
0515123447
042506803X
0753450615
0395971772
0449223116
1565072049
1891830198
0451158601
0198320264
0807083054
080651728X
0671413678
0345303059
0553574604
0876053274
0671769200
0525947299
0525944427
0399149279
0786889616
1573220825
0380402874
0590426176
0140165347
0446611689
1863305246
0373290594
0061093491
0192861999
0307021688
044100864X
080370271X
0312262396
0743436806
0385314337
0345426274
074340338X
1558745718
0064408639
0060112816
0152025677
0679427422
0684803046
0671720376
0517707152
0671204971
015216250X
0917846494
0449227421
0844285218
1578565731
0684830671
0140440186
0553212923
0373707487
0151006903
0425171493
0689824750
0767904656
0802851754
0440219418
0345303717
0816510059
1861082150
1580620477
0842329129
0345419340
0449225704
1400045371
0440906490
0441787134
0590419528
0061056995
0345370775
0061098612
0930031938
0451171012
0140241930
0195546490
048627263X
0963648004
089577402X
0440209803
0345347862
0060558865
0892813024
1552978443
006000469X
0879515031
0836278445
0380698714
0805013709
0671015850
0764222171
0312189710
0874834473
057120547X
0553575279
0965238393
067976867X
0684819066
0441166113
0451821866
1570718229
0300076746
0395944171
0399151885
0425161617
0553587188
0688177743
0894803700
156025307X
0385483619
0805055800
038532362X
0782114199
0140309578
044022103X
0807009180
0425076741
0060971819
0375758992
0310499011
0060931418
067942525X
0451127897
1551668947
039396647X
0099769913
1572492317
0140104690
0192839772
0515132039
0140097058
0312921098
0385497954
1558851070
1570643679
1565121821
0789471744
0300001479
0425096343
0679436073
0679735747
0875847595
0262121786
4770025009
0345404742
0813524660
0609609769
0312283709
0809238934
0590450344
0312291329
0446611468
0060923245
0563371110
0684828170
074324480X
0380822253
0875421318
0804117942
0140254587
1566195667
0743226593
0553346148
0028631870
0440416051
0385333641
0843127368
0451628233
0345404769
0061051578
0679405135
0449221482
0912333472
0963575279
0929661192
0062516795
0399137718
0156508869
0679761659
1562827480
1580252397
0451126661
0201489899
0786708050
0931892104
0761533338
0804105820
0881922579
0310211883
0156006847
0679723420
1551668467
0452284015
0918949165
039921688X
0440940001
0670841161
0771082606
0385334958
0752215825
0553264079
0812576071
0452272696
0300032781
0743201981
067102700X
0385483864
0307440087
0345368983
0312890117
0679600213
0380727668
0486270629
1551668122
0375700293
068482471X
0439078415
0441535771
0140367438
0060198265
0312185936
0465005594
0374527229
0786013788
0070345317
0590446959
0394574982
0385495846
0590401920
0375718990
0345444388
0345316827
1563898586
0684871580
0866224629
0451452887
0300002416
0965419835
0525947655
1565042492
0340655275
0060009012
0020442807
0061052817
006017739X
1564963179
0789430282
1555831745
0553282093
0394825993
0452280249
0750029943
0440224780
0743416996
0767907817
0060156562
0061010995
067944629X
0679310495
067941603X
1565123417
0590542443
0515128554
068982047X
0689852592
0914629921
067972818X
0553298968
0156806479
0671493183
0345425308
0393300234
0451210751
0451457897
0806961619
080410753X
0786927003
0441809332
0441062253
1573229601
0451409361
0553240404
0893754102
0671747959
0330491024
0812626915
1570716250
0345314301
0385315902
0385337574
0553567772
0451411196
0805069275
029595454X
0385490550
0671868330
0671684655
0441586333
0793803500
0435906003
0786880562
0553379267
067945439X
1570612684
0345381017
1573920452
0553572369
0671004549
0446605859
0385334702
0446611611
034545782X
0451527747
0446675059
0451209907
0385479565
0451131517
0831771593
042518207X
0805051309
0140065504
0061083259
0446606189
1877988189
0451160134
0803990189
0385425880
0520042727
0140137327
0688103804
0875420508
0425147231
0671027441
0880880848
015204566X
0553209671
1853263109
1588720195
0505523000
0525054812
1577790308
1864501243
0316920290
0743439651
0312045875
0874869870
0140072748
0130952842
156592469X
0609810219
0060195460
0385337647
0140320431
0440550106
081255731X
0440194903
0446610844
0446602736
0688078222
0312977026
038533320X
0890871396
0849909155
0312988273
0380704587
0812550706
0375709150
0590418025
1568652909
0440204704
0553574418
0866119698
0142002623
0446606863
155970666X
1853260681
055337849X
084991146X
0786863331
0449005909
0425169227
0375702709
0425144372
158542031X
0886777739
0425183181
0451165322
0192860836
0752843192
0689855575
0679426620
0140014845
0696007657
0945564058
0345311396
0380731592
0806135794
0688132286
0671010085
0840776381
0425167801
0812540492
0743436121
0671461494
0812520297
0385334222
0373441800
1565610520
0312960875
1579547923
0786014571
0394404289
0689821859
0140011749
0515136247
0553212419
0515133515
0380976862
0618004076
0307119262
0451408896
0860917886
0822956705
1565923227
0064472795
0131837990
0451188454
0380789035
0671644777
0070691967
0875420613
0886771951
1591450055
0425194345
0786869445
0226743446
055358250X
0385180993
0684834812
0486245918
0425187365
0425136612
0130938327
0515114693
0061099287
0375501398
0374199698
0471525871
0849914884
1850437351
0688109349
0962936022
1858286018
0875652034
0374169985
0590877437
0671318497
0439106648
0743471458
0395083656
0345339495
0380008149
0939165295
0316153826
1570089949
0316153990
0425192911
0446524247
0743201116
0312982623
0840734409
0825436060
0786885211
068985918X
0684125927
0571200796
0441006361
0688164056
0853237115
044652106X
0425184234
0873585135
0671311891
0451451430
044653143X
0306805057
0517642689
0155067664
0849943124
0743424107
0765343894
0140282777
0752808753
0156007185
0452285186
0141306971
0679735461
0786711531
1883402468
0774712694
0671738623
0465042252
1573240311
0140304452
0515137723
1556618638
0330481681
0834802228
091265662X
0590433520
0451146077
0394854462
0060002093
068815512X
0312984235
0061031089
0743225546
0060974788
0452273307
0517294095
078686169X
0805200177
0743246438
0307010856
0449208133
0380790513
0446604801
0448095386
0765342529
0380804921
0553253220
0895778092
0385720416
0451192249
0345422317
0441005586
0192833561
0671677144
0394800168
0446610739
0553578359
0671727796
155972286X
0140440410
0806909528
0658017934
0312023847
0671880241
0878300554
0801855810
0395974690
0373259735
0590409042
0740722271
0671002252
0060183527
0345333926
088240539X
0836218426
8479532165
0671226851
0679031502
078949647X
0452277051
0192818260
0425143597
0140072187
0415922801
0671726528
0142196223
0375415505
031021792X
0886776481
0679726225
0373835213
0553089218
0515107476
0786863137
0767903854
0856851361
0140183507
3785536763
0425083853
0671787861
0460874381
0380769557
0684810395
0590317091
0671470450
0062736337
0375753788
0679454454
0446301582
0671462970
0671877399
1575250128
1558743790
0689711816
0676974562
0007116241
055357339X
0345405730
0670858692
0385503822
0811807843
0871137240
0380731800
0060154969
000638837X
043931948X
0425175979
0425185605
037364292X
0684845776
0800757653
1562054376
0349111863
0674194241
074322616X
0812091566
0679758941
0672315335
0451624955
0312272243
0785280405
0448089041
0786884460
0752804510
0752848151
0064420264
0787961485
0393322432
0747531536
0446612588
1883929245
1881273628
0060167084
0812507371
0440235448
0380796090
1862040044
0399146601
0671524313
0671024205
0060951176
0765342308
0671864173
0440228840
0553296345
0446525804
0674503589
0553801716
0553801376
0312252854
0385313667
038039586X
067084022X
0786889004
0399133828
0385475616
1556706804
1582972397
1853260401
1853260363
0060507403
0140159231
0446322180
060980619X
0061092894
0312305060
0887306942
1566631955
1558850155
0465026214
0553014803
0967605032
0688171877
0806961120
034545104X
0525938982
0415934915
0375422307
0590477331
0671510126
0028614518
0671731262
0380725835
0312274629
0670386553
0140185542
0380973634
0812544161
0028631633
0449224392
0786883812
0671014919
067942413X
1556156782
0399141340
0896582566
0091867908
0440416507
0345407083
0060969318
067164646X
0679416803
0385263279
1856979873
0553575619
0140083014
0679450041
0451192575
0553239929
1571458506
0385493479
0439226481
0531022757
0380978377
076450830X
1878424114
0399151877
0192829300
0316930938
0789717468
0886776813
0399145923
0767908481
1550548913
0743215656
0880016728
1575660571
0451204956
0670031909
0553297988
0452010071
1930252498
1573226122
0135113385
0140707131
0840757565
0671641425
0688158234
0684856220
0316110485
0394750896
0312035462
0515133302
1879706709
0140195130
0553578987
0870449079
0743444965
0671702513
0345443128
0312271212
0451933028
0553374664
1901530051
0441004326
0440431808
0380728192
0380805693
0345341465
0452272726
0553380079
0140440356
0312275528
0440413508
0767912365
0809232634
067180720X
0156628708
1556434715
0811817962
0785271007
0312850093
0671568175
0312971230
0766829294
0517580497
0937295221
0802151825
0345404319
0380720841
0312253265
0805207538
0505523035
1400050596
0937295396
0399526544
0552138428
0140383514
0553104241
0006275192
0915811324
0226424197
0449002632
067152609X
0399139710
0965676315
0446691089
0385494246
0679879250
1582431612
0449144763
0590884948
0771014821
0451202996
185326895X
0836221834
0805063897
0399147144
0452270197
0312866380
0679747885
0201567636
0375414746
0590420275
0749277319
0679783504
0380796147
0751519618
1571690662
0553213458
0451406753
0385336764
0312273185
0886773768
0553574027
0691049890
1557042128
0312853211
0451110951
0399143335
0771053053
0802139272
0671679643
0440115450
1560230371
0345446984
0345318854
0515131660
0517880962
0142001805
051712016X
0590438190
0449146162
087788918X
0060394447
0500542384
0446607193
0142000264
1558533532
0064471055
0385264763
0345386132
0345404114
0064400204
0812569229
0743410513
0451454022
1585160806
037540032X
1566195268
006054094X
1551665085
0449242773
0395954290
0151792607
0375758240
1573229628
0953615103
0452279178
0684804549
0743225708
0201144743
0836267478
0380724472
1879431939
0553577611
0446344109
067153288X
0821746146
0696218364
0140440364
0440223253
0345305779
0226065588
0020532105
0330024841
0380796104
0747558167
0804819823
0062502182
0684864037
0385334419
0812503163
0804706069
0399145419
0671026682
0743466497
0452261368
0064461181
0380718839
044651506X
0863696821
0671509810
0486295729
0064408620
0451459172
081631053X
0743243153
0517703963
0671759655
039515023X
0330398377
0451190750
0671016857
0140289690
0146000129
0425084752
0786867132
0312280513
0804117586
0140287248
0486272842
006109272X
0786819146
0007113323
0452284430
0842329269
0345418018
1400032628
0449213145
038531695X
0590139614
031205100X
0395404258
1565924207
0873523792
0871206404
1559723793
0531025756
1576105555
0520057392
0061056286
0590632744
0393313670
0440234824
0517599244
0671042262
0786890169
0553057057
0892882816
0674748883
0140274987
0671868071
0425173631
0439369037
1856190676
0894807773
0316198951
0345253736
0140024794
0440408792
0395653738
0805417710
0590251589
0609608347
0446612901
067104253X
0752836765
0884270610
0671028421
0140280197
006018650X
0449909069
0140067647
0156236001
1580630073
0375405623
0764550934
0590260251
0684818558
0679426140
0425130711
1558534172
0375401997
0894808249
0671741926
0816139334
1589199669
089480359X
0312328478
0449209792
0684813211
0898799279
0812570758
0340687533
0061090735
096523830X
0786014067
044661162X
078790080X
0486296547
0064404242
0333908198
0670872407
0140053204
0140314121
0800706080
0671798316
0425098478
0446608890
0345461983
0553576275
078144165X
0865476365
0156029987
015200016X
0140254544
0345442822
0760704449
1882577981
0449903397
0316171107
0812561627
0743242483
0821763792
0312284640
0891061541
0932379796
0140367527
0060934913
0393049884
0345416708
0060193506
1558531025
096535573X
0762402016
0786845384
0425183335
0756400627
1567181457
0140088784
0060508302
0312039506
0385315864
0741412780
0883900564
1894241045
044023476X
0140043519
0823405796
0374462089
0060175796
0835607119
0440224101
0451405927
0965608646
0812967747
0385721110
0553213466
0394886690
0812966872
0684169401
0563488476
0142501611
0679740392
0786865512
1887237054
0446609951
0446612812
0590449222
0743446291
0505519836
1931520003
0380753014
038533494X
0553273256
0670030287
0062516272
0451407946
1551665301
0874779901
0440241812
0446603929
0374347964
0553583786
0140186425
0590687301
0440216745
0345302656
0375501851
0066238501
0385311400
0064404781
0345443683
0553370715
0312984456
0451457811
0070132127
0449907848
0684811847
1563086123
0312288115
0060568739
1856979490
0380974991
0446612766
0425165701
0440343194
0765340054
0060005424
0385508417
0394759990
0811202151
0375703829
0140257829
0140621792
0743200152
0552133256
0671474219
0595230288
0684801779
0441007554
0192839306
0803291647
0373711549
0446519960
0553380281
0679762876
0060995084
044021873X
0316940453
0671891677
1562057316
0898651913
0446531413
0394711262
0553293354
0448095114
0030304148
0688177859
0590411136
0553578375
0671876015
1840225025
1573220221
0441788386
0812510992
0395683297
0375414487
0446676071
0671720791
0385491328
0395629497
0439115272
0446679763
0380725827
1573220965
0451451600
0452279607
0670260770
0140067485
0865475369
0453006221
0307121259
055309999X
1563052946
0449907635
0671546325
0380775840
0786890371
1858284724
1559450584
1585670227
0440221870
0253203171
0740733044
0684816121
1903047749
1586851721
0609606255
0061090808
0006473369
042518286X
0449902854
074321062X
0060174374
0451180003
0590881965
038523743X
0671873113
0553581554
0066211735
0393315703
0553288105
0671726455
0812562860
0590481355
0471144266
0734403259
0156010593
0451526805
0395957990
0746000561
0340850396
1551660520
0747409587
0446527785
006067069X
1556612257
0140018328
0747560137
0898158990
0553260855
0764124285
060980958X
0345344588
0316851566
0671454501
0679720200
0553173421
0618084746
0060195886
0590602055
0785324712
0440314887
038531437X
0140298169
0380792648
0553565397
0553565400
0843114312
0312925271
0066211239
0684839768
0312142528
037379097X
0743249372
0961915544
034544227X
0141001771
0449219577
0316779989
1573228729
0684804166
0029146739
0060248025
0312274971
0312867077
0060176180
0440183057
186046789X
0517576988
1853673390
0399142991
088730687X
0345381114
0671502522
093058838X
0590442376
042514173X
0553564668
0373218478
0684857162
042513699X
0452284163
0941524841
0671780751
0375406204
0871317796
0380786702
0393324761
1591840376
1592230202
0500273286
1581950357
0786864982
1842125850
0590109715
0446610771
0756400619
014143984X
1551667401
0380820048
006251122X
0515104175
0843111976
0671679309
0130402648
0446519650
0373707061
0316116025
0789493551
0671227017
1559703237
0316107298
038078369X
0399143939
0806525908
0394825985
0842321942
0345392825
0192829009
0027437906
0395291305
0192833669
0938349759
0156011581
0446521094
0553099663
0140714057
0802114369
075820230X
0671023403
0451206711
0380720981
0375509046
1563097656
1571690417
0830604790
1572973498
0883441985
0451524721
0440210895
0198731531
038001002X
0874869803
0451201558
0802137954
0395368014
0380766698
0312851405
067973385X
0590059084
0609808400
0399144587
0874770351
0312953984
015100160X
0898796342
0192876201
0805058435
0684717972
0764504185
0385327072
0812517725
0486205827
0765346753
1400047838
0310213452
0425138232
0971331820
0285632523
0764227173
0515131334
038531700X
0061032093
0312964064
0761101608
0441778615
0439188806
1857022424
0385413041
0140180907
0439296501
0766601323
0671887947
0201716143
0679444653
0486268756
0345330145
0061093327
1859675301
0060555513
0312048351
0385306040
0688166121
1888451033
0439097002
0006479383
0671708821
0553014129
0440220394
0316069027
0883658615
0771040660
0446671460
0767900049
1566910102
0922066434
0883965267
0425170640
0671774654
0061042757
0515122734
050552094X
0767912098
071712889X
0571153542
0689828861
0670805149
1558747028
0915556243
0394744543
0804107513
0373441835
0436202700
0060919884
0840770715
013040456X
0345303636
0151005044
0140440518
067003195X
0575058080
097008630X
014200183X
1575664569
0399146512
0385484518
0590436457
0312181795
0440228336
0448095033
0345305655
0880103892
0312975376
1400033926
0060973943
1843094363
051513449X
0446527165
044809505X
0446612790
0740706721
1573221597
0316769487
0553271369
0385721676
074321689X
0425171396
0816735344
067944677X
0451523504
0060915420
0425166929
1562011758
0802140122
0786881275
0753804689
044041444X
0805064958
0915473569
0385483813
0618002219
0451521811
0590399969
1895449537
0439243262
0385333064
0440900794
0062506730
0452284449
0140194436
0385292244
051513452X
0671523686
0380786222
0446341916
0821766139
080521061X
0821768379
0671722131
0743410246
087784867X
0773513442
080075672X
0671016717
1577311523
0934678642
0812575954
0515131032
1582972400
0802137725
0064470067
0786868430
0553273310
0140042393
0764525956
0515129844
0345440021
0671000284
1551668246
0553213377
0446610100
042514545X
0373709331
0345435109
0375403701
0761520694
0373056109
0679759409
0373871856
0064400557
006092988X
0140430644
0805067140
0743235797
0060195967
038531177X
0312037953
840101297X
0345376749
0553106341
006092909X
0380566222
0395908728
0449902226
0534359493
0552996971
0312139578
9505811322
0451451961
020135473X
0380731193
0441002552
0060922583
0425188426
0671003291
0380821206
042516098X
0743225961
0449127656
0671442686
1551668955
0440235774
0688170315
0553482106
078972331X
0192834118
0385722192
0446360872
0971457603
0375411992
0679442405
0446677507
0446520756
0449241114
0842370943
0515133310
0679420088
158062524X
0486290603
0312191189
0061081450
0590458779
0471252867
0517882124
0380977729
0394822544
0553241680
0679426450
060961097X
0932040276
0345430794
1550660144
0688075088
0786889055
0312986106
0553579177
0671517635
0767400135
0070066345
0836218973
0451408713
0525938753
0520202740
0679772898
0312905904
0448421852
0684852225
0472100947
0375414827
0380793717
0376029110
038079943X
0836218523
0859249336
0821767224
0671006754
0142002267
0425178234
0099993805
0142302376
0553116606
0373711581
1844261085
0786866276
0767900553
0880299053
0553131796
0140328726
0373168918
0140131558
0393311031
034527430X
0393962903
0312978715
1888363819
0451513355
1883473004
1568304161
0805007229
044050774X
0590494481
0201688573
0395285216
0373791445
073226507X
0812524713
0743205022
0449901815
0525243429
067187456X
0345319540
0670031542
0380816822
0671780492
0312857098
0486205185
0140092560
0761133208
014032495X
0706372298
0441010210
0394830180
0590410407
0553213148
0590568760
0553583441
0375724990
0842332278
0440217547
0688149111
0451529308
0373115431
0786709189
0312874065
0440241413
8170215404
0345336283
0586058397
0553212494
0385494785
067100669X
0816147175
0553581023
0848716183
1573247073
0515111139
0814471188
0671015648
0880385367
0440404908
0671620495
0765304252
0770000088
1592850839
067972477X
1563410559
0762416718
0553282808
039551083X
0262220547
0449906736
0552132888
0786869054
0380726262
0786903295
1563890119
0156001314
0345347226
0060097574
1555613217
0385472560
0786883219
0897331583
0440418798
0140367152
0802130119
0060194154
0688156126
0515094773
0764552384
0385315023
0789420279
1565924495
0553566407
0345394267
0380978016
0836217799
0446609323
1561561444
0380793261
0786889047
0415043182
0140112952
0006547745
0312867425
0316769177
0767902521
0451139755
0425151905
0151002630
1578563682
0811801802
039915079X
055326611X
3823855565
1555716237
0889223297
0140433813
0471349607
1842221175
0892961759
0840775970
1576730360
0399523308
0684853701
0679454446
0373164513
0385315546
0395843677
1577312333
0679868607
0449133796
0684857359
0553290266
0688123252
0380014033
0786915617
0156196255
0375508821
0965323501
0671553038
0786865237
0060923989
1583940162
044022165X
0553265415
0312281188
1888869003
1576734641
067102678X
0671877836
0553211447
0553250426
0894805770
037541326X
0060611855
0345377591
0802732852
0312194390
0553578308
0802134475
0674012941
0385336195
0670857459
0316693294
0140322574
087486903X
0399147195
1400050413
0590373986
0446602744
0804100039
0312960743
0374173710
0805073205
0520079671
0374184232
1559632887
1557831521
0553212915
0807079200
0393043487
0345384466
0060194804
0446609838
1582341567
0891075275
0689713835
0312987625
013490012X
1853262544
0515121843
0878423028
0425145638
0142000809
0061053147
0590129996
158872008X
0553574752
0688149596
0451451317
0861121961
0425105725
0826404057
0800759117
1400031524
0380709163
0679723390
0451141083
043923641X
0394555082
0684813467
0395325064
0345350472
0373169051
0553265520
051788058X
0893754021
0452266637
0786868139
0345362721
0755101928
0886775639
0553268228
0743410335
0140314946
0671023225
0451162900
0312266065
0517693119
0553379658
0375502874
0679748091
0060004533
1585675156
0440226104
0394555392
0805065415
1568842406
0451167317
0061076163
0140174923
0373257074
0553294148
0140156097
0449002640
0380708477
055329802X
042518272X
1573220256
067087311X
0060916508
0385498411
006092943X
157071391X
0895261111
055213922X
1572242396
0451179897
0140119906
0553271105
0552146986
0804101507
0671876813
0345253884
0316051144
0060514949
0380701782
0671797999
0425098451
0679725105
0933174659
0451457269
0525940642
0375405917
037570129X
0373260288
0300098332
067101675X
0345431707
0261102664
044020562X
0439139597
0395366380
067178546X
0373872054
0345436822
0451207181
0505523418
0060506512
0553284169
0743442245
0515103977
0425174743
0446355569
0441167128
0807042080
0446612804
0679772936
0060197641
0679867384
044023574X
0525946764
0505524287
0385304900
0743204735
0345333756
0141309199
0375411615
0316290963
3150094321
0385319878
0670880183
0345327411
0486226956
0590516701
0394725808
0451459814
1903845173
155591036X
0316314846
8401427568
067174108X
0446354732
1558744142
0871136090
0385126344
0425170349
0140441549
0684803569
0671520962
0446677760
0312867867
0553110004
0375400605
0373790945
0385477902
0892966572
0767902335
0515119644
0679781552
1551668335
0451405390
0425174484
0316693006
0764553003
0761510575
0486227731
0070482624
0451453050
0373250177
0449002128
0399149333
0312290659
042517140X
0802138705
0192836544
0671021974
1568843224
0517534223
0446604402
039452764X
0670832847
0312170092
0740727354
1551668777
0380837749
0061098035
0553294172
0786863986
0515128546
0345409663
0380817446
0818404728
0451456068
0385721625
0345428080
0590208330
0451191072
0060976241
0451078721
0061059323
0770424171
0345326342
0670841838
0312015607
0786884932
0684837684
0553576208
0195014324
0439164834
0451526929
0871137836
0743412494
0449004287
0375760261
0786863501
0670030619
055317651X
0812518985
0399138994
0910043655
042517123X
038089906X
0440131855
0440978505
0439154294
0671019228
0440207622
0099269325
157322099X
0399145885
0399142614
0345369432
0446531480
0349112061
0671015206
0812513940
349223674X
047119171X
0716727250
0671534742
0006511767
0140620478
0743219643
0609610996
0743445848
0397321651
0316553530
0843943033
0385000197
0385332963
0515076147
1566195438
0964311909
0140620869
0312954468
0062511114
0590441108
0804101515
0807023035
067973452X
055356532X
0590338463
1740593618
0385127685
0060175869
0446611808
0345405404
155661246X
0141182466
0452282764
0385413726
0743475488
1551669463
0515113328
