=== MATHEMATICS ===
0312995423
0030096189
0892967994
0381999866
055326382X
0763615382
096478260X
0130179620
0399519831
0060512806
0192860925
0716724022
0471485527
0312263120
0394756827
0782125352
0684853701
0878911774
0786884061
0590424165
0066620996
048627263X
0393049272
0670861944
157586326X
0875426638
034540002X
0525244581
0671733354
0679720200
0385492235
1570624380
0425176045
188455010X
0385492677
1555971148
156565269X
0312871996
0452283248
0316358452
0340818689
0800629701
0553344803
0811214028
0963930400
1565123778
076530418X
0340767065
0877732248
0064472795
0764552988
0062552767
0060507233
0306454114
0471969478
0867164301
1852305606
0099769913
0451625781
0849396409
0312863462
0876591195
0553380303
0822023016
0553014803
0393316041
0671619829
0590477625
0590457268
033390785X
0151881006
0393324869
0764550039
1556151047
0201340208
0385492243
0140432809
0062731009
0060294655
0689804520
0060002093
0440127068
0345314484
0743206371
0671526065
0380782340
0300084730
0262560038
0521777526
087584877X
0743205677
158613101X
0471985813
0875427391
006272004X
0130197289
0140167927
038524228X
047109675X
096092261X
0553801821
0316358460
1582340676
0312381859
0679436146
0590692119
0385055498
0385319878
0201360802
0451524047
157660084X
0345368096
067973807X
0879100915
0132298325
0395472822
0195046455
0849934915
0534526241
070637634X
0395745195
0881064556
0394842502
0399144471
0670032107
0376038772
0918831865
0816738297
0312280556
0156006464
0380788624
0380633132
1858051576
0684861593
0061065722
0486277828
0140094296
0471898503
0471627348
0198643217
0201614774
0534213308
052567148X
0385495323
0201135493
1556158068
0767908155
0486200019
0865475091
0670031992
0070522464
0345391683
0435083716
0385098847
0393977226
078942522X
0030115078
0130815667
0395909376
0140446362
0460030280
0717282783
1582341281
0030226546
1879102064
0071350055
0121218511
0671428322
1840462515
0515129798
0822053187
0671506196
0446607061
087477859X
1855858444
0375762302
0140443487
0688007481
1555421040
0871968460
0030003474
0380973464
1557832137
0887764282
097189860X
0387989161
0743207467
0963188933
0425102467
0060391685
0805057706
094047333X
0449244350
1585421049
0394400836
0195405366
0679442626
0671738674
1564140784
0072322381
068482681X
157500108X
0802132987
0787963763
1570629722
0916766071
1570628106
0874777984
0671696017
0738201693
0345402510
0393324818
0316366110
0679459618
0340562315
1878279718
006250925X
0671619845
0880298766
006019698X
0345447654
0310247055
1578562503
1558749101
1885167237
0312106572
0887430058
1574101277
0808002406
0140442065
0066620430
0789723700
0812094123
0061090654
0691049890
0393046117
0895294915
0767903927
0747260214
1857026691
0440504082
0534217982
0919345476
0619202181
0465072739
096787551X
0917086007
067162394X
0553290754
0486246744
0060670843
0875962939
0806996676
1401887457
0385319460
0393317242
0764585371
0671789589
0812924002
0805058745
055358328X
0764504444
0806942584
0465001106
0375762469
0679747044
037540645X
0385473400
8471319217
3822813184
0534347835
0517701502
0789457288
0590397575
1418420670
0761959165
0387950788
0689846363
048627263x
0887308570
031214556X
0471173983
0500810303
0691058954
0226425924
0691025258
1888001399
0375758283
0590031686
0670808423
155934072X
0395879884
047139341X
0684857189
0352337265
0226650251
0590408496
078686768X
0743234960
0750670711
0385477813
0156226006
0786887001
0844285072
0534953085
1887078649
1871438721
0590324330
1571742670
039304002X
0812531221
0060096292
0786881879
0684818221
0201328429
0439317924
0964692503
0062513591
031218087X
0764502433
0345333551
0806986719
0439149797
0064440486
0538811870
091676687X
0590120069
0385265840
0139498435
0394505883
0385264909
1863503072
0865713677
0415304415
0712673326
0864311893
0195537386
0195535626
1857996488
0415289793
0440506611
0345341961
0751519618
0892817615
1586636693
0916410625
0486270785
1568810830
055324793X
067162783X
0060191074
0345406109
3540526897
1567510787
0534030343
039332365X
0877795053
0321117956
0060155698
0131262025
0446677264
0804112738
1564146685
0862410681
0829902813
0375422331
0465045480
0895773465
047162084X
0416196500
0131123114
0451158768
0812020693
0671463632
1929925328
0471553808
0934034222
0534586171
053458618X
0764502050
0515137200
0679886303
0375726004
0471889660
0312051646
0240508467
0553240137
0486240614
0385263260
0691033900
067088457X
0380798328
0441005225
0201408252
0130898155
1585420352
0807029092
0465043623
0440500079
0314069216
0304354732
046500637X
0787901377
0671009974
0471528986
0471542652
1565927192
0380973103
0783881975
0130307262
0816733864
0140153209
0887248217
0887245285
047119297X
0060151293
0471153060
0316358479
0195002784
1580230296
0691017700
0971004218
0380802945
1591020158
0786884126
0793518326
0375708820
0765301075
0688102298
052143775X
0471000051
0312144121
1573240192
0520220218
0827383533
0763803405
0534246184
0534246214
0465083560
0735710996
0879833068
0316643750
0142003557
0806913533
0609804774
1561840041
044050306X
0304365629
0130412600
0195104536
0070214794
0471146048
0130797790
020187072X
0471165131
0130797707
0768912032
0198711247
0321047133
0020768702
0812090365
0764122967
0684865238
1857028325
0131010603
0910019703
0060191384
0534938884
0201121107
0486270661
0486413691
0471409766
0534435297
0918082099
0385192487
0748403043
0002154900
0716723077
0590371274
0684838532
0941355012
1562933566
0399225382
0004725042
0060969083
0912550163
0805210512
156414075x
0155058835
0812694120
0822053497
0201163209
0963600109
0534123007
0070351007
0534355781
0679747885
0385410956
1568361807
0764560239
0712345337
0747502714
0385475616
0521655382
067420770X
0486636771
0878911073
0735700028
0023728213
0316591564
0375709665
0439368057
0861710231
0684865246
0380977958
0811724190
0060175281
0786707585
0465006736
0822023091
8120801644
0297607561
0735616345
031210457X
0786863625
0812523997
0684818736
1931201544
0133209121
0060520868
0324145632
053466542X
0470001828
0072463678
0896225372
0072338393
0534539122
0030314038
1562059394
0789542870
0345430379
0156027100
0465016197
0671876864
0671878743
0061050938
0716783169
0679722920
0070323216
0765303698
086571312X
0062512358
0070651574
0764117823
0151003238
0060963107
0486645584
0673521850
0130103187
0375501215
1562054988
0915166410
0201609215
0201716143
1565928520
0590476181
034531428X
0393325725
0877735948
0024040908
0471317519
1862075557
0521269202
0679737456
0674877489
0198661320
0590444735
158023190X
1896836461
0590456555
0553286366
0140344772
0590846205
0440207320
0307060802
0882752405
0933174659
1853753378
0395369118
0299131548
0744561019
1564780015
0201384078
0070342504
071672314X
1580910262
0205337406
0262201062
1883319013
0375815279
0195142004
0806969539
0671021982
0066620767
1555425399
1902881478
0521343062
0312155220
1857923944
0471852236
078790080X
187398247X
0062512994
0691005141
0446381500
0684837137
0471575631
1577684079
1586104330
1840460733
0465046290
1858683157
186950335X
0750639520
0345305760
0671041886
0822053373
0253211190
0821219987
0060410337
0394703103
0471200247
1881649717
0684177951
0393302946
0465017304
0198604602
0395881684
1892127199
0877283621
0806942347
0471328871
1564141365
0679803211
1903207495
0070379378
0262162180
1583224904
0814476910
0738202592
0822053241
0822053098
0830826858
0070651035
0195142888
0836218698
0335198872
0312283261
0679601279
0679601813
0679783350
0679600272
0375757996
0062505904
1885071000
0399212124
0020139713
0201694719
0553493078
0060151560
0486234002
0670853909
0805022929
002864459X
0810845687
0738845833
0861127536
0534955746
0062730991
0786866683
0471831743
0380898039
0375420991
0070535272
0520009290
0520009282
0195063252
0801832497
0452278295
0070545057
0632034785
1579122558
0071355146
084991325X
0451203062
0840790716
0789567040
0140433163
0892813199
0877739803
0791414043
038794673X
0716715880
0806988142
025608338X
0673467686
1567180698
0809295288
0394549430
0231123094
157230619X
0671876783
0590112600
0439011574
0486602559
0471311413
0471315702
0020455402
0130474800
0062504339
0471543977
0070051356
0030493463
0521385903
0465056741
0140091106
0898704529
0553234412
0521389917
0534170196
0673469271
0735613834
0071374906
0878910611
0534943748
0130633488
0137783418
0132991241
0132582600
0521446635
0130303690
0130144096
0138493081
0716724324
0395137136
0324022476
0140193421
0192837222
0553076094
0590480154
0140239138
0521563305
0198539568
0767900731
0670840475
0884860981
0060965207
1582343306
0028627490
0425171558
0764504460
1561344478
0911500073
0195130065
0471918083
1576105407
0385472625
0387914951
0486257789
0679426450
031331053X
0786815884
0521367107
0716745003
0883189356
0684810875
015657246X
007025706X
0471333263
031214380X
0877732663
0972326707
0684847108
0806523522
0385476760
1572315075
1561705888
1889964069
0875166954
0471597732
0517706660
0471245208
019507288X
4333012031
0072443936
0375761969
0671438077
0827372930
0767908449
0749421169
0671750615
0711215065
0761123849
0590846191
0139080058
0030321883
0609804693
0717132285
0310233445
0849306256
0688217206
0375719490
0803971974
0345382226
0311090885
0380007851
0689847238
0306810387
1588454975
0786833106
0590327356
0806961147
0764104829
1556432461
0684846357
0804105324
0789545349
0130229679
0679764402
0525943072
155972241X
0785324968
0006278574
0385003412
0738205354
0590228803
0486228770
0740727214
0312876017
0060084367
0380702681
0879756713
014014739X
0139724567
0486205428
0937175714
0534359493
0716720647
0385281102
1558740422
0812626540
055314801X
0132347822
0345443063
0844239046
0687431808
0130189758
1573459178
0192800337
002860041X
1578490367
1576852768
0136318053
0878309837
0520071549
039951323X
0962734152
0130844659
156414075X
1564140806
0156006480
0471262544
0380709252
0380808625
0760010692
0140510958
037570633X
0812967607
0671535765
0689810423
0590482483
0385501838
0486204715
0195582470
0060927429
0688172075
1903402654
1857987578
0812040473
0822053020
0393312763
0399513221
078819206X
0520034147
0877853959
0486637603
0844236845
0205065597
0471160784
0471166162
0471109886
0078824907
0471149314
0520063503
0743205693
1858545609
038548254X
1864487313
1861055056
0138594309
0321087291
1584882913
1566377404
0521276357
0130975176
155111075X
080149849X
0801066808
0198751729
0534614116
0471441074
0201461390
0834804530
1589523431
1589523423
0070125120
0385484399
0140213333
0062509802
0471613886
1566891396
0762413484
0416789501
0521785707
0865432457
0851111300
0394731115
0880486759
069107089X
0192880721
0375750770
0881069949
0806925175
0471221406
1561890537
0130994367
0471379077
0415006406
0226808483
1556431600
0618247270
0394586409
0877739986
0297816993
0802449263
0140195130
0415119669
0030558646
0802713726
0471344133
156924037X
0425104214
0878919007
0373880197
0201059584
0136020798
0201591138
0120935503
1851680691
0670884855
0689817533
0471238473
0226065588
0945774303
156085068X
1567180612
0679433422
0201742047
0226465551
0940642255
0743233549
1881052931
0521477077
0130479829
053456223X
0619100052
0875545238
0764553593
1929749007
0030259649
0803921268
1568842481
0801630886
0323016782
0943233178
0140432442
0618251413
1580083501
0670030023
0030334365
053436554X
0697292304
1565651766
0471837946
0727858157
1555837301
0070434255
0201119498
034542266X
0765303671
0801485487
0671661825
0964718707
0140507361
0671677276
0806928778
0425107558
0140238301
0760734658
0262581302
0872863212
0717282775
0679835016
0807029580
0631195564
1580172407
0374178879
0201504804
0201360667
0340775270
0070418233
0340803258
0132000563
055326379X
0062700847
0062514121
0517703211
0671675346
0192861891
0877735891
9051994540
0256261180
0070503192
0060968834
0866900454
0877288267
053494728X
0716710315
0060914270
0679424830
037550351X
0460044125
0139798099
0691025118
0071354999
0226199908
0821221868
0609805606
0394811429
089512002X
039440856X
0310224721
067080925X
0471165581
0943358337
0452010314
0314027793
0393300455
0030304148
1575213346
0872862348
0135259738
0789721260
0452269849
1851701834
4770026080
0590134574
0764116630
0893035750
0486638340
0827359691
0827358253
0070650284
1573226564
0060434791
0590967258
0130143316
0764550500
0878918779
0130975214
0201598779
0812043898
0486205185
1561890162
0534209769
0717282759
080578599X
0768906334
1594740089
0452279100
0517122839
1566398304
0735712026
0819565008
0375507086
0764100009
0534352634
0534355633
0822053039
0822053047
0916766918
0830705376
0394890396
0268002843
0836205812
0761977120
0809237989
0805011951
0887080421
0735605726
0132539071
0822053128
0763710792
0820306819
0380418487
0020720203
0486202364
0684872722
1562220187
087923587X
0849385237
020142777X
0471306061
0806906944
0226764214
0312286570
0471332224
0393047857
0719572231
0671210270
0070482624
0807031275
0882666096
0130973157
0716725037
0415130603
014029516X
0471393401
0486251012
0671759175
0449906930
0812918533
0393323722
0256033188
0060956828
0471044091
1567185096
0840749554
0816740771
0471827223
0812048385
0749648511
0471178926
1560100133
0412357003
0684824809
078971020X
0006384722
0451518411
1579548490
0881064963
0881064505
1577681126
0880129069
0030710278
0895296160
0070279322
8170592461
8120807731
0883856026
0716736276
0874770858
0835604705
1570620776
0486623424
0836803582
0412320304
0816731039
0471225169
0716718510
0805395121
0534936245
0822053314
1882897579
0256093601
0394971965
0486207897
0534003478
0763609269
0789415488
081676364X
0874066476
1413702783
0395468108
0471321427
0763802506
0878915079
0688104797
0743255356
0306812835
0802786405
1592571727
0471240443
0786854065
0130245062
0767900723
1559707070
0140446990
0849331366
1891024167
3775711651
0201409550
0679741755
0716721899
047145415X
0688167845
0632053453
0520088174
0345402332
053410326X
0939680351
0395068819
1557997667
0201416964
020101937X
0205395090
0735713065
0781718449
1558285490
0688147496
0806506296
1587670100
0198289642
0618035915
0394710916
0138219508
093317487X
0471852481
096573840X
0590438433
0316879975
0802713882
0805502394
1564763005
0201847078
0471335797
0697111997
0961408855
156458349X
1894031504
0132308487
0070133123
0275948315
0671026526
0870811541
0120790629
0122861655
0195024028
0198536895
0306441292
0306801515
0385092571
0387945512
0442205902
0471552763
0486222543
0486232654
0486605094
0486613488
0517395746
0521388805
0521568234
0671203320
0691085730
0691085749
0716713276
0716718308
0716719533
0716721260
0716723964
0816027072
0817631917
0866510818
0866513434
0879753900
0879755490
0879758775
0883186101
0960481206
3527269541
014043531X
0201558025
0671617664
0684813785
0321159551
0394848772
0030200881
0691017743
074756034X
013011507X
0801317800
1569471258
0130486094
0590480146
1577682386
0812213440
0826141900
0877285810
0198609418
0553226738
1573228303
1582431000
1886101043
0395907047
0192802526
0913299227
1577310128
0486604438
0070461929
0688085067
0316117412
0394749308
1585670898
0717282740
0717282821
0312874448
0130408131
0534155766
0688142362
0130811521
0802135625
0534175805
1573226467
0025031007
0786883405
0803990278
0553119095
0789513412
0471518506
1884585221
0030899249
0198519710
0253331234
0465015484
047102984X
0471569615
0531158241
0671728415
0691028877
3540588019
0748663258
0534353908
0534432778
1840461233
0060808462
0877288755
0130928585
0030209692
0300091281
0658009672
0534145329
1857584139
0471915645

=== PHYSICS ===
0441783589
0743403843
0451525221
0671021001
0380732688
0743213831
0060006048
0345391802
0679743464
0140077022
0066211611
0785263780
0553346768
0553110721
0345440773
0553577395
0553343874
0345386256
0553377884
0812550706
0061057983
034538475X
0671824171
0441239196
0571169341
0316639842
0399136487
0375504397
0553297988
0886774268
0886774012
0671026364
0671008781
0375421726
1931561648
0345405501
0553380168
0140444203
0670804541
0446527696
0505524139
0553213113
0806509023
1558506462
0688171877
044915002X
0345430786
0821725998
0553564943
0679416773
0231120621
0515126489
0345339495
0345386868
0345404319
0553573292
0553577778
006019393X
0452279607
0684859734
0743456378
0451628039
0440220432
006000780X
0553281747
0441873308
0345321421
0553580604
0812540239
0553343211
0061059048
0060916125
0452275660
0140150706
038079439X
0767904141
0553057758
0061092193
080506995X
0345394070
0399124721
0671528068
0425177351
0440206146
0451160525
0425064921
0804900078
0786886625
0312300530
0451458915
0061013714
1883991145
0441001416
0671047302
0679777423
0671000314
0345440781
8845205118
0425093328
0375701435
0440224071
0671660632
0385606990
0670892084
0060506512
157322135X
0449209733
0380976307
8440668058
1567181449
0805047794
0812532597
0060523492
0671664948
0062514083
0836218523
0684873052
0441783600
0553298046
0140092501
0886777208
0812535219
0812532988
1572970944
0886774829
0553268546
0345303067
0671473905
0425040801
044900483X
0380726254
0375708111
0306811588
0517162695
2894641214
0671019147
0345446100
0679767207
0679454756
0452279070
0812541529
0440383145
039331393X
0812932064
0062502239
0395519462
0449208648
0449214281
0446359203
0446602620
0874778867
037540600X
006028644X
0553293354
0912608110
1568360096
0812579410
0679741917
0812532236
0671578553
0854491872
0671520466
0671705601
0870540947
042517140X
0886779774
0785280669
0312954425
0671794388
0441110444
044098761X
0312930372
0688124097
0380755351
193151464X
0394547942
1892213680
0553267051
006053821X
0525936343
0312853211
0380707632
0812540069
0061020273
0886772540
0671039296
0743418956
0441772854
0451152123
0446604909
0061098299
0671493043
0393009599
0306807971
096503240X
0953896706
0749930527
0393057313
0312967047
1401902154
0380808293
055321358X
0385240864
0553062247
0767908171
0140481389
0553572989
0553572946
0451450183
1400047609
0345413970
0029059801
0765347148
0517799731
1559721170
0823412377
0966217101
0451205642
0671002600
0812520696
0553578898
0441006434
0553584464
0812555244
1551431203
0812530144
0441006981
0061056413
0380788314
0812909631
0786890126
0671872001
0441515479
0385721463
1860920330
0553109537
0312868030
0609600575
055325541X
0618009345
0814718736
0679768114
0380725355
037581356X
0671870831
0842301232
0345303059
0671476882
0842384197
0140440585
0156607522
0465067867
034542140X
0609600664
0812507355
0886775566
0863273009
0380707551
0446613150
0553213881
0743467981
0786880392
0385498330
0671670417
051513175X
0863162339
0425174077
0261102656
0767900553
0590208330
0140621458
0375413022
0465081991
0140153810
0671549197
0553575376
0385334850
0688175708
0826206972
1573226130
0316570982
0970170904
0892966556
0553109200
0743452402
0385487525
1860920195
1860920136
0141002999
0375757899
0802713637
0671798316
0195125886
0631159282
0691033277
0345439147
0375700129
0140119485
0465083285
0517584212
0310241448
034910509X
0590463969
0385312113
0345362241
1576832880
0312283490
0449007251
0743464117
0679408525
0446973483
0060952768
0195143051
0743437322
0345285069
0441316271
0688174396
055329802X
0312119321
0345353773
0375409807
0671703625
0812522834
055380202X
0345388712
0192817531
0786210966
0809308592
0671633163
096970660X
0812515285
0425070093
0140059024
0061052345
0141182555
0671787853
0743448545
0156000318
0789485885
0887306403
0440225108
0517703394
0440213568
0553277758
0553277774
0345314905
0352305142
0743227549
0671658166
0399143343
0804114900
0316857432
0195002288
0442001177
0156027593
0375705619
0441081223
0352331194
0517545357
0671660411
0195135156
0345428595
0553574140
0553578820
0810113023
0316926272
0140152741
0061057096
044158103X
0441693482
0553575171
0816027412
0688172962
060980796X
0688161073
0060959681
0399137378
0195129172
0471399744
0060931582
0679742239
0425197387
1555973787
1565121872
1569471509
0140421998
0486280535
0711975493
067104060X
0345420071
0439114934
068814182X
1400032253
1581126018
0767906284
0061003662
0679772715
1841490806
1841490083
0875427251
0679772685
0385175809
0813523931
074343143X
0345458281
0060509066
1570627401
042505344X
3463402998
038081837X
093968098X
0553571745
0516411144
0375714596
0671023225
0671520032
0345275357
0553071769
0553346148
0394588010
1559700033
0312914857
0375404120
0812534417
0505519089
1574410296
0679420495
0375702369
1580080405
0886779995
0345397231
0345307437
0805070923
0553052381
0671896741
0312069782
0440225329
0954342100
0679415688
0743445449
0613336526
0972589503
0671032666
0425053261
0553285432
0441783570
0060922710
067975038X
0553563874
0805238530
1891024256
0020315910
1593101147
1593101163
1593100965
1586609998
1593100787
1593101155
1586609246
1586607456
1586609203
0345444388
0451623754
0393307387
0460872761
1879085704
0671877305
0517558645
0374146608
0671707981
0671793772
0812520165
0813366771
0671318616
1857989988
0758208022
0452267943
1401201911
0515092762
0061051128
0374128901
0345280008
1862043884
0517884410
1899866248
0445046503
0060193441
0465045405
0380977931
055305340X
0886774756
0765346672
0061052426
0886775329
0441010296
1570612471
0345311884
0445208465
0671656538
0812571290
0886772982
0262631598
0020869606
0441023614
0061054917
1861051638
0441858767
0517119129
0698119002
0385721056
0805366245
0881338400
0440309247
0445205474
0553267604
0061020559
0553245236
0684835509
0449133990
0465054676
0671632698
006057559X
0590527924
0395486572
1886433763
0553237373
0671319663
1587215489
0375714499
0679420088
0345277023
0345341058
0812566572
0738204366
1567181732
0553103741
0747232687
0817350020
0060926228
0671702491
031213620X
0812524527
0804105995
158234759X
0312858876
0399128964
0679745793
082172472X
0061058386
0439518490
0765303027
0671878646
0812533089
0385254857
084234005X
0811818578
088001671X
0553344323
0684838613
1567920845
0380812894
0609802011
1871592852
067187697X
0140390332
042506428X
0449127699
0393046885
074347970X
1561708453
0375412883
0671536419
0446400106
1864364408
0380979039
0522848966
0393011836
0712670726
0060628642
1900131161
0886774683
0380731223
0060931175
006105044X
0887840701
0345419634
0066212537
0345430352
0520218752
0393014665
0688157572
0849912075
0671663410
0691050848
477002147X
0451207300
0765342472
0756400821
0446610275
0671799649
0671721275
0679733736
0441586376
0061056944
0451204476
0740743708
0609609416
0312316283
0898708249
0375700455
0385334222
037540600x
0486273784
0345381688
0886774969
0449130703
1852838353
0441000681
1555836992
0451456122
1567311369
0671019481
0553293427
0449220591
0915811065
1842550535
0739439707
1563891840
055323661X
0553573365
0345443381
0060514957
0879752858
0813335337
1582430047
0205353908
0671630148
0394177495
0553298399
0451187369
0345449762
1892941589
0738206792
0061056480
034536130X
0812568621
0684193698
0966422333
0380710277
0802783686
0886778182
0380798336
0441006957
0425164489
0425164934
0345452488
0881848913
0345410203
0380793164
0684181320
0142500372
0316328383
0345297679
0345325664
0345350464
0140135219
0907547516
0743418573
0060520736
0743411838
0385501293
0881845426
1564782425
1558743391
0340721995
1841218391
0061011738
0671795732
0446676454
0553574736
0553260456
0738201731
0345449002
0060174722
0312859430
1903039541
0140276017
0743234928
0446359564
1566891558
038097326X
0671743589
0060086645
006105903X
0345244168
0380703165
0312269544
0452263174
0345376595
0609805231
0312288786
0345341465
0886771390
0843942754
0316724432
0843949430
0312873360
0440187923
0860918408
1879045982
1571458506
0345311892
1583225366
0345418913
0140437509
0465068626
0195112288
0060194340
0875425720
0521799120
1893005240
0449239624
0385484992
0374239355
067944212X
0142437336
088730687X
0712672338
0714122084
0781409322
0373619413
0743483006
0881254673
0684835126
0671780328
0446325988
0375402446
0812532538
0505523809
0760704465
0345400771
0786929804
0671689584
0740726935
0393035050
0892813180
0394558782
0671536079
0441009115
1575660083
0452272297
096523830X
0449900193
0441008062
0061057444
1892065037
0140059156
0312118775
0531108767
0517635496
0743406966
087044414X
0802775926
0671701606
0679725105
0517701014
0671655558
0786928042
0312876939
0300090498
0142003050
0231074123
0440226821
0771098677
1560238887
188886916X
0440508797
0505519372
0688084028
1573225460
1883011035
0465081983
0393966577
014043528X
0231075057
1841156957
0816049033
0521474477
0345465296
0393319180
0134918207
087773996x
0345379187
0516419471
0425077462
159145042X
0965353354
0345406931
1891824252
0525944400
0394568443
0609809989
0465038514
0771081162
0140263438
080131755X
0452265681
0449143880
0060168889
0521447712
0425165965
0971012911
0765345145
0743435788
0345293371
0743456831
0812550595
0812548353
1888869178
0395354196
0385266197
0471268089
077832057X
0375408738
0060731656
0786003944
0553382950
0747250421
0345461258
1594141940
1932100253
1594141452
0756401801
044653059X
0345455967
0764226762
0060292814
0609608541
0849917905
0743457862
1592865305
074347158X
0765308029
0345450388
0553382136
1896944078
0756401488
1894841905
0765302241
0061051195
0671877674
0312873506
0061052604
0671578022
0671319531
0451458869
0345391101
0385498241
0312866437
0345439902
0312868251
0345439929
0312866747
0446609633
0375411453
0312854854
0441067972
0743471180
0743464036
0913299804
0425053873
007004466X
0863699243
0345394852
0805048308
0426205316
0451454766
0553352547
0201622378
0440234956
0345341333
0971454817
0743417151
0809445298
039449086X
0375727051
0886775736
0262240319
0553296191
0385327587
0140171088
0020869207
0425054802
0886774403
0451625951
0425115860
0575070684
068985353X
0590926659
0786926945
0451450078
0786933674
0345312295
0441769039
1561564842
0375726187
019541120X
0760315922
0061052817
0716732262
0375411437
0893754277
0380714744
0345430344
0195144082
0714123064
0786930128
0061051233
0312914741
0964374013
0441091423
0727841939
0816621128
0809001330
0671897942
0380899434
1570752818
0575075163
0307133257
0440413338
0345394437
0767900111
0688058892
0465024351
1874061831
0226143163
0441005950
0394530748
1559500670
0345430751
1563411121
1573922374
0142002801
0738705411
0964911353
1858817900
0812561848
1400049393
0345320670
0061050466
0671636766
1553697782
0679438416
1563897504
0875165834
8423309584
0892817585
0060551372
0385415672
0679408363
006008894X
0415079187
0060170794
1878424076
0786882751
0451151534
0671632558
0895550970
0441003265
0060652853
0786818379
9549103455
0380977567
1583220445
0802775993
0061053953
0380770229
0345395352
184065094X
1895618827
0440238528
0226871460
0446973505
0002222752
019509395X
0679437649
1591823382
0521598370
0399523138
0618257470
0441067964
0743437497
0830628398
068817762X
0375754857
1583940839
0671578804
0394580370
0679603220
0426199677
0441009387
0575075503
0441240860
0812557875
0345421418
0595191142
0743479343
0452264316
081258418X
0441008925
0309069874
0886779464
0834804042
0806965177
0688123309
0691074283
0877288607
0553257412
0486209725
0395291801
0671040057
0914918168
0671881035
1552123413
1552782387
0380726483
0880388854
0312865317
0786709227
085953958X
0534556396
0671026925
0671778986
0445203064
0738202347
0812507541
0756401313
0471558958
0875420192
0345312201
0471332445
0415907195
0060263199
0679725261
0380791587
1896836224
0140251553
0312855346
073820143X
0471717029
0812972155
0921714785
0963277634
0385184050
156852191X
0375420630
0613044991
0746000243
155817107X
0671656058
0670886319
0316476943
1841492671
156458710X
0345424492
0310392101
1591293774
1591823390
0385499329
0878440542
0412051818
1858289394
0140146903
0521457289
0752217127
0816143374
0140185135
8401381037
0393316025
0060535954
0807046698
0521797535
0451119398
0060936703
1567180175
038079439x
0575075260
1860920020
0764504835
1401200095
0451454693
0262082713
0821749439
0674012445
0679762221
080398474X
1565121791
081351522X
0309084075
0345336941
0764551558
0521377773
0471513377
0716745038
0671664042
0521229812
0525672400
0816029261
0670833843
0471530689
0471530700
0451184092
067100526X
1859844103
0785787283
0874810388
0670876550
0609806947
0887307655
0553577697
0060928921
0753810662
0441008119
0140433430
0521313163
0312205619
0671511440
0449133982
1571780211
1587152452
1561633623
0812550323
0786010851
0553111639
0345404483
0671890859
0297830910
0486256642
087773996X
0449906973
0595264549
0889822026
0847685454
0072422548
0803951647
0192829637
0449214303
0062510738
1884997163
0553344498
0062508490
0671497782
0812535073
0465015212
0345364759
0812530373
0761543287
0812549058
0789439980
0938410598
0441784356
0575072180
0449910415
0688200796
0345316223
1881052443
0006547516
067164548X
0060197765
1857022157
0679450572
1575667045
0195117298
0920544924
1931082030
0060957360
1550549669
3822896349
0156372118
1852424087
0679400311
0563555785
0307240770
0671014471
0345421922
0312907478
0520212983
0064408698
0345242602
0345244354
0345240146
0671422278
0671659618
0613281268
000222674X
0874367697
0674654609
0385484526
0738701300
0345363566
038062737X
0020967705
0449000419
0679779981
0393058581
067973371X
0385235690
067973192X
0735202001
0590962124
0738200336
037541472X
0028613279
0061040827
1901746178
0030437415
0875849466
0385494084
0691019339
0674741137
0750670770
0140280618
1580890156
0020418604
0449146359
0060473746
0970671067
0679725423
0306808986
0226162346
0674003942
0471485667
0670031798
0140145346
0451525183
0571170498
0373632398
0886877709
0192719246
0062508474
0875163653
0061054631
1560250682
158297134X
0970600720
0393312658
0393316017
0140290117
0061009695
0226817504
0803958773
0761911774
0345446674
0140247726
0385729693
0595275737
0553560522
0471218227
1555323472
026274015X
0465020011
0553110624
0451403495
0575073659
0812522869
1573920363
1892065428
0446670243
0915811669
0684845946
034539769X
0451527895
0062732781
0345301757
080651695X
0006482236
0394753038
0312269013
0028642422
184212210X
0060195290
0345247949
1561708445
0590520849
067978327X
0812533178
0671698680
0914918273
087542094X
0914918788
0914918222
0140430903
1892881268
0813341663
0425108872
0138137595
031224102X
0394556267
0380795159
0156027879
0465078354
0375412905
0671577867
0415903548
0874779952
1567181554
088258118X
0671460625
0553072617
0140434038
0385488351
1557783500
0821744909
0441469280
0451153235
0812906683
0307243494
0425186202
1840186496
0892132809
0743449150
076790818X
0140107479
0553257420
0590316842
1852426047
0553256378
0306800438
046502436X
0002251183
0671866524
1860460488
1931484112
0440169976
0060554800
0441008070
0671655639
1561566772
0440238560
0375406123
0806903651
0812517288
031201841X
0743419227
0345296656
0967036291
1565920856
0300089791
1893687341
1841157864
0812543211
0684863480
0674792912
1840463724
0449907236
0595163262
0595179053
0879056983
1577310160
1874166374
0312192754
0099279363
0385473974
0312869525
0312868049
0812519825
0486417670
0553573349
0812524063
0879979682
0575068809
0671720961
067187666X
0671875930
1570626200
0671242709
0375726098
0691027870
0888783779
0914918028
0875424384
0866904050
0877287309
0340771216
0671026933
006019992X
0201339870
1568582323
0738204897
0962236306
0553255258
1853995371
0448400634
0195213602
0910395640
0465057551
0764565648
0393310957
0811802965
0060915692
1552851826
0805013091
1879045524
0520233549
0553561871
1591296773
0142002321
0553234277
0679745998
0312858752
0671895613
0380799073
0307155722
0791402045
025321470X
0886779723
0805204601
0816023719
0345421272
0553146416
0671758616
0060390689
1587212145
0553803468
0060930721
0525944311
081293122X
0380976366
0064408353
0061052760
0141183020
0192852205
0805052909
1565846346
8571648379
033048785X
0824809270
1562391593
0871233096
0688061125
0897669428
0020259204
155071063X
0789448882
0761128042
0553382071
0800786823
0836267524
0671876430
0345303830
0441370667
0674242416
0684813386
0740726730
0312851987
0380974355
0375704167
038572070X
0814403093
0824521331
096781622X
0553249886
0743411315
0671036521
0684864851
0835607194
0345388984
0812516443
0451451309
0812552350
1841195529
0373614721
0061053082
0743204476
0345275179
067976349X
0811837890
0471550507
074342820X
0521635039
0060937823
0679768602
0385312709
0062512447
157027021X
0465067859
0525149023
0415027969
0671435949
1559349352
0813016231
0935702997
1893554694
0451453778
0425051897
0312857438
0451184181
0963749803
0425061868
0133885135
0385267649
0394740149
0345397606
0307102793
0534004490
0671536664
0803704348
193148418X
0571194362
0921820879
0441805663
0130816264
0879757582
1594142157
0871356171
0425075133
0534392687
0816630097
1852304316
0440219469
0713726008
0064403343
0716747022
0801403332
0345368967
155704256X
1562827642
0312890214
0375705783
0399123261
0471622605
1857230914
0451627024
0312857683
034527864X
0345337743
0575073241
0020967802
0671422324
0812039211
0553051946
0060194162
0816736375
0740710796
1890208655
0671041495
0877853827
0060934085
0708933483
0078818141
0764550721
0879739452
1568581394
1401063217
0767906861
0195142853
0738702714
0785269673
0345353013
0397320353
0413628604
0553245325
0671721801
0743411625
1895565243
0425060063
0486219429
0521356016
0671794957
0688062709
0716750163
0716760037
0789448823
0809228114
0066212502
0521637260
031293744X
0971457646
1573225614
0060392118
0688113664
075969155X
0553180932
0091130204
087220460x
0451147669
0060195487
1841193941
1931484333
1931484457
193148449X
0060675098
0380793083
0375414703
0896086895
0380976390
0553104837
0451160282
0451161564
0671319876
0812505778
0886773180
0671674374
0743471539
0520081986
0595656943
0895870797
0881550523
067165571X
0385489838
080650062X
0823927172
0553562592
0356107736
0786000120
188996008X
0801052629
0195100956
0465067840
0471305030
0671465481
0674950852
0691011478
0691025487
0789460440
0735201889
0822330164
0201156989
0671477447
1555971695
015601081X
0156924005
038070823X
0385187041
0441006671
0441854567
0671559974
0716719193
0743435370
0870441795
0804118825
0879758368
0816772088
0753506440
0671042718

=== BIOLOGY ===
0449005615
067176537X
0060929790
0812575482
0385337639
037582345X
0451526341
0312963009
0345371984
1567184294
0590687301
0679893105
0553579681
0312422156
0345358791
0345370775
0486265862
0517006456
0345435249
1931520038
0883659654
0425161242
1558747478
0553375407
0590449737
0753811464
0465021433
0553579754
0671016768
0716744481
0590109715
0553373803
089281313X
0380789116
0425155943
055327418X
0345334302
0684836483
0590762613
0671024272
0553214225
0812580354
0060504080
0345404475
0345308999
068484477X
1558747109
0786889055
0451458680
0060199652
0345443020
0312974221
0061059137
067102440X
0671024426
0671024396
0876056354
0375714383
0060504072
038081658X
0380791986
1857238982
0821776126
0029023106
0460872583
034531798X
0060174056
0451457811
0441231942
068483183X
0449221032
0449227421
1840461535
0440508975
0425119653
0312304269
0743454146
0553106643
0312850247
0441007163
0451455835
0441009239
0465072836
0007137508
0375760393
0743400771
0060269928
0679771832
0156004011
0374148570
0671701304
0867211725
0452283442
0553106651
006000777X
1577330080
0440114330
0061059838
0441885691
0936552034
0743434021
0393308189
0452277507
0812570901
0684827123
0425192733
0679762671
0812570758
0345448359
081296747X
0679879242
034543739X
0440418321
0553575406
0671039016
0060191341
0345392477
189400406X
0385316518
0553299077
0751528498
0425107469
044021985X
0060391626
0345379586
0805065393
0060392436
0449217264
1887424148
1878424483
0679723110
0061050946
0441003389
0441005314
0425154882
0451457730
0399527826
0609607294
0886776686
0441008976
0140264450
0671551345
0060194790
0345391373
0312093586
0671865714
0812536304
0688160999
0449215571
0764585932
0965834522
0888012748
0888012268
076455168X
0026125803
0345466632
0446523089
0879752408
0307336565
0553100343
0812564375
0465031358
0030211212
0060099062
0759550182
0140282025
0582438349
0192815970
0679762698
0812509250
1401200893
058242092X
0752853694
009179319X
1573922110
0679758941
0886775493
0595006035
0595093019
0345351738
0590880780
0879978066
0451454081
0671578510
0020960808
0393310477
0970760094
1564766047
0375503897
0553279718
0873326903
0061093890
1878448021
0425113884
0757300243
0812514092
0553103032
0156997789
0385473079
0061096156
0886776244
0380790947
0553560077
0441007368
0425153061
0449908453
0425173305
0553560980
1582343187
0312951469
0805401725
0393900401
0156007819
0393311031
0880014857
1404306781
0060199105
0972915710
1551050900
0590341502
1579830021
0345448820
0061056014
0805010270
0767904605
0684865114
0439284031
1568655800
0452279631
0878339795
1551051737
0312978588
0740726765
0753451131
0553375334
0786889209
0671578820
0886772346
1572972912
0671658662
0743460537
0345450051
0743457633
0970310501
1566395305
055329010X
0553573322
0345371976
0060932902
0671741438
0743452631
0525943625
0345353676
0393323145
0441006256
0394504321
0812549872
074344485X
0446605158
0441205666
0671032577
067174142X
0812574710
0345387791
0380707063
031294165X
0671624121
0446610968
0886775795
0425155188
0395585643
0312993544
0553279726
0801057744
0060984031
067974021X
9681501225
0451143930
0679758461
1550139029
0451146077
0553214322
067169507X
0764551264
0553572369
0446609846
0441004628
067178496X
0345272013
0385332890
067941388X
0060973595
0517123207
0393020185
0060958707
0553583794
0380813297
0380813300
0684817438
0393324591
0385721676
0441010202
0671612689
1901881105
0465032028
0312872186
0713632887
0812567757
0553573357
006017949X
0740704818
0380794780
0441363954
0385479948
0813339189
0671850245
0515103438
0553563580
0671695738
0945774109
0465006965
0375501037
0061059889
0671780751
0590129384
0064434508
0140505393
0882402323
0312929757
0345388267
0316817155
0876043570
0761409033
0789484285
0897210115
0553106163
042514898X
038097715X
0743452399
0345461983
0380779765
0380701502
0451459296
055358443X
0716717964
0345378911
0671502859
067165604X
0671319574
0553567721
0553575627
0061020060
044023462X
0671016784
0440225485
0525938451
0446365440
0856687286
1563896680
0812536355
0765300109
0689843372
0451193202
0881910082
0375412328
0312874499
0874779537
0553564684
0441009468
0061057428
0345461967
1571742913
1588517314
0393009173
0451402081
0743452739
0743435257
0886779308
0395198437
0671253832
0394549082
0879756918
1589230094
0684826305
0812531523
0134065549
0595297145
0375502319
0060191546
0152047379
0060937262
0060172916
0448110008
1561706086
1573221708
0553569252
0441871402
0060197870
1561840564
0465006140
0684824183
0671698281
0071381392
0752848259
0679442529
0060988622
0446676101
0306809001
0440223814
044100797X
0393323242
0505524813
0425128466
0130817791
0156007193
038097651X
1840231866
0152567089
0441005926
0415165237
0307681254
0671653873
0380015811
0517703939
0862329353
0340767960
0618082875
0312866526
0805027599
1558172904
0195114485
0312210310
0140231226
0141186070
0759638675
0316332208
0553121952
0671876791
096559016X
0743400135
0553101749
0439106753
0140266712
0439079470
0571215769
0226542378
8408027255
0452008492
0688174361
087930703X
1879450089
0812532457
0375413227
0590436856
015601159X
0786700416
0394731271
0394731395
0805051759
039914207X
0553583778
1579546021
0465032044
067100316X
1561565946
0670479586
034538038X
0425168697
0440167787
0345377966
0141302860
0226044408
0671578332
2040160523
156156401X
006107635X
067187618X
0553273906
038548934X
0553268899
0195012690
0684850818
0192839527
0425071804
0553371819
0345332598
0192833618
0521357454
0425074986
0892550597
0441775292
0446607622
0517550229
0743245458
0312423772
1577150287
0763614548
185242611X
0553375156
0062501143
0201096676
006019104X
0345434129
0070162670
0786002948
0345380517
0345407407
0375508562
0385485573
0679457143
0192880802
0743227042
0824787846
0913165522
047117727X
0446320277
0937064777
0553569473
0340786051
034078721X
0312995458
0345322401
0752817299
0863161723
0395877431
0226317641
0807843636
0824815629
155110301X
0449216225
0609600923
0375714588
0812505158
0393045625
0671878484
0345419383
0072346949
0806970588
0553564412
0553564420
0671887246
0740711318
0465031269
0743471458
0373250576
0671767895
0822311682
9700508927
0886778344
0425191036
0151003092
0060185112
0385333870
0313294186
0375706399
0880104090
0922769001
0060669357
0821223542
006001007X
0786885378
081121155X
0449222217
0884042820
0763614130
0802713734
188717897X
1560254017
068482471X
0684838451
0670868884
0345430794
0060936517
0345302354
1567310079
0553573748
0553097156
1570362793
0786012439
1573228184
0812571088
0916562514
0812535189
0373613792
0670831379
1857984587
0385497695
0380780496
1853262226
0451627873
0767904613
0671799215
0394822587
1559637994
0060933925
0738204935
0892966890
0553245627
0441005322
0441004563
0345418956
0446607444
0811836800
0440225833
0449910016
0886774713
1410711005
074345152X
0805007318
0399134026
042517770X
1578567734
0060173025
0061050954
0843107715
0553573527
1891946013
0061052965
0764526340
0684811006
0449003965
1559636823
006097317X
0684195399
1573220434
0805040633
0441010393
0060194618
0312869533
0446610976
0446673021
0345308387
0345363140
0451458710
1583331298
0306460025
0805071377
076530080X
8423918335
0613094352
0140047433
0805424385
0385314140
0689808976
0892967498
0465016065
0091836581
0671737767
0060267461
0717129802
0572023642
0752264885
0226097862
0380792788
1859850405
0879831146
0465072143
0553293281
1552781879
0446526061
0446526150
0142000078
0385334516
0553104640
0312300786
0930773470
1586609270
0886774802
0671799657
0811834999
0765340313
0440505828
0553290274
0609600796
0156443791
0843950757
0671792369
0684192578
0802137822
0471417920
1562762753
0060172134
0300059566
1550741136
0789301016
0486226956
0140139966
0195147103
0940920123
0609807374
0380798352
0756400163
0380770261
044022442X
0679407731
0064460029
1571780793
0446609447
0060392169
0345375750
0441382983
0061056243
0743464079
0030073189
0684854678
067945120X
0871136643
0886776376
0312305702
1582402825
0451458362
0671722069
034545183X
0441006973
0441000835
0446609609
0345452380
0380718774
0345320654
0812549066
0445205121
0385479425
055357812X
0393308197
0747539766
0140255281
0801838010
067160032X
0871507676
0465077501
074251241X
1585420069
0553095404
0395661625
1572153539
0805068945
0321078438
0531112810
067103300X
0399144056
0679411852
0671693646
0312272936
0765346753
0609804758
0399147136
1550171984
0345324196
0312862016
0936896787
0345383745
0195064844
0380977915
0671721186
0375713425
0517694751
0060953071
0140022147
0670866628
0684856182
0345430204
0060006781
0892811285
0671878883
0553573497
0060535962
0195139224
0394534816
0345442970
1890151394
1567186335
0380726904
1853262269
0886778220
0345314212
1561840904
1561840289
1572230924
0380795981
0373483805
0375501290
0316826812
0446605166
0312283970
0552147435
0441009212
0684834901
0060090642
0060524235
0688086179
0671018353
0688121896
076534193X
1859841295
0505525682
0684814439
0061095044
155192482X
1411603222
0253211328
0393315681
0380977753
1592120075
1880599538
0441142672
0812552520
0812566378
0345370333
0886190606
0590454323
0590486802
0385425287
0471602035
0061059803
0966760409
1559705213
053408172X
0674004124
0750706651
0262631652
0500281157
0192836668
0224037161
0140244042
0440319250
0724808876
0553255681
0874779499
0132903393
0312862172
0671631322
0688157459
0140182764
0380011433
0691087504
0684802902
0060194979
1573241954
0345384725
0312112947
0375758690
0385247559
0441002447
0380974495
0060393459
0425190838
0425178218
0553577433
0226701506
0394623452
0765804298
2266087614
0886773059
0743435664
0743234618
0679415823
055214357X
0890836892
1567188079
0380009498
0812544749
1563899426
0395977657
0441718515
0671655825
0968636314
0553287613
0195581776
0020309813
0849937345
0385721889
0553576917
0754014797
074347550X
014250047X
0446613606
0878332707
019282080X
0395826578
155591036X
0609805339
0312861761
0312860420
0345362632
0534348939
0451200934
1857988647
0060184078
0867163305
0835607313
0440225914
0442267819
1932234063
0886777992
0060907444
0813511453
013611542X
1880985519
068484477x
0060160551
0385263279
0691023735
0517703947
0393302008
0380712342
0385412649
0525482466
0553275801
0804819882
0684873923
0380002094
0345448367
0688155081
0307263037
0373613873
0836210875
0307101258
0803253656
0804717702
0471150576
1860464955
0812552288
0446603635
0671552864
0486225437
0312861877
0886775574
0312890230
0679763996
0679746749
0732259320
0689711719
0448117312
0316817171
0299090043
0312854498
0812571185
0380787768
044152057X
0886776872
0451455568
0345412222
0195097432
0877229724
0812543432
074325998X
0345430212
0345447549
0716733897
1559920610
0066211689
0691096570
0716731479
0743483510
1573921998
0517066890
0671578650
0452257344
0394822579
0553229680
0812579143
0393058964
0613212355
0312968248
0553277480
0393014894
0226078744
0226702367
0380973448
0312866046
0671897020
1573223344
0060186976
1592120539
0851705448
0060952288
0671897187
0963469010
0445204206
9654940043
078956548X
0941711676
0316364800
0385483627
0142000531
1562946714
038097732X
0689824254
0451458885
3442352207
0425183009
0865776962
0156881500
1576750159
0688149510
0671554468
0312977301
0871568799
0881848441
0385257899
0312876637
0345442121
0345421280
0944386296
0486201120
038705801X
0300084781
0140375406
0382092147
0575057823
0451451007
0743458613
0871968568
0380720027
0465041760
038547458X
0785275304
0380758865
0671698214
0819150363
0373765959
0060503580
1878257749
1586637339
0345402804
014037129X
0460873032
0877013055
0671792245
0345375769
0553283391
0426202023
0440236568
0345418611
0908311478
0449704432
0373833849
0786014164
0890093164
0674748891
0156136007
1859748910
0746033338
044651781X
0671720872
0893891517
0395926181
0345347668
0425043797
0521794803
0942531388
0486414183
0451529065
0689716826
1878175025
0312863500
0060187514
0688158226
0451458591
1585421375
0671720090
1874166129
1840460547
1841198781
0345457838
1853264385
0743445104
0752224697
1853263893
0879756535
1587150107
0812966538
0140440453
0441166164
0590468561
0070212368
0688105955
1881084043
0140235507
0385731175
0743462858
034545782X
1558591281
0312420234
1564580741
0870333518
0812932870
1593080778
0465056504
0394414055
0062517570
0936077166
1902283740
1930051999
0679456600
0385483295
068480090X
0835607720
0764553003
0439284716
0192853775
0060958332
076150186X
0312867182
1573180270
014000176X
1852308060
0060550341
0385424027
080537597X
0679776230
0896085236
0002197154
0345402944
1573240117
0878579656
030737002X
0806126671
0394896165
071261107X
0764566431
0671244175
0870449869
0743406427
0061052051
0674212983
0740705326
0684804549
0375705058
0679744681
0316763063
1575840979
0812550277
0812571193
0380802511
0374317003
1885061501
0713639644
039567171X
0792273745
156044066X
0002192152
0811731103
081173112X
0713651830
0913008079
0395175798
0691050546
039551424X
0345339088
0471197173
0380801574
0825423856
0393311694
0312882270
067973337X
076073030X
067170348X
0399132635
055334269X
0393305376
0312858175
0895262762
0028635868
0812550102
0060196793
1865085197
0309076382
0618056696
0452275733
0743222989
0312092539
0486403998
0385304234
0517707608
1932045139
0971726523
0345388186
0441002455
0152099913
0060937920
0198607806
0380709988
0297647016
067185268x
0439973333
0521815266
0751310158
0751360244
0847819299
0460861409
0521469406
0091777496
0716727250
0521408644
1853264768
1840672765
039303416X
1885696329
0749614684
0262571218
0500300569
052147809X
0393970426
0297816462
0198504241
0521438101
0231065833
0113100353
2040160566
2040160477
0810925974
0471963518
0226738353
0521336449
082254914X
0446515892
0226797600
0691023697
0571176941
0691070385
0192875566
0340782102
156098659X
1850746478
0393030083
0140118861
0863189210
071372742X
0691088640
085111198X
0375812962
0412738007
0752261622
1850746680
1550546910
0812966198
0751370231
0007122861
0192854542
0861634853
0563551054
0563537639
0684800004
0316648604
0684835096
0231109245
1890208310
0064470458
0123334608
0195125932
0385334966
0345440706
0816017328
0345327217
0345418980
0670869376
0689852223
1570625034
067101594X
0831771135
0505525763
0517623994
0446523399
0525944273
0070311471
0064410730
0812523989
0802132960
0060957379
0875969232
0140127836
0312264119
0934601585
0312287747
0811828956
0936513438
0385312326
0445205164
0140511512
0515118567
0007113323
0895872889
0525941401
0262121786
1570361649
0441010237
0689820402
0812572289
0345372794
0887331939
0671877402
0879051213
0520201221
0440217814
0553354787
1861976364
0030193826
1400032725
0451459040
0345332199
0684866080
0312869436
068816403X
0345324684
0609605461
0345345843
0812507665
0756400759
1885394578
0029023807
0394891309
0765306883
0743463552
1413701930
0060564571
0312864027
0743477669
1932815058
0451459784
0441302734
0765300095
0765310589
1579549020
1594141819
0345457714
0786012757
0060541695
0451459601
0595234682
076530645X
0345457854
0440237068
1932100091
1579545017
0064404307
0743436113
0765301113
0743412702
0765302756
0446528714
0765304325
0425190714
0743437527
0738206342
0765305550
0765305518
0517701693
0345450353
0765306069
0972329803
0345447557
076530094X
0765301709
0886777615
0671577980
0380707691
0312869037
050552483X
1892065711
0743435613
0765300397
0399148841
159058015X
0312285809
0765304031
0380978679
1410728269
1553165594
0756400511
034544647X
0553104748
006620951X
0756400481
0061050687
0061051799
067181916X
050552452X
0446524913
0671836072
0312875436
0312276583
1570714614
0553568582
0465037798
0767903366
0062735241
1585421170
0446675237
1551050986
0309057779
0440223601
0345352440
0312983263
0192837028
0064421740
0688022073
0764564595
0812577698
0061008370
0441009638
038078159X
0812531639
0060183071
1585420182
0760705127
0441054951
0441297293
0441004180
0671721372
0345418409
0767913728
0898159156
0571192912
0425064360
0786203447
0609607693
0446605069
2080710044
0440402573
0821759426
0679458042
1568650337
3785536763
0312930712
0792236017
0618111204
0380978792
157322166X
071673091X
0316763837
0773757309
0044421931
0321021738
0231114559
1560986379
0231109776
0195086074
0802136656
0439115205
1561564702
0812509935
0889841845
0395498635
0345406850
0307240584
0060174471
0871569566
0425088855
081672962X
1561565954
0803292171
0767907639
0688096107
0316057452
0896382982
0739813544
0394507614
0877287783
0590444255
0816713154
0816716404
0316783412
038523418X
092158685X
0061020583
0786927372
0060930632
068815509X
0374107319
0060805900
0688147194
0671319892
0060248971
1573927732
1887424121
0806996714
0340861703
0881923761
1559635339
0691083614
0195094123
0139358919
0122603400
0674116631
0226102459
0521423716
0836236645
0553279130
0553272454
0451458230
0452284244
0553286293
0195102843
0962449334
1579546277
0671428497
1931412936
0201567415
0385422423
0783819749
0743471199
0967857007
0060086203
0375724583
0060116277
0553582399
0812564871
155199108X
0312867069
0764553267
0385302371
0500050570
0849942721
0375703713
0889842078
0435072218
0774031999
1928806090
1573226513
0870448641
0704344963
0471957143
0595175015
0671700200
087156419X
0064406539
0871138565
0345330862
0440295572
0130767786
0440843022
0375501681
1550224107
0515135631
0679730613
0192862103
0716736497
0061057959
0805025340
0609805428
1579121055
0205150276
044100542X
0765305984
0345333306
0345424654
1580630871
0486244423
0671767321
1889538124
0061040932
1592400167
0671877526
0440846897
0886777283
0380799154
0812534298
0312955154
0520008278
0671787306
0814788084
0718127250
0553380923
0345381734
0380977354
0812540395
185326153X
0821737422
0740710206
0671877186
0671034782
0345451821
0690044283
0739401572
0805030824
0312864515
1576732398
0716740044
0374246645
0060968826
0553138251
0425035484
0399116974
0307240576
055327080X
0812520033
0310201195
0812967399
067100316x
037575847X
0525243232
0812575741
0375506357
067960166X
074320011X
185958182X
0375756809
0375751467
0523485204
0671876074
0525944303
044178268X
0345280660
0140286012
068813355X
081380390X
0066212510
0670841161
0312855168
0892817372
0517478579
0898651913
0345421426
0765344963
0345418638
0449701557
0671720368
0553278444
0061059722
0595146597
0451456165
0312874359
0060095482
0192628356
0671657186
1853264318
1577170814
0385314760
031286857X
0684193612
0609604945
1556615019
0380974762
0810940981
0595273297
0340770023
0060987162
0688156266
1552631966
0151770824
061808357X
0393047032
0316713317
0345413989
0743410297
0895295849
014012991X
0500541558
0761528989
1565925424
0671888250
067494593X
0553374168
014038586X
0316526916
0886779103
034544678X
1559701269
0679758976
0375703918
0395690013
0684818965
1559635770
0886776384
0140293744
074340369X
0679426248
0743236173
0679452915
0679405755
0205296912
0451626206
0385485581
1583220577
0192861026
0446603457
1560766271
0395467268
0440237815
0030802377
0679722327
0385196032
1556523874
0743415744
0380772310
0886776139
1559349255
1579547923
0671657682
0140179704
0812557018
0312190328
0060199660
0786711736
0451403975
0684838206
8401496780
0882404288
0201570718
0385485840
0440226562
0345327578
0060808802
0691009783
0525171940
0385471696
0838577016
0446605212
0879304243
0395706971
0345443373
0886777666
0834802929
0553104896
0679737286
0060176881
0807070742
0060192208
0534551823
0399139974
0345427157
0553096532
0688029728
1572240423
0823076288
0609601415
0030206561
0803726066
0824805143
8474329000
0345383184
0867130709
039449203X
0446526673
0932855024
0590228595
1857239881
0198510675
0002201402
0380794829
155553354X
0812570081
0452275946
3791327836
0195142373
0262530392
0938294962
0312143532
0140094512
0425148319
0060670789
0451453743
0312909063
0142002372
0674930460
8440634447
0563405856
0743458338
0140285962
0895941228
0881337390
1585008532
0752211617
0679754385
0070428417
0449907015
0201581248
0140437347
0380808773
0945946023
0936878010
0396078435
0752837338
0394415256
091092368X
0060904879
0515130168
0299101444
0674748883
038533432X
0822206269
0886777267
0813338263
0668022019
0439105684
0881064882
0385311834
0812932609
0525461663
038039362X
0679769560
185958070X
0061051241
0446353973
1841952893
0671473220
0393323102
0394521404
0471419192
0312852207
0899683789
0201483408
0895261820
1576734528
0441005098
1586606972
0465081711
0835720756
0899668194
0875951880
074754932X
0380974797
0465024858
0742508390
0881921327
0679451226
019503838X
034086236X
0886771013
140120113X
0070477574
006091257X
0152018883
0062506587
0967725518
1563670143
030724055X
0441106021
0515121886
0306807696
0451201051
0345341422
0684800357
0141313625
1583142975
0553293621
0395911737
039593611X
1841122041
0806963158
0716731347
1404338357
0749922303
0971500703
0226736288
1591131626
1875137491
0812519574
0792452593
0701167130
1573922684
0767900596
184232005X
0889628157
0517702983
0753507765
0743407156
1582450099
1558747117
1551050579
0525474331
0201626950
0312855648
0465073514
0866223894
0764551566
0808403605
1570627215
0888792166
067974195X
0226286061
0312850565
1841151874
0968566502
905727048X
0440843510
0345347544
0671026194
0061050970
0891412816
0471506583
0890512582
0939680882
0691070148
0385334818
1862042543
006440434X
1560449179
0743436199
0878305262
0060391863
0789468956
0789477653
047143499X
0816749825
0316817023
0694016462
0060280050
156282841X
1585422029
0609602217
0345356381
1563892189
0590471821
0425189996
0671877844
0888502052
0821226975
0520202775
0831724102
1855859033
006051373X
0316328863
076534324X
044022442x
0736900624
078942391X
155110198X
0895872293
0061012017
0425164098
0743222318
020140821X
0156928507
0786410116
0446604240
0446611069
0380807831
0764566377
0716716488
0802061508
0440842484
0441261825
0684854910
0534304796
1588370054
0140175369
060960807X
0345298683
0609001302
0312110774
0471155896
1564580717
0737000368
0553351923
0812517628
0394507606
0446607584
0060509295
067972849X
083177830X
0312018282
0471077801
3895084557
0393302067
0391039164
0679873023
0553562495
0140510036
1577312252
1879384329
1550134671
0395207290
0312933444
0671852132
0380701782
0345395182
155046308X
0590464019
0684854716
0385483767
055376246X
0671464116
0816702950
0471179809
0671876597
1891290002
044819077X
0670835153
0300080220
0738508160
0953685012
0426200616
1591299039
0152005404
0385263287
0810944499
0140377824
0007117922
0801855810
0060656026
0226285111
0813428955
0962771309
0595298540
081475533X
055311123X
1890437379
0761901469
0898151694
0674447271
0890967679
0452280524
0836218531
1879326035
0155017969
0262581086
0807015210
094133239X
0553214632
0253211050
0531181286
1853261637
0140514058
0761307125
156025582X
0393025837
0060182474
0300087071
0881101664
0658002147
0385407076
0879517298
0563537809
0813524660
003057062X
0684165015
0862725046
0691113246
1555810306
0486270408
155850639X
0862725658
0198507097
026167403X
0198503113
0671720899
0671655744
158579029X
0451457889
0895990032
0395691303
031225377X
1590560469
0886775906
0805072802
0671041509
0312865767
0393014827
0871567199
0373056524
026261037X
0441180442
0553265822
0671465147
034530876X
0792274490
0195154576
0674445554
0880387432
0765342464
088739339X
0333596056
0689836872
019850294X
1878257269
1856950921
0811800415
0684855593
0345253612
0441002897
0345288688
0671654144
0671782614
1582340897
0060931566
0312181094
0609610449
0684854929
0517035529
0684843412
060960306X
0066212529
0312876521
0028471407
0375703721
0198602243
0670031100
1859584942
038533706X
0333638492
019217665X
0060505087
0140287361
0806524472
0767904028
073700035X
0060197447
1551051613
0863040381
0886777186
0789304759
0706377435
0062509543
0671677985
0375501304
0345347498
1582403392
0380784602
1551052091
1555661823
1857239865
038533480X
1400003210
0396086187
0761506292
0060158824
0679731792
0486421481
0679424105
0027345459
0826313981
0671021702
0789004364
0671878921
0486264319
0965572803
0930625765
0609807056
0091802024
0395705614
0486417263
0886770882
0688134181
0815323050
0198577796
0671707744
0671319590
1553692225
0688275443
071672409X
0761912304
0412472406
0061090921
055356935X
0470851570
0865731292
0954038800
0060011416
0590397958
0764565451
0140585052
1900512378
0312200811
0871592614
0393037975
0863186556
1856261166
0770420281
0671201824
0345324749
0821223313
023107901X
1568581955
0140046968
0671021907
0465091385
0452266734
0393008681
0192811673
1885061633
0716729989
0192860887
1858813964
0375432124
039489619X
0671876007
0375727485
0300082495
0140044361
0465047920
0805050957
0395080851
0060197668
0843118784
0375706836
0553096133
081301817X
0441007759
0964425858
0810928086
189081749X
0786814047
0394856104
0060929065
0716727188
0942299973
0393321320
0393321843
1559706686
0060505281
0312564759
0141310952
0425146391
0446400211
0783886721
013111316X
0060912723
0062516159
0060988398
0553276395
0312900562
0843932570
0515124346
0312872577
8472071294
0807844535
0241136830
0345341813
155817348X
0440222605
0803709331
0671835955
0684807572
0486290417
0671634216
0553579959
0312890346
0753504545
1585790125
0877288003
0140555528
0449227138
0373632126
0786840013
0375701133
0028642260
0894805029
0380974568
074321918X
0312158343
0878917225
0691033196
0812090160
0192892118
0812523938
156044777X
0385295928
0395194210
0517799758
0820322679
1885061749
0195148665
0345382331
0886777364
0809231891
0886778387
1581510357
0671876538
0553345818
0812522745
0385264275
0060182466
0306456346
0521797098
1560443049
0312302630
1552978443
0811837939
078681568X
0965378691
1400049628
0684833328
0521827043
080105625X
0890512760
0890513872
9500820196
0261632086
0300082533
0878572708
0385468091
0523426518
0020636903
0394519930
0375412247
0394757963
0679776397
0441006175
0812042018
0525472452
0871130130
082176022X
0934601976
0205275893
0609601067
0870742752
0534348513
0679403469
185984829X
0871563797
0380730766
2080701126
0671228099
0886778360
0231120109
0231120087
0393701735
0898626226
0312868235
0062500082
0764150979
1892391139
0691057575
0345360133
0914697382
0671740326
1841190454
0877851948
1573220671
0760309299
0965161102
0929500466
0829813500
0452271312
0517309785
0697137147
0884041948
0965834549
0802842348
0812534468
0449909220
0590480480
0517618001
0312300638
0312300557
0316057479
0771056443
0395510392
0679731903
0671660667
0316138568
0671644262
0345431626
0192852116
1878348108
0674003721
0262540835
1550547496
067450853X
1556615094
0020160909
1556522770
0631202013
0380793156
1840243503
0793801109
0064461769
1898307148
0716729504
1881545091
0309037395
0590761684
0971485607
0446678724
0811211649
0393057453
067980224X
0809225182
0064460959
0609601431
0312856830
0764552600
1883695015
0192862081
0935028870
0375503765
1579122094
0486220729
078355284X
0679729836
055348768X
0553487442
0553487159
0231110936
140107877X
0670809829
0870445456
1885221622
0520213963
088207797X
0595101585
0738206083
0671422359
1552975541
0802068901
0831716819
0155067230
0198506740
157912268X
0028642244
0761101055
0441001890
188491019X
0520073908
0804115583
0684850354
0517566141
0789477645
0871135329
0465081797
0345333950
0345289951
0345324978
0812553764
0812523822
0812540638
0345378288
0879757264
0451456157
078621418X
0345325656
0140187316
1586480278
0871563339
0394748476
095805438X
0060564164
3548247032
0810932946
0006551289
0198503652
0061330736
0813530598
1862322929
038073043X
0804720681
068483409X
0821735764
0385154291
0876052014
0684818906
0747271364
1895836743
019286212X
0192880519
0688136915
1853264423
0061058092
0880642068
0679463224
0140056998
0465090443
047141431X
0345392442
0415901553
061813218X
1887166661
031287409X
0965104257
0807117749
0515135836
1860468446
0521626544
0691006997
0262531593
1856080056
1582343772
0811730786
0812570243
0151004412
1559346841
0517161869
3822858765
034544034X
0070617570
0373632258
3822862142
0752500317
0684819627
0743435206
0716730499
0415902932
0813390656
0897212215
0142004677
0198547668
1582342768
0896595919
046507278X
0449909573
0307244954
0670304654
0679804382
0449002926
0380787598
030711323X
0831763140
0812963350
0792270622
0393018709
0911469079
0394513126
0231038763
0312351933
0812814584
0393039331
0393976599
0878938141
0060199067
0060988320
082633203X
0394502809
0738202355
0194216748
0299164942
1410749029
0786004797
0722535562
0151879788
0441248845
0803682085
0896101932
0345406354
0399215166
0140230122
1568581408
0394822560
0865425426
0767900022
0805069194
0713723572
0805014012
0380542544
0802140386
0812535839
0801853001
0465037186
0553352350
0811842312
0060556110
0563370211
0553586769
0671659898
0023485116
0895871637
0876055420
0553347500
1558743154
3923880502
0713723912
0807822094
0874271355
1853321990
1558537848
0395783216
0395936098
0750652020
0892132949
0553569988
0486212653
0671864882
0139514848
0697229254
0942559037
0486292142
0195137612
0231122705
0785808353
1565847016
1884718280
0064603032
0070608776
020162236X
0316563404
0393323382
0396081800
0398009163
0465043925
0618003371
0632043091
0671876708
0679725113
0767916107
078945713X
0808520946
0891904549
0898868548
1568360517
0425039536
0385475292
0971700400
0671724215
0805035931
0870447890
0295964804
0394519922
0486267652
0520036603
0316259837
0192827014
0860208672
0805063358
0531111679
0761314016
0671850253
1904153054
1552094820
0465011861
0765108682
0590357190
0879753935
0140279040
080502557X
0812501985
067940841X
0195045645
0783549407
1585741442
1552977773
0002233495
0345402960
0553050214
0804712689
0195061772
0394822552
0394896157
0486239101
0486243672
0486286274
0486424898
0679804404
0679807438
0679807446
0679840125
0716750007
0716750244
0760700702
0789447258
0805037969
0809464799
0831714549
0553096141
0671319795
0805302123
1588990710
0375507302
0060112662
1582430012
0394731239
0026284901
067146678X
0156982951
0060628650
0884964434
0814765521
1931484015
0531022757
0805026207
0441810322
0553353292
0044451121
0202304558
0525321551
0646160281
0679420606
0762701021
0807085499
0373642806
0811820696
0812550315
0691088098
0553371304
0821219103
0375415467
0679600701
0670653152
0812562682
155652451X
0471584096
0684144360
1559724692
0394748115
1876410183
1562802305
0827606478
0534530060
0941404919
0060531800
0071363424
0595224938
0151007586
0385048734
0812575660
0534349668
0691025479
0743418425
081181162X
0312856393
0312861648
0380805022
0743457897
014100228X
0345441508
0886775922
1582700974
1885223889
0933286481
0835607305
0140268316
0195138260
0716726041
0805318801
0878932445
0674356608
0804834202
0905762207
0195076184
0030813190

=== CHEMISTRY ===
034545829X
0571200389
155643152X
076790351X
0060901012
0061015725
0030020786
0716723980
0880387157
0553208845
0525405224
0807085464
0345413350
0066214122
0440972329
0394758439
0375727019
085045512X
0345396669
0786867787
0345384229
0891079149
0553564404
0743444965
0316184152
0812551702
0345459679
0684872889
0385493258
0451411056
0671024183
0671883208
0465026567
0671675427
0380728613
0385484984
0451456408
1855858320
0451119932
0743442482
0935908315
155972126X
0553573861
1573220825
0684179962
038081918X
0671019295
1853260908
0486290735
0380975440
1557043035
1840680113
156282144X
0688096956
0375503854
0374115508
0671658298
0786811838
0966918819
0140217932
0958613702
0380793547
0440484332
0451453190
0805059792
0553297090
0753804670
0380716127
045120753X
0140620516
0812571479
0312966229
0553100742
059044879X
088404632X
0747275637
0895773325
0312266626
0886778980
0590435159
0684827573
0316778508
0198605714
0064440532
0385423357
0385476876
0671797476
0664258131
0195132408
187455787X
0936608250
0812098080
0142003131
0465086454
1410709973
0310201209
031220955X
0679452397
0399143629
0434007935
0393063852
0688169724
0312933320
0553574914
0807841609
0061096016
0007128568
0670035661
0486206785
0486290271
0440238137
0312289871
0894865188
0688152473
0802713521
0451181301
0451176235
0142400017
0027655806
0345338820
0060536985
155817169X
0439073723
0689316224
0805059857
0684850397
0060111089
1567180868
0140104437
0451160339
0380716550
0060188790
0684833638
0345353358
0670803731
074321630X
0553342533
0767903501
0670841838
0425173062
0425121348
0385721226
044036499X
0425178153
0743436598
0618197028
0471351962
0700602771
1857029143
8466307974
0375400931
0684846349
0721669743
0684831872
0399126376
0198504136
0440506786
0812045998
0571220347
0821753495
0373619251
0671697919
1584760605
0486259978
0836270045
0132635348
0131286293
0451176251
0806972955
0374524122
0590321978
0895775751
0312869096
0471503819
0425181642
039301956X
0761305173
0142302295
0425051447
0553275372
0312973705
0932813453
0786869143
1568820984
0812567072
0970101309
0451410807
0713726687
0785787534
0786709642
1892065487
0375407707
0922433518
1852278943
0919872344
0520240642
0671447971
0062554840
0374194408
1862042489
0895773910
0964883716
006250732X
0192892878
0312146019
0373264674
0452274141
0425174204
0198557892
0060532513
0312309430
0446527963
0735610215
0399148477
051700643X
0590541781
0380726343
0688128017
0688172172
0697279952
0130675261
0205119131
0471575054
0451625943
0751649171
0590453041
1562946323
0761304630
1562946331
3785534566
038082180X
1413721710
0671557785
0345404459
1570541345
0821735055
0843114827
0531301990
0809228408
0521319870
0064301389
0060186267
1892062135
0671552813
0679808140
0443059748
0743223268
0425171183
0875940129
1587360675
0871313499
0812566548
0385239262
075480450X
0192838873
0836270436
0060095296
0060183829
0785100334
0439568455
0679960430
1561705942
0140020403
0671622544
0425070069
0553111396
0590108859
0486218929
0595250602
0886778468
0440506387
0804115508
088738658X
0806967943
0029353017
0891414665
044010484X
0446343870
0312420331
0312926138
0310251117
0892814268
0786700386
1568385587
0895295636
1557865663
1560230754
0439090113
048664927X
0345418689
0385264720
0441771556
0822311968
0943357020
0465016774
0262531526
0812013174
1568360681
0688155170
0517405024
156458187X
0590738887
0451154282
0886824656
0300078412
0300051883
0471520934
0515101702
044070006X
0802713955
0856488380
0891585206
0789449218
0192801015
190301512X
0060005688
0060188200
0195412060
0889711844
0375760962
0312963092
0471594741
1567510981
1878972251
0399129669
1870845021
0445406356
0590414496
1590380886
0531156710
155788370X
0942391632
0060213531
0385488505
0060521562
0151003246
047144149X
0689704526
1843580519
075510353X
0898621445
0345438582
0439281369
0961866330
0531101274
0374154694
0131940104
0590073346
0135931525
0563538333
0812508009
038548870X
0451409426
0380791471
0553575457
0440506492
0810928892
0807532355
0440506735
0060933887
0525469303
0345387244
0440910285
0967605091
0727822691
0923808019
0852073461
0688143016
0486218562
0789406047
0716722828
0836227662
0198503806
0515121738
0714820962
0595183395
0134768388
0935702121
071674600X
1550223844
0836206290
0520226151
0752843788
080691355X
0811819191
0380702622
0590458582
044022456X
0395585724
0192832123
1401031625
0874779642
0671695363
0385494653
0300081413
0966452038
0867195355
006251637X
1585422207
1883831105
0441152201
0449183378
0195087070
0953420566
0609804944
083063360X
1931412782
0875968805
0415931029
0671525999
0571193609
1559634634
0385133596
0380974665
1850153922
0312169949
0886250730
1853262234
0689116047
0871133059
0198539789
0440500052
047131045X
0964613727
0743246721
0064450481
0679438084
0471579491
0471489212
0590502123
1853752797
0451134680
0590516086
047151067X
0688177719
0345421841
0439137004
185326282X
0060158018
0136436692
1591020255
0020776802
0531170233
0531190854
080691789X
0809494701
1856979342
0195854292
0962819026
0786813466
0812593898
0836236661
0440404231
0385419503
0140267735
0330480871
1562461168
0746009720
1575663570
0060809841
0914171720
0451184831
088404632x
0345283805
0295974443
0226668061
0935702369
1930754221
0070112126
0517587874

=== ENGINEERING ===
1841721522
0671864769
0446612618
0375500766
0385497466
0312156960
0679423079
0345391691
0767905938
1579651658
0452277337
0345374657
0385306032
1567920047
0393961192
0671027344
0385498721
0553801031
0743225406
0425185710
0743405978
038533656X
0231105592
0743412273
0764504509
0345438329
0312990456
0316291161
0802713661
8401466350
0316136778
0060930071
0446529788
0060506679
0609605623
0871401185
0553211978
0684859262
0425181200
0786861320
0671672576
0679743243
0385424736
0671646575
0671577727
0312311354
0385335830
0824811720
074346771X
0451453727
0451457471
0440216745
0060507403
0394588169
0060183527
0345283945
0553212141
0446359866
0345347951
0767900383
1573228281
0380017601
0316845442
1573226521
0451167309
0399133186
0836221192
0812968379
038550926X
0028604032
0875420036
0141001828
0395860318
0767914767
0810934302
0140048162
0142002399
0330375253
0385334923
0380761599
0553107755
0141182458
0671441515
078688214X
0312123337
0786888083
0345389417
0425147584
0786885912
0060924349
0451168615
0345413997
067978148X
0452282063
0380809087
0312901437
0679436448
0671729411
0553211714
0590189344
0451188586
0449001962
0553375067
0553578359
0006392466
0449911659
0679742115
0142003816
0060089296
0553211439
088494770X
0812561880
0394742494
0446513067
0380977729
1400046610
0440222842
0812536541
0671850148
0312422547
067972754X
0440157587
0440129613
0930377001
0312062346
0451179803
0517147815
0553274325
034910171X
0140167455
0192839071
0899088236
0060198508
0821223275
0761537295
0316816531
0345422317
0060152583
0821601806
0445405627
0804831904
0373834292
0505524902
0446613851
033035566X
0804200637
0451407199
0385493002
0807004553
0679435549
0515136565
0394732928
1889625035
0440176484
0590691821
0316473049
0066621054
0802733662
0345416430
0445406836
0156003376
0821602039
0747543259
0312080824
0691086192
0394589955
0425177432
0764553143
0679751319
1586480286
1878825011
0375704051
0425132358
051788433X
0312267126
0205131999
0679723250
014043061X
1403905843
0345439600
0028613228
0393951693
0440507626
0679411836
0380795671
0553211161
0425187721
0140008950
0330392611
0440236851
0679785892
0679446400
0312254385
0764550136
0446364800
0684174685
0551031085
0451198247
0140185844
0821768441
0440225868
0582037670
0515136379
1565927206
0072131780
0789488914
0515130125
038072880X
0812505123
0061056987
0451521323
0393962873
0517589818
0060653035
1568360290
0380000547
0515127485
0345388968
0684857340
0316910333
1586602616
0912111631
0802138578
1559704640
0743227840
006019345X
0385266294
1852278862
0684717654
1552630110
1573229717
0684844001
0824816285
0871566230
1573061565
0380978415
0679750533
0761513116
7119020412
0679426612
0520206738
0345419081
0525947132
031213150X
0767915445
0451525264
078943413X
0965608646
0671034375
0394416457
0385506686
0671534645
0446609005
0671729454
0553277944
0671795694
0553210165
0553237667
0192838679
0385499191
0060006765
0425173585
0449208109
0679311149
002862615X
0595129838
0471404217
1576104192
0679816607
0471528889
0671027972
0312970307
0553574795
0812536169
0553212281
0425191230
0312970897
0670899836
0966961706
0679762892
0375401946
0312981651
0807846465
039450965X
039914630X
0471496421
0962295701
0684858266
0273637371
0385333781
0609606077
0140437908
0812550978
0684169401
0380813734
0449210235
0380702878
0684868113
0631189246
0836204158
1852426411
0671620991
0688111505
0670808652
0553574043
0873513223
0060179716
1591826969
0886773083
0743222199
0684864517
0380718421
0451163931
0425166171
0821723103
0671674366
0553374117
0517082454
0609801864
0671649728
0140150625
0316483486
1840182709
1863302875
185566089X
0385481969
0440235421
0440212812
0440236819
0671641425
0553569082
1565074157
0373261497
1588720071
0812932188
0679768173
0446606979
0451458737
0030679109
0525459502
0895298341
0060195231
0590484273
0140124039
0451195221
0140187723
0806123842
0679729518
0679751823
0143035002
0345321588
0452283728
0679749004
0140184767
0330320912
0375507493
0806512091
0752841211
0712610200
0207197687
074991856X
0130914525
0671020668
0891414770
0671618814
0399525343
0425076628
0740700030
0553295276
0395437482
1585670499
076455106X
037541326X
0449202623
047111927X
0590847686
0064450023
0804108889
0373263554
1559720328
0451408942
0452281695
0595097235
0373483791
0061051721
0307021688
0866852611
0310240107
0312974574
0060183772
0393962903
0312180462
0140255117
0553283936
0312968531
0140122389
0375829873
0141182520
0553295594
0451453182
0553269445
055334949X
0684852586
0451455169
0415238285
0385492995
0893343501
9774244842
0679401962
0201627337
0385310161
0373833512
0749318627
0449202704
0451517563
0582061725
0767904664
0553212621
0684856212
0226710319
0451180747
0061059080
0380803682
0130208876
1410716856
0684852713
032108764X
0312926057
0345379306
0446525766
1928556345
0310234697
074342431X
1852427507
0743300580
0895296292
0789410532
0140714103
0324025424
0380752352
0394839307
0449910644
1560252480
0425176649
1560254742
0471265799
0743411463
0811842304
039452764X
087286300X
0887305245
087877162X
0670032565
0684814196
060961097X
0670030406
0812566661
0553259822
0446341053
0674577620
0345311973
014009363X
0684855747
0807119350
0595200214
0192833596
0345377060
0380726653
0553581953
0060908637
0679776214
0670030449
0836217128
0553204564
0060012897
0783548036
0314128042
0822008653
0345294084
0140026703
0449211991
0446354732
0898799279
0345344596
0521484847
0192836544
0671502956
0786010800
0312246625
0385510187
0060506539
0786867205
0446357383
1883013151
0836217373
0060193743
0934803056
0394577787
0525943293
0807063258
038549422X
0435900013
0375410716
0452282950
0873523792
039399774X
0312111827
0345421531
0345351681
0140042172
0028621697
0805017860
0385476256
0805027009
0803267010
0446364304
0385308957
0375700366
0679784071
0803945418
0801420113
0553275283
0130112887
0802141323
0749399570
1857021584
0060974680
0679777504
1589636147
0749394854
015675830X
0099435136
0452261988
0273601334
0060531045
0140772863
0140510141
0140512535
0060186305
076152553X
044922290X
0060973684
0553282794
0070132127
155874875X
0679425411
0140088911
0060524367
1576834638
1878175505
0312868952
0773760571
0679028498
1861974450
1842361538
019283312X
0877282188
0345277600
0425185834
0786884169
0465007228
0020306652
0380777169
0786002581
055356045X
1932407391
0679749535
0375718877
0679409785
0070537097
0743217144
0312984456
0312980043
0380804212
0609802224
0743202759
0345358619
0679430628
0898867304
0394418301
0446613924
0394728440
0385481918
0553568884
0820405388
0030899788
0822011085
0312282702
0385058985
0878421602
0688014291
0743454375
0553492497
0394719859
0451525973
1884910335
0312966105
0822010577
0446348430
0812508572
0321015576
0345382641
1568840799
0312950624
0764586610
0671884174
084394918X
1878867075
0671739794
0812534042
0020620497
0882405241
0743442849
0809238128
0743457544
0385486561
0714838500
0394954602
0312155212
0441009360
0877287236
0889611238
0595143156
0553582216
0451193261
0440228727
0743245733
0373642555
0440507545
1565121937
0895297221
0671569155
0586052771
0525934774
0060922354
0380977311
0300074298
0413346102
0141182741
1853260606
0684828170
0821749099
0425183858
0553199846
0385468660
093706436X
1571201025
0321015568
0870113658
0142000027
0142000159
0449206335
0810938928
055326043X
0060955899
0671007939
0140430172
035232094X
0385320159
0451628268
0534073387
089577397X
0609610554
0553380966
0866835407
0385422822
039471833X
0671419773
0843949201
0471089702
0395354390
0195063317
0893842672
0552140503
0805034544
0140274944
0679783229
0316111740
0451180240
1552094804
0896086011
0375758984
0061056898
0440329655
0312311508
0688123023
0521440491
0192822837
0618042474
0385318901
0192815105
0805058370
006000942X
0679869530
0195108167
0275964817
0415070317
0803990774
0380702886
0684823993
0525943404
0887061575
0767902815
1575840375
0891074805
1881830004
0812548418
0804115419
037326349X
0451197526
080548101X
0830817697
0380813785
0451526112
0375508074
0716744791
0764586009
080699505X
0891457623
0380770784
038533401X
1841490431
0060392428
0385324081
0679736638
0809316943
0802130860
0395860253
0312020309
006100717X
0380802805
1885223307
0812931912
0440419824
1855324342
1881944255
0440235383
0060809590
0452281032
0553574027
0688171419
014008505X
1567511708
042508003X
0500511160
0595214312
0823417913
076111775X
0440215439
0451173406
0553565222
1590522745
0842381171
0062730231
0385333218
067100414X
0345427521
0892964693
0471352284
0761520295
0060533404
0805065539
0689848048
0596004788
0972952977
0345321014
0345456440
0312861826
0375754210
0684801299
0767905342
0789448912
0345329252
0670875899
0671729497
0425148270
0771061986
0821765698
0571053718
0679754857
034536161X
067181477X
0765342456
0345314573
0446673749
0380804719
0425193764
0609804669
0140440925
0881339393
0553575872
0471137820
0192803212
0747546266
0131824309
020148837X
0803990006
0425174719
0195073088
0345428749
0804104247
089375417X
0910086052
1853264199
1557482640
0553248510
0425053679
0891099409
0425192911
0553345893
0312860986
0789723255
0425169480
0385488866
0671458345
044109418X
1570641951
0553346237
0451524500
055329752X
0312866240
1593080344
0385495293
0345381467
0743408764
1572595906
0471237124
0891760415
156276490X
0394576012
0412342707
0140277447
0060159111
0671693913
0072126620
0786707879
0060393084
0312055447
0451409345
0140157220
076455381X
0136053955
0767902416
0312970188
0876044011
1579549276
1582617686
0671877380
0758206232
0394562631
0253200016
078790810X
1589630572
187918172X
0070247846
0310573912
0156261456
0679415629
0195041321
0933598491
0374267812
0679734155
0688163025
0671510576
0373613555
0515130621
0312963033
0310243076
0965260313
0375405607
0471292990
0099436116
0060534370
0534362915
0471620793
0060957484
0801439280
0865714533
1930131011
0863161774
0822954265
1550224751
0886878624
1581950209
0813515874
0786417404
0770422098
0030056276
0836217020
0195409205
0949659606
0452269806
0380818205
0061084069
081255454X
0385496680
0812584295
0671743694
0312113471
0679724613
0155161431
0671666274
1559721057
0060604522
0671241109
0747533881
0952291444
0192828193
0385499086
0672307871
0373201540
0312971478
0140186506
0805037586
0896227251
0486424502
047141803X
0872201368
0072476907
039396924X
0393051242
0891418059
0688154379
0394717384
0446674648
0385489056
0393008312
0884042103
0070345465
0345412966
0684870061
0812574702
0345301455
0195085280
0415125715
0451626605
1565920465
0471859184
0345428722
0812568591
1575661780
0590414275
0671650904
039475803X
055327029X
0672310694
1581840594
0671880969
1892051052
0672312999
0805003681
0816148805
1555878504
0674018214
0778320316
080651745X
0061050415
0061066656
0373650302
0007119887
0060194278
1590560353
0452283973
0805066187
096550297X
0449147045
1410781763
0870449842
0897500962
0743242599
087542015X
1572241357
0394480848
1564780813
0140133968
0751305901
0345406907
0806904569
0226738019
0553801694
0060197722
0375703950
0590426176
3895082104
1561840181
0743245172
038067470X
0631195556
0373095732
0807021032
0786004738
1578632935
0140281576
0613174453
155783072X
1885106386
0714525804
0060654759
1881273075
0679754474
1580631169
0671577751
1841490903
0425150755
0874779693
0312966792
0340768134
0316845434
0764553313
0140443290
0806638060
0849939844
1552782638
1558504788
076450665X
0345382722
0375409009
0671500503
0345434684
0553570730
0670032085
087131813X
0299808955
0330427385
0525480692
0066213665
0446678872
1878067273
0520070631
0060081597
1555919669
0312979754
0394740998
076453470x
044661128X
0812535421
0316289876
1572972653
0449908208
0590449710
0525249362
0140268863
0812966872
0718828070
185702317X
0340768843
0801852447
1563894491
0074708422
0399132414
0471202576
0826466354
0485006170
0571199844
0609601407
0738206539
0582067227
0134635302
0534096727
0139067027
0724803270
0195046714
0091830702
1864484322
0631159452
0521788056
0140135588
1852303204
0330356488
0195535650
0631226494
1557863954
0521583578
0674749316
033377499X
080395767X
0803938632
1864486082
0195083679
0415267412
1852279761
0517706822
1552095002
0785814531
006092845X
0394720245
0252064364
067976867X
1862040303
0399525319
0894710877
0914294539
0312858884
0192818503
0060516054
0684857170
0385482264
0747528977
0312118872
0881661953
0140445080
0914984543
0399522999
0140277943
087477957X
0312961383
0720609577
0517708736
0345303091
0672314932
006092909X
1565921496
076456210X
0060523794
0028601467
0060175028
0847691101
0312964234
0373261977
0140191275
0671508156
0393965945
0679759042
0425181898
0061059935
0672304643
0679722556
0375701923
0892965355
0553082299
0582035015
0517707586
0316849472
0521461561
0571207189
0679425527
0552138444
0961602430
0679778829
0486285170
0486278069
0060525231
0743412869
0060956348
034542655X
0802733808
1580174299
0805062262
0312304161
067167613X
0471283622
0671658271
0664325564
0253213096
0964332809
0380977494
0679767223
1557132720
046504932X
0824515609
0156013150
0312982860
0525485171
0399141545
0613185048
067101000X
3823854674
0688166180
0486419215
038503007X
1880684276
0679724621
1576840166
0312866380
3540760954
086278414X
1565296869
0671511564
0449004503
0811828948
1555973698
0385012128
055321280X
0743220293
007059239X
0471873241
0385485662
0380976870
0786868120
0679774203
0767900421
0534608671
0130209899
0155062050
0448095521
1585420700
0964852683
0312140894
0312908385
0553574469
0971365903
0684165910
0786862610
0761503994
0879801638
0380521830
0743443942
0805782613
0892816384
0440215269
044022635X
0140261524
0962998427
0471644129
0071382283
0553276883
0805044809
0764500503
087131763X
0764537407
044653062X
0931988217
0451521633
1861000081
1861002238
0764585894
0375757201
1854318888
0671870807
0316802522
0672311070
0879233516
0446513792
0375758003
0395655978
0125184069
0887803121
0671799134
0446525561
0140147551
0380728222
0792279484
0553574000
0330364251
0060931973
068811363X
0385423403
1578514878
0375753761
0415049709
0304366323
0385475098
038530224X
0446512494
0374521840
0395836255
0684865793
0066212367
0312197667
0486230287
044990699X
0452011612
0689121024
0380978172
0752261703
0743445988
0805003525
0297841491
0198775660
1568389841
0142437018
0151261008
0312039166
074991002X
0812544730
0671225421
0201518015
0451171179
0380874865
0811819922
3540416129
0761986286
0670819190
0941483029
0595274862
0140143955
0822512270
0393960587
0688165281
0684873214
0670861278
0061073113
0765344572
0205297714
0679448896
0843941170
0446347884
0140480536
0553278053
0061007528
0553067249
0393312275
0679027106
9681501233
0553210343
0312913176
0345430239
0295956453
1582341559
0836213076
0393302504
1585420360
0553095129
0553568043
0679764275
0754010228
038073155X
0380819384
0385238827
0821744313
0553380788
0312951639
1561640913
0394820436
0671746936
1580630456
1580632122
0471382574
1564586464
0805047115
0449909476
1562055925
0452011531
0786885149
0345344502
0451162641
0060153059
0671445715
0060933526
0395342376
0789444550
0822002833
0262521563
081914262X
0060528877
0452262054
1590521277
0130412422
0380017644
0192839020
0446364681
0385400004
0534246001
0534108709
0553052705
007212637X
0072222794
0312011636
0553284983
1857236262
0439101352
0192839772
0843950153
033048611X
0002258587
0007164076
1557866643
0563384476
0140440607
0140442146
1841120170
0789410672
0873641752
0374522685
0195283805
0340859601
0140771867
0806920726
055010075X
0399512934
0380790238
0875428363
0595270735
1858287022
0380711346
0131254367
0697098273
0517162210
0679738576
1556590636
0761521690
0764561502
0425033309
0394756975
0743487257
0553346113
0375701737
0375414282
1568523807
0679741356
0670030775
0961642203
0440170443
0394751736
0393307077
080761291X
0787955787
1566398401
0156167689
0380715759
0393057658
0316743003
0486287459
0967197910
0521794668
0521664586
0748611959
0312984197
0425164179
1571690220
0375718850
0385479638
1841193917
0965908437
1565923715
0912333413
0062734792
0380793180
0879721359
0679603069
0060183519
0671270443
0195155092
0761122362
0316277959
0060196084
0803294239
0140447814
1572482281
1560255188
0375725008
0486202380
0486296407
9500719088
0028634764
155110153X
0517091267
014043254X
0312148445
0030617332
0877285152
1578515599
038920319X
0764546252
0323009891
0312643063
0375702032
0747232075
0201735172
1854580485
0195098366
0393953831
0553567489
044651389X
039472593X
0471176745
0679026649
0671879030
0140183841
0816021368
0916489701
0553292994
0863697410
0750904178
0747525420
0802138101
0671537504
0472064924
0671010220
0028642082
0060914394
0929435389
0525948228
3499148218
0810958120
0805203214
0670836184
0894803514
1559705159
0380805693
0313229589
0891413219
0060084332
1564406369
0811825426
1551092190
0822956489
0195412680
0471223832
0446387673
0878420630
1741140730
1414028482
0060112816
1572973498
156895199X
0375713220
0822002515
0759900272
059046485X
0131103628
0061002828
0941664163
1559721138
1586480049
014029287X
0595211089
096550333X
1559721839
0786706848
0060182571
0140298487
0060609176
0671035347
0060935863
1411602471
1893115763
0672315084
1903854083
1569716919
0721407110
0060527234
080186481X
085263692X
0747275793
0138960690
0393950093
0231074670
0738202827
0393037789
1900357089
0786886226
0852722907
0521583721
0078812992
0226731073
0901702528
0747803455
0231066473
0471507725
0435909886
0156421356
1858683688
0521663016
0874810418
0812929950
0312982089
0553578847
0380977400
1555837557
0140588930
0393961435
0863162827
0553580477
044669259X
037383330X
0440223857
067165828X
0380820188
0684844168
0140144870
0201137917
0671722298
0684821214
0595011454
0440168481
0892562560
1883294517
0394757793
0684832933
0340728620
0679758348
0330484494
075151912X
0862788099
0525933824
0140423532
1570612684
002907990X
1400047447
0060800216
0316622117
0195116631
0827330480
0385475322
0747528934
0747528985
0747528969
019507260X
0553482068
0007612621
0373825730
0449214508
0553278932
0345448286
1842322893
0690014570
0312982712
0312970390
1582616108
0451403916
1873410026
0312156596
0671032739
1857236785
0609805584
0345422910
0764538853
0881148431
0764503464
0394746562
0452271770
0879751622
1576104737
0140231196
0374272409
0764549316
0914845462
0553262637
0345439880
0312866143
0965095827
0553298690
0440295483
0553575155
0465024114
0140154957
0135271762
1740080653
0882669400
0471199680
0786015411
0684865807
0671032747
0192826662
0553571605
0349106657
0060722282
0451403398
1571690042
0373750358
0451411455
031231471X
0345453433
0804120056
013624842X
0139752854
0399151885
0553803581
0345467779
055380314X
1579547915
0743257499
0674000803
0385497628
0312316577
1590521420
0538877375
0205351433
0471218685
038532006X
0345439392
1563702827
0765300990
078624321X
0446320870
1928857051
0553801872
0312283598
1931402019
0345442458
0765301601
0312982828
0312300751
0130283266
0385336276
0803929870
0385503377
0312289243
1555427073
0312253508
1890208914
0821770918
0312269382
0312873891
0380977249
1576737489
0446526185
0517187922
0060972998
0821733168
0871313952
0451201396
1582341494
0688176895
0140422900
0066236150
1559720670
0415077087
0515122882
0803212372
0521596556
0198710445
0060524073
0460114824
1896941052
0767905334
1893652491
0618070281
0380002825
8481302171
0553275003
0804831564
1570627177
0679753818
0330480243
0590407198
0099268280
0452274583
0441068685
0751327344
0142437093
0805057749
0553246518
0789427508
0761511091
0880299517
0140274987
0192629883
0528815296
0314696423
0385001290
076790852X
1592910092
0801842182
039441814X
0745625274
0316757268
1903608090
0701122250
1585420735
0192891774
0876053711
046501738X
0312990006
0060177101
0887306012
047126153X
039915101X
0091476909
0800634330
0201461382
0307701018
1878841351
0822000946
0590476084
0205322158
0767411862
0786880686
0307010376
0312080735
0198540345
059060404X
0553574841
0892838728
0340826126
0471045217
0916515567
0439376459
0679732454
0345353315
0393968200
0333392728
0887069789
0880709820
0765303825
0618127518
0471930121
0451400836
0340696494
087116194X
0140437371
0743253981
0801441692
1573222666
0380796392
0312217331
0130600318
0140067485
0061066559
0385240945
0671244094
0451407997
0759677646
0595170595
1571971696
0804209855
0380731657
0670894648
0684859076
0226051471
0895772116
0771089570
0785810692
0192823566
0060185546
1893554511
0805050345
013565839X
0662178572
0393947742
0590044508
1900924277
0521467071
0688151965
0140341684
0821743384
0440969778
0300065957
0425162419
0764507338
0791405532
0356206580
0786704462
0679642846
0595653189
0140433171
0940685388
1558741038
0195405722
1860743994
0843924349
0393321975
0813513596
081039426X
0451523512
0807061557
0060392622
0684833611
1591430046
0440400023
0553213369
0345428145
0521438780
0895774046
0871401762
0672319942
0735709017
0672484404
157324127X
0890876894
0155930214
0440212294
0805070966
0276420357
0688117309
0671695819
0553210408
0877956006
0805209603
0764554298
0970580444
0882549405
0684855488
1555836348
0890246173
0894801384
0764548077
0395359686
0321106695
1854582755
1567921981
0517527464
0887846696
0205322441
0155383124
0670871931
0486647625
0521475708
0394756959
1877988286
0842356223
0743476131
2894641982
0809462044
0671682229
0688084702
0805059628
006100328X
0380793377
1578516730
1400031834
0003701581
0517885301
0446813311
0060907274
0679722203
0275941140
1853752509
0425063917
0030112648
0813313716
0156287870
0811214842
0446311693
0786882239
0451204557
0674306880
0195066162
0062700472
0465027288
0743457986
0679450963
0806124598
068482468X
0915720132
0743423992
1558748989
1558749659
0300090218
0785809031
0896891240
0940625997
0792453743
1557831254
0691003157
0345439988
1567182283
0760738858
0452276950
0971663394
0500051119
0805738657
0028635949
0471178284
0582025036
0571056792
0140181873
0804105650
0609607057
0684854872
0395366143
0786012641
1887178643
0060616342
0671741330
0714530506
0671896962
0743227166
055321232X
0864427123
0631198490
088419762X
0060012919
0679642366
1843336251
1563084988
0062503731
047112351X
0595093655
0099282976
0060597186
0749531886
1841765244
0761506160
0743400755
0966742109
0312114915
0919626483
0631194126
041502630X
0295974958
0312100086
0813919002
0553096648
0671662422
055321232x
0866119183
0375750363
037575251X
0375753737
1567182216
0525410600
0879511281
0375754458
0030491819
0874779758
037575248X
0375758461
0451166566
0727847902
0679726497
0814203833
0940450089
0312869746
0345243447
0440483077
0394410793
0671319493
0452278015
0452279305
1582430586
052162861X
0740734121
0816041245
0878770453
055324678X
0253181410
0671038656
0374284385
0415102332
0812538951
0771033362
0771033249
1568331487
0803267142
0830414754
0671542842
0743432754
0702233455
0747538077
0394724186
0860200140
0195027019
0870445855
0375751564
0746007019
0596001959
1565920317
0449909891
0312203756
0312139357
0395740134
0879517239
0961684399
0415043182
0671407104
185326427X
0375706291
0811200914
0440225957
0375414878
1565926927
0345414489
0195059158
1565922573
0684843005
0826406971
0060618523
0895261448
0824514238
0452269792
0140195017
0060232986
1891620401
0870499483
0070328110
0340778504
0873526996
1863252266
0451528891
0141180625
0836237013
0333945735
0385124449
0679427724
0195042255
0195094204
0297645749
0061012475
0142002070
0804830088
0452010802
0872861252
0671648349
0385492162
0435901001
0140284249
0670674249
0940262800
0312266529
0789707985
0070366985
155817284X
0060655577
044900113x
0306414341
0824513878
0553292420
0375502920
075064575X
082644749X
1555460070
007137048X
0380006936
0312314930
0449221423
0425173925
0918373980
0789471744
0789014653
0815328664
0205281656
0767410033
0965330974
0789446200
0394502698
0023385022
0155247190
1580082211
0007136110
0691017379
0066212863
0691013438
0374518025
0449211517
0440131103
0385486626
0802135137
0345259130
0553560131
0198601735
0805022554
1841156574
0915145693
186066170X
0517705575
0471815047
0934977259
0399139885
0465085857
0062509659
0340742445
0898041414
0399140778
0965746852
1880226766
0060523921
0742521036
0871237962
0865651159
0070511136
0394536630
0743205391
1578064716
0062516264
0892817038
1572972920
0060187239
0800628918
0070510989
0375406832
0142002852
0399142118
0385155840
1575212269
0268016496
0060932260
0826210767
1552630315
0133274616
0961413506
0505522462
1858286786
1858288800
0809321661
0749234113
1841881821
1575910519
1880656728
0375708081
0330270982
0824815939
0435902482
0711704635
0345441567
0807847178
0192800809
0140189769
0679725245
0749336269
0140227903
0374518793
032119439X
0060916184
0691043469
0312269056
0312244851
0060927712
0963124641
0786817259
0375507469
0345381866
0890062978
0912045485
0471109304
0312963017
0879804440
0300058241
0521361281
0895773880
0687459729
0425099733
0440237971
0516048546
0345353803
093556621X
0471575178
0553100734
0451519825
0836280849
0687004489
0373810261
0471109835
0312957912
0070074526
0486210278
158348096X
0521375924
0425142825
0861403967
0668064153
0300069200
0520075153
0841620318
1568581580
0385143303
0321011082
0451165535
0385495080
0881504017
1861003668
0672313065
0375500855
0375701893
0679743480
0312903065
0271005491
0713100788
0313290431
0415095697
0815319436
019812838X
025330105X
0805745130
0691004765
0140150021
1586634518
0737701927
0802139043
087805359X
0091839130
0061010693
0271016736
0446529036
0345439058
082230273X
0131939882
0879512547
0205340903
0670839760
0521321131
0918222885
0679726136
0136079946
0816019177
0553135619
0573613311
0201550377
0471406589
0440538378
0671543210
0395886074
0515115312
0786209631
1883846935
0399143645
0425084442
089191501X
0307234584
076790463X
1861002963
0385240872
0767907698
0312877730
0375504788
0020295456
069103799X
0195116984
0226248232
0195088182
0767903439
0252065018
0130796115
0810919745
0878771611
0525935304
0373152361
0813314194
0880641703
0761993401
1566562945
0812097319
0843947403
0764552317
0764551809
3518406841
0805418954
0764551442
0312635524
0914294547
0446607673
096413053X
078686723X
0965739228
0380974304
0764565621
089254077X
0520082559
0671007734
0671035657
0743235665
1570281068
0295976209
0130447315
0807612545
0684850583
0765342898
0684811367
0822002795
0684839792
0880707259
1580231551
0345402278
0345445600
0831400447
0831400498
0816012423
0140621946
0375706089
0787109037
0345249372
0028621069
0421392401
0582023866
0669415804
0192826212
1566047579
0471346098
0205156185
0061032018
0395977746
0800751159
0786868643
0596000804
0773521089
0864423810
0806517204
0684850133
0713181052
0375505423
0375701206
0764551671
0864426941
0862416256
1841952427
0321011732
1577482069
0898799384
0553214551
0151239940
067232525X
1842320106
0802137962
0892812885
0312855230
0771056567
0965096017
0786868686
1558610189
0440215196
0060915447
1565656296
0865714045
0471281085
0807083410
0316720917
0140550836
0671818937
0425183289
080249238X
0373650663
0521468671
089490390X
0822549204
0671619721
1555466095
0766010791
1576600963
0471246573
0789001004
0525483500
0312928041
0134569555
0201353830
1557831521
0521468760
0888990472
0552136166
0862032393
1569473080
0764551221
0679765018
0375756884
0671577824
1562012762
044022263X
0142000000
0786014903
0813368472
0195151747
1552094987
1578660068
2020049740
0674076249
1568840764
0440218810
1566634881
0688043828
0525940936
0451175220
0471641723
0615114776
0684829398
0060513543
0300101163
0340846135
0679417400
0131766031
0201093146
0131228390
1556151586
0764586475
0764585789
1572306416
0310220157
0517888297
0802805140
0226038890
0399143157
0590417169
0764550098
0887306217
0553581546
1570714592
0142401277
0812565088
0060955627
140005270X
1550711326
187918172x
0868245569
0451152751
1885705026
0134546466
0812520378
0140510796
0553262467
0198123833
0679456295
0736900535
0812545648
0330491490
0563165359
0140040544
019283407X
0747264724
0316110876
0517626349
0525937250
0064671097
0743215850
0310211220
1891620126
1568250452
0312300824
0252022653
0517705761
0415129877
0750224665
0142003379
1930008023
0268009627
0856352586
0517308207
0440414334
0155188658
0762413271
1851681043
0764552449
0505523124
1890558575
0449000435
0060535504
0802423469
0316114391
0393962881
1568650507
0192800329
1576730891
0440213983
156316308X
006050742X
006092909x
1887472134
0534133142
0671529072
0345314271
0141002212
0312045824
1864501391
1840184671
0811822761
047132776X
0078815002
1550416219
0394577086
020135084X
0805023054
0385477139
044021128X
0886873320
0671543245
0785806040
0688148905
0345453352
0345276035
1558600655
0300060998
0440973627
1858284600
1564585034
0312156863
0789707519
0937958522
1585861219
0670846384
0517220822
0747262284
0300059434
0316089702
0752846361
1557830290
0688171575
0672318326
1893271218
0201632748
0125119151
0062765167
0520048989
0679006575
0716732793
0335151787
0061030457
0875961339
0471176494
0471139130
0070521824
0471369780
1861003021
0801654645
0880295554
0716713055
0918172020
0375407723
0375407715
0132435101
0137564120
0130950831
0375505857
0140172327
0345373774
0701165715
0020345151
0002245426
0553090062
3931321746
0393302296
0756400961
0671022830
0534372007
1567181430
0141180757
0525482253
0471130494
1550415980
1566250250
0060666560
0671326724
158574610X
0801316367
0764586076
1869503996
0789410680
0609807153
0471119776
0813328039
0471614270
0300043694
0134402073
0201628821
0842029370
0141180145
0571177387
0898620228
0195085493
0321043707
0195136217
0199110832
0321044223
0226901319
0133107809
0814758169
0534252265
0140445056
0804719608
0060195606
0517708353
015507430X
0807015075
0671570315
0140445684
0816138621
0198752717
0425142280
0631218998
0807077097
0674948394
0374516707
1558284923
0309089603
0813368618
019506075X
0192834452
0394716523
0465049990
0140263349
0521348889
0534526772
0765804573
0679753354
0872205029
0192817612
0345411021
0195094972
185967254X
0312250428
0486404250
0064671011
0596000278
0870441035
1859960774
0960613846
0374519374
0413680207
009182852X
0632052384
0393090833
0870215566
0716730510
0826403301
0500202508
1568957483
0471574503
042517039X
0195025636
0812522923
0531049094
0673521192
0311461670
0805057862
055356028X
0553261401
0393323730
0757300510
0312261888
0141439580
0743400011
0671038990
1863888527
0060157410
068413313X
1556110855
007882057X
0062737376
0688109268
1556155123
0553093665
0810904527
0811725650
0802046916
0816500312
0811209997
0375701036
0870949845
0553812084
0060122390
0375728007
1888363800
0812217632
0890815585
1578562473
0062585282
1567186599
1865087998
0071354530
0671000659
1852304464
0882143689
0520217586
0892815019
0316677310
0471326429
0471593613
007282574X
0716737426
0156005603
1401351913
0684832259
0465006493
0192825011
067977548X
0136295932
0896584593
0029345707
0609607480
1555613411
0871566028
0345284658
0465037038
019504083X
3829009003
1560254106
078688472X
1559704063
1578562627
0122834852
0262061597
0231086059
0571192815
0028604067
0312206399
0786889934
0140255621
0816039755
0553074474
1850281629
0671023195
006019426X
006018745X
0471215449
0375405062
0440402964
0522846297
0140054790
0914918214
0914918206
0465086322
0785100253
0802116728
0841914214
1559722118
0446403474
0345371038
0380826445
0802068618
0673399087
0316360872
0862787157
0823053210
0671229257
0131865781
0687007720
0679745092
0030157188
1570980667
0860684954
1578630231
1591292573
0764516779
0789702673
0201357445
0764586793
0688220193
0399125930
1551052768
0441002293
0943409004
0916360016
0192839357
0801433991
0374524610
0942061780
0671036696
0375502459
0380006847
0679435336
0809244160
0963023802
0851157394
1566890136
0004709950
0449210340
1876268360
0881845442
074341599X
0595220452
1569244405
0679030107
0843946997
0786706554
0156551535
0525946640
0316802506
0396066410
0061092959
0324003374
0810160064
1874744408
0006550878
0253210909
0873522923
0521478812
0875964087
0875962793
0898627451
0412087715
0130991597
0500241279
1550221213
039432661X
0804106428
0425163814
0553570447
0553269143
0421726806
0421726903
0421726601
0421767502
0631208038
0609808931
0822013584
1890208795
1558284362
0919951309
0761516158
0761506780
0821210920
0122497104
000628003X
1582432546
0471839337
0895262924
1566251702
0385474091
1577660986
0787960136
093557641X
0786883995
0710509308
0962188301
0803690088
0306444690
0789410699
0375403175
0786708522
1565847318
0834803224
0967469783
0688075983
0451145666
0810944820
0385189494
0670803871
047111944X
0821762974
0385022875
0618251421
0312288069
0812929624
0316303089
1568493347
0312969511
0590568671
0449218988
0446360813
0521437555
0060155663
0747554498
0753158604
0451403037
156282385X
0385263953
067000037X
0394826116
0385153821
1566397049
013091830X
4770017537
1592240259
0812576314
0486406571
0425175502
0061004979
0671471619
0385496125
0770420583
0425194337
0415906504
0787969044
038524293X
1565302192
0866050108
158314174X
0061043117
1580970044
0006514952
0345320298
0972289305
082307630X
0091897858
0440234654
0688144500
1890208779
1568581203
0691020752
1576752828
0061816833
0841913404
0671034952
0064409058
0393954765
041591471X
0299155641
0061315451
0521389682
155138020X
0688044026
1853980145
0375401482
0916515362
0673521273
0673155277
0672319934
068806843X
1564781755
1402201958
1877864145
0892967765
0759690065
0231072511
0192158996
0385474083
1579620469
0385062133
0312095457
089410392X
1572315482
1556156766
0135417643
0679005080
0345375254
0836268318
0375702601
0732264480
0136174248
8090217192
0570071291
0806633417
0696046555
1888363495
0671505041
039470178X
1565924010
0385506406
156718264X
0887309895
1586632051
1886228558
0345344316
0936625392
0943358264
0886777224
0375402098
1841764469
0226468046
0801436508
0256246408
0138975213
0792279433
0571211674
0609809601
0375762183
0967967104
1562802518
0399522034
0913543810
0679724451
006055424X
0684849267
1586601121
0802134513
1571430458
0500092524
1883955211
0446679100
0201489783
0575073616
0345402367
0471352292
0802035205
0070443726
0791443345
069001029X
0425160548
0500200505
0500202605
0816628734
0335192149
0804729646
0192842005
0595210473
0253212731
0914918265
0688172229
0140266267
1559720344
0316105171
0820409472
1863253866
0814747337
0821736949
076454280X
1565049632
0192836528
0375724818
0385032927
0803820194
1853995223
0198603630
0130308013
0571169546
0613295803
039474327X
0877455031
0028630599
0800632818
0195059204
0679722548
0691102279
074560501X
0425183599
086819655X
0805066608
0670838683
1403325200
0937175110
0596000324
1893115267
0679444548
0806507152
0892818670
0373642342
0964204703
0801044081
156947351X
0440218756
0395510961
0375405011
033390365X
0719557291
0807014079
0394721977
0192831070
0747241139
0192818074
0027615618
1583220151
1861002718
0517093391
0340670932
0806509163
0878559078
1585744247
0195080343
0310704839
0130115827
1556233981
0684800624
0451204026
0679001956
0060592141
082760369X
0767904109
0553051105
0806511699
0130263125
0394574214
0679756868
0140447237
0314028331
0295971436
091514560X
0198715110
0789718235
1931513309
0719052092
0890878366
0801984963
053417616X
0075536528
0393300471
0471443727
0743403592
1592799531
047080033X
0895772205
0724801871
0879013117
0395657814
050020232X
1566046750
0743403894
0517884542
0802712975
0385133685
0140154116
076422221X
1578565774
0528814265
0323003109
0132043890
0804722587
0226468011
0672306204
0671701851
1858285348
0807843741
0395489679
0395906083
0822009943
0822009587
0764586025
0822002426
0963595318
0792452348
1896332005
0395586801
1569553068
0393048934
1400040507
0375431500
0806971320
8408021915
1853994847
0679427791
0140296549
0316598305
1566192714
0500974829
0130109878
0813391482
0192832131
0701136219
0856320811
0747231931
1413713238
0802006671
0830655018
0061063754
0806524138
0385473532
0960087621
0714832472
0226011135
034541246X
0786863307
0872014886
0609808672
0954100603
1568581696
1893115844
089608521X
0681008105
0446514810
0684189291
0394716965
1556591985
0743449541
0312167075
1577944445
0060984244
0375703314
084394627X
1572592079
0316150177
0394503686
0394172116
0226042758
0465047297
0070374538
0679415211
156440014X
0877848564
1881659410
0399135669
055348592X
0345330382
1878580213
0385501544
1887299173
0062732110
0764516434
0199254370
0345343301
0399527443
0131762494
0670839434
0679749063
1590889940
0671757113
0300051743
0679025057
0340857854
0141186984
0887308171
076456613X
0534533930
0804115516
156138657X
0763714224
0028633083
0060916524
0060193174
0306803070
0743528344
0765302713
0449906450
0671605968
0679602453
0689118155
0155722778
0806961619
1892295245
0764530798
0312851685
1857020804
0441142273
1841151203
1874061580
1897580592
0415094038
027302342X
0006551785
0801845882
0446512206
0201547996
0399142800
0673523896
0028636392
1586634127
0395945569
1885173555
1566863139
0486411435
0385149115
156884378X
0743229320
0700603433
0771033419
0771033400
0385483821
0936839252
0452278597
0394745450
0393900576
0452277884
0793168201
081661251X
0809318059
0811819043
0571151795
1571458700
0192827375
0028629051
0141439653
0553291866
0029082404
0802140165
0201696428
0201884488
0553104934
0201544229
0393317331
0141185570
1564782980
0394589335
1591297192
0910309191
0198775024
0312061900
0205156207
039472657X
0195056892
0452283515
0374523495
0674306899
0687069831
0130978663
0930741471
0394565010
0671518984
1557730067
1592220053
0833569228
0892814136
0789402114
0771092261
0310269202
1404304975
0821755757
0744582326
0140772847
0881333638
0963477617
1893361861
0471479691
1559501065
0393307840
1843336235
0689857756
0312267118
0312277083
0802776167
0262610418
0671644718
0140261028
0671627082
0553232401
0028633121
0334024765
0061073482
0452272742
0671024949
0789480344
0764552023
0151402167
0399141278
1559210559
0397320892
048620104X
0060937254
0837183391
0806131969
0870447165
0811724468
0671663941
0521389992
0553072366
0525931392
0471610313
0534203647
1566631955
074323815X
0735606315
0379005247
0393966453
1852278099
0970559100
0256106525
0394702956
0440179807
0517565994
0590318977
0786400269
0805784519
0811209512
1571690972
157610236X
0195006844
0844283916
0764555030
0553587692
0393308251
0595215092
0752843761
0966329279
0140261230
0345466837
020157053X
1400030757
1555972586
0930289285
0801863384
0307701026
0767413474
0471031348
074325211X
0517571064
1886070156
0811725634
0822004437
0521316898
0198504039
0312275617
0674003934
0849302056
0853318093
0870704605
0874518393
0750652004
1898507600
0252064356
0446512346
0863563325
1566042860
0631175059
073851893X
0134916484
0534168124
0534172202
0314896880
0894710729
1558513884
0679506268
0226898555
0821224581
1558610634
1571451870
184188040X
1884718264
0394587669
0764585851
0312874405
0030624517
0192834908
0500276455
0771066279
0802711502
0888620217
1550223933
1582381607
0553349961
0275227502
0435900668
0812927427
0817303987
0226901300
0380609703
0396082181
0520234383
0671519123
0785270523
087842055X
087842170X
0878422021
0764228218
0521292719
080490068X
0451625560
067189823X
1580629334
000713472X
0965681173
188609411X
0679033955
0874776309
0262561093
0060199032
0764550934
0029121507
0921627998
0801856620
014044730X
0385244886
0385286465
0465043097
076455123X
1861591675
1894622332
0060934646
0375726721
0399522387
0764315161
0345404289
0894869930
0880014385
0306809214
0802116620
0340624493
0821719653
1559343796
0803950284
003018682X
0136174329
0679725148
0875423574
0028633784
0525933476
0312077858
0590202987
0781809053
1560253797
1581801661
0743400216
0373614810
0671249738
0684836289
0786001968
0890871655
0130600342
0521429064
0060168277
0195128737
0198600127
0198602197
0201050927
0262161125
0375700242
0521466490
0688089801
0764516892
0764524488
0786404523
0789455846
081603351X
1885254687
0195042425
059509399X
030680963X
0205321763
0834217449
0870701339
0671876317
0553487558
0743491998
0061013307
086232341X
0944031595
0471975990
0135142415
0316189529
0312253133
0679434542
0312966350
0764552309
0698118774
0517575124
0804821070
0465044530
0140251464
0460874500
0133499529
0471536725
0130471771
0813388880
0072855576
0471141038
0894649183
0517357682
0806518685
1570281882
0131421743
0802137970
0072289538
0132306328
0517564009
0717271684
0895773511
0962526649
1885223250
0133135608
0312076894
0070442673
0394747658
055334949x
0836221680
1400051045
1899694056
0064603016
0300047347
0517883996
0582050707
1575668955
0966689402
0195124820
158297182X
0425170446
1592000681
007063727X
0811214249
0743400127
157283000X
0451458567
0671242482
0075546124
0500203547
0874473543
0749933836
0803267134
0803990766
0809074605
0874517877
0385489803
0515061336
0137904290
0060924020
0151699410
068480218X
0966512804
1887128336
0671655957
0671709550
0966611705
0964718731
087745437X
186046789X
0072296003
0395357462
0470000465
1551921987
1551922606
0130830089
1566631920
0231072600
0834801175
0870113216
1575001543
0852745133
0155017500
0395928958
0609604619
0764564382
0231110332
0375700374
0875422640
082176537X
0340738642
0745933831
0201357534
156097589X
0399527435
0071135642
076455204X
0805385355
0553257765
1874166633
157062917X

=== COMPUTER_SCIENCE ===
0671867156
0553347594
0671004573
1878424319
0312965745
080521061X
1884777805
0152162445
0521427150
0688048730
0425161722
0141001771
0451191153
0671004565
0671042262
0060192305
1587991039
0743456866
0060170441
076790396X
1585420611
0380570009
0451457374
0451458397
0425143325
0060987049
0684841347
1567310265
0609807919
0553265415
0142002267
0786869216
0312199430
0679722645
0471415804
0596000987
0134843460
0385319932
0152009604
0553579835
1573245038
0380776324
0875422462
0767901649
0671725254
0061098736
0060969911
0440504708
0345456939
013029442X
0061098035
0201741644
081673416X
3540587101
1565922093
1932047247
0440224853
0471407380
0671027662
0609608096
0399149783
0345354621
0066620732
0399526609
0375724389
0684835959
0553104039
038532748X
006001203X
0373262736
0785270442
0782124526
0786884274
0449211525
0061091464
0449002594
0671631985
0684810395
0821762532
0596005059
0735619255
0440153166
0553081209
0312312261
0375758232
0439386012
0679455884
0743427440
0743400453
0786862564
1858282160
157322930X
0813339022
0813526507
1932100024
0671769669
0452285062
0553577379
0135113385
0684848120
0452272041
0679600442
0201877589
0764551280
1568849168
0679866655
0672315610
0451192575
1591824141
0452278384
0425114686
0394546415
1588800296
0385172419
0451210972
0449911721
0380727293
1585420093
0671537628
0425165701
0446523364
0201626098
0312982518
0722535724
1841955485
0670894710
0830732586
0812502124
0449000265
0385508603
1893910245
0688161162
0192800493
0671027441
1565928431
0596000588
1565926994
0835605728
0061097195
0071414975
1400047064
0886779200
0553204769
0671622358
0786011661
0871318903
0767906993
0764501801
0914913360
0375726012
0449215261
0582292190
0945397542
0671000721
0449218228
0140083049
0517574985
0553066684
0743230191
0688067700
0679722181
0553255282
044020867X
0849939372
0440170796
0789429624
0006386369
0929523288
034537536X
0866835024
0782122221
078212223X
0782122213
081293217X
0821771450
0465015328
0440505941
1565926161
0471213020
0596003846
0684803534
080757516X
0764506765
0752221892
1565924878
1565922204
0812570936
078688262X
0312987846
1591822084
1931514461
0446519766
0395470439
0553374524
0310209161
0553122061
1558172831
0312926146
0671431056
0451162897
0380733358
0312854285
0762409053
1568304706
0471318590
0688123163
0425179230
0671010514
0140243518
0002242591
0451180062
0446514977
0812544412
0312964943
0553574752
0767901746
0345444728
1555611753
0399132708
076450407X
0192833375
0735612773
0804817197
1852307897
0440184886
0802732984
0061056022
0812575040
0596003323
0425188132
0345440633
1863510397
0140240233
0312141173
0671682245
1931847029
0553353284
0892561084
0446673145
0921714483
0394588320
0634020463
0312315228
0399138714
0375406840
030745407X
0061094757
0448095513
0767913841
0670843288
1573221376
074322650X
0671738690
0886878276
0804117942
0060177861
0888990480
0380792923
0345304985
0201709147
0785271422
0751501255
0679769439
0517599228
0312270739
0765341093
1559583673
0205126693
076451640X
0553214500
0060168382
0375725601
0517708612
0691037639
0385495315
073560505X
0553252461
0875962955
087983966X
0764502611
0789439964
0133262243
0553353489
067173914X
0553287141
0440212200
0684854503
0804119708
0471850454
0684815958
0762188618
0688166350
0312311389
1563053187
0465087604
0151567956
0066209234
0399550003
0684813556
0451204603
0673384772
0789473631
0451180100
0767917413
0205143466
0140257314
002037500X
0142000949
0812928407
1879102463
0804115486
0380794934
0553201565
0966942604
020135358X
1565925157
1590770021
0552142131
0375500901
0442003668
1565921232
0130819336
0130661902
0446529400
026210069X
0743200799
1850328471
0452271126
0452266394
0553370901
1566194024
076453310X
0786862726
0671782231
0688161480
0316829358
0130342653
0805026584
0805026568
0814158692
0130127310
0764500481
0060933267
1853266817
0140157654
0679736522
0553340670
0425169294
0471572918
0345340892
0345431707
0672314983
0425180883
0671877739
0521633982
0201422891
0465029906
0486280411
0553249835
0684863170
0806516674
156592262X
1565927087
1565923227
0440218632
1885477112
0671791540
1565925122
1568849443
0964809400
1576101029
0932633439
0804104999
0804116733
1879102919
0812928377
0385495404
0894718533
031210409X
031285918X
0312199066
0425179877
0525945717
0920159869
0671880748
0764504525
0385316860
1558506152
0452270502
0715309463
0688050999
0380752867
0735611319
0451166817
0771068069
0373511841
0380786044
0201357569
0764547003
1575213931
0764508121
0425134075
0140070400
1560986077
0697062023
0679733558
0761532552
0671781391
0028604156
0679456589
0789700778
0066620724
0671036556
0345381483
0385244592
0201122197
0071396748
0061011908
0873225538
0609605801
0465042252
0070576181
013121831X
0805067744
0670843318
1575210398
0312959974
0553281372
0672308401
0671690302
0684853787
0440226732
0380796252
0764501879
0786861606
0671688782
0786882069
0679447156
0716736373
0966288904
0130856401
0446364959
0373510276
0894808281
0425175014
0446524174
0743227107
068487136X
0446607606
1579546463
0767913302
006621288X
0674824261
0375707859
1568303653
0785807217
0805063463
0786005858
1400031176
0735605947
1572318937
0735605580
0136386776
0782124690
0965106942
0142002488
0786860782
1575210304
1565610393
0375407545
0060507888
0672313626
0020790317
0425167097
044651716X
0684818523
0446677760
0380976501
1576730387
1573221856
0064409945
0786881348
0689839693
0471348147
0373614624
0684833735
1561632791
007881796X
0345402812
0060391480
1583142150
0517702967
0765340151
0670889199
0316911488
0767902068
0373613776
159113112X
0679444920
068485449X
0140062122
0312984529
0860206858
067977260X
1842321331
0304356433
1568841701
0812568710
0345441338
0822508931
0440404983
051513712X
0874777941
0425062651
0865714010
1879102056
0380800233
0517162008
0345377559
0871161575
0440212227
0764550896
0060194839
0553233963
1884910289
0743213165
0451411102
0307118150
0553283316
0061098825
0609607472
0671868837
0896087107
1568846355
0764508075
078971406X
0684810794
0066620503
0312961677
0517598817
0590456083
087477876X
0590435736
006105769X
0072123834
0735612846
0735616361
1581121717
1878143018
0966810465
0671739891
0060964812
037550124X
0312147082
1565298667
0471133337
0849910579
0735712018
0804110387
0380977826
0684847930
0786006382
0688015395
0310501407
156205791X
0425116166
0345409035
0425110605
067231133X
1400300533
0345428188
0764547569
1861000863
0672321289
0446604739
1579544371
0385170122
0697235920
0060530286
1551664208
0898791383
0786004444
0786003898
0915132664
0673461750
0688082742
0060191279
0446353442
0060598387
0310201152
0156010623
1561706388
068484124X
0471297135
1566091713
0679449132
0201876744
055338077X
0743455827
0671880160
0385314450
1575660792
0786011157
0399149805
048629823X
0688165001
0877227632
1565925874
0764507818
0764506048
0140291938
0449902242
0684854384
0767902076
0345435346
0764503316
0966519507
0691017859
157954486X
0471109797
1583331336
0761523065
0520073738
0898799457
0596002653
0672317842
0743456815
0471133264
0449003124
0805210172
006009351X
1560983841
156592455X
0132036703
1558284060
1565921976
0471153257
0764508393
0802733328
075152011X
0451527100
0740706152
0409906484
0670858382
0786004371
0722540434
067400194X
0345346297
0060977604
0688142966
0446524077
0517886375
0871135248
0385298749
0385298730
0446602604
041514258X
0764501208
156305664X
1879639815
0449224155
0933478208
1565293053
0471598208
0201489988
1562055593
1566046866
1565924258
076153475X
0669238813
0130895717
0672310678
0451450647
006106453X
0394510240
0609610570
0767901762
0345462270
0091831040
0373650345
0373650310
0316051675
141406716X
0060393920
0375422021
0226320669
0813519926
014044131X
037571328X
0814403484
089793217X
0449003612
0684840006
076152729X
0922915563
0131003550
0205174507
1579547141
0195218337
0671040898
0380974150
1558284036
0767417011
1889140139
0671003933
0446607703
0316339113
0126246602
0553290029
0963887505
087113604X
0842358048
0066209242
006019409X
0425189457
0062514792
0072311908
0673596435
006103083X
1852425849
0060510234
0380799510
0531043517
0060255161
0060174919
840804088X
078972829X
0380718510
0060405821
0789455315
0764560425
0966994922
0735710732
0761529055
0425173291
1567315151
0887305946
0767904583
1558285520
0789722399
0895261308
0688037879
1401902316
1585420158
0814471994
0241131448
1862872279
1862871450
0963630407
1864487046
0803955405
0521254779
0333984684
0521576296
0882669133
0619131209
0801512492
0385335040
0451166477
044022702X
045121157X
0942637763
0060932155
0553380419
0688115632
0671700715
0345443055
0060163631
0072131403
0375702784
0060930004
0446359173
0399144617
0811817962
1566090210
1885223064
0764507354
0764508938
0452273331
0679428879
0393306550
1577311825
0064637344
0684842718
0201791684
0307070034
0743226747
0672317788
0849975824
1562763008
0078823676
0153321768
039592474X
0140267646
0553110144
0786884878
0670865303
1887896325
0740738593
0965296601
1556431082
0060195851
0916583384
0345330374
1569246130
0471346462
0425159027
0743412850
0451167767
0471595497
0553211900
1550546740
0700611568
0201115190
0486247619
0201734303
0805025197
0609600354
0394579151
0517706792
078972331X
0789722402
0380795027
0451200500
0809254786
0809281090
0684844044
1556154844
1568842309
1568841639
0471178411
0201192462
1568383657
0735609713
0380837749
0152012419
0062514539
0802425496
0679739300
1579542417
0684846195
0534365825
078795019X
0761504451
0875421830
0060391669
0874778212
0801839092
0805072535
0446601292
0312518633
0425103455
0061057088
0143000225
0760049238
061901590X
0072127066
0875423655
0385417373
0062503790
0969168705
1557737436
0316360074
0789724057
034542722X
0804108811
0670875430
1558531076
0446531782
1886801010
0679406956
0201700468
0201615762
007212606X
0596003366
087113229X
0826409121
0262520850
0122635906
1558605827
0316841102
0887800726
1578565480
042518899X
0385499035
0449149161
1588250059
0399142436
1565927591
0060987073
0782121241
0399151478
0880292776
0767913396
0452011590
055307301X
0399517278
1555835562
0767909089
0440147301
0813027187
0395809770
0619016256
0070379904
0028619404
0141184183
0262680025
3775791213
0072131586
0764504797
1576104117
0425189090
0440205093
1555620302
076791340X
1592850812
0425188566
0020322305
0452273803
1550224743
0394172272
0061013382
0672310732
0138430799
0672304996
0449215628
0131749137
0201709007
015584072X
157231608X
0684823691
038080493X
0844222976
0142001473
1575210878
1571690417
0671734253
0345298675
0345354281
0879837462
0821773674
0684836149
0884197190
0553380265
0684813025
0595297633
0887309534
1582344477
0425178099
0399140654
007881653X
0764504649
006097298X
0743225996
0671876082
0596001290
1563524228
0142002240
0714829080
0538686553
073520019X
0471208752
0140168893
157231365X
0671666320
0671673114
0553380834
0842329749
0201066726
0672311623
0446520675
0310412315
0310224330
0806315466
1575210096
0078210585
0763803286
0689713916
1555703984
0880222395
0671694200
0965887006
1566090520
0782114180
080075672X
0471119784
0751523925
155105096X
0786709286
0380751925
0201612712
0764505963
0201440997
0030225140
157521069X
0380707748
032111583X
1879505622
0895297698
0136033334
0393030431
0764305328
096459577X
0590416820
0895773899
0735611661
1565924665
0380798298
0802136842
0201484048
083064427X
0446314080
0764516698
076450830X
0131001051
0764516817
0764526472
0764508571
0877958289
0393037142
0345367871
080411675X
0804116741
0804116768
0505522233
020165895X
0201354705
0760010706
076450388X
0764508350
0735619484
0840796226
0805027580
0192852728
0805071822
0764551922
0440508363
0385233655
1562765116
0136309062
0300025963
0931917182
1576600750
0553353500
0809244934
0323026931
0684826178
0397009488
0670840785
0671778129
0930031644
0312181345
0312964536
0133989429
0789722283
0805072411
0385496362
0609605445
0679457658
0312265689
0062548603
0375829784
0448431637
0448431629
0060981032
0130568708
0345356225
0201510596
0471615145
0140063404
1558500103
0892724765
089272398X
0803268742
0131829939
047139145X
0516203347
0590187317
0672319772
1570754438
0072125705
0553096095
1567314848
067162086X
067174349X
0671875809
0876055390
0394575652
0684868636
038072586X
0738200123
1931412154
0393974375
189077412X
0201657961
0201710919
1893115976
1556159005
0782122833
0764535420
0735605173
0789724499
0596000480
0072193271
0071342559
1884777996
0735612730
0735612420
0399150714
0812530063
0380814889
0563537434
0113100566
0446362999
0072119551
0072120789
0805321667
0486243427
1929685025
0201514591
0201407213
047133345X
1568303521
0672314231
0375713913
0811210030
0440219620
1579544592
0688157882
0878053484
0782119565
1558501371
0071362681
0553574272
0812571363
0312904436
0553344269
0887307698
0830643346
0425166864
0373037309
0672305410
055310344X
006109627X
0887430244
0848703596
1898507414
0471144266
0505524821
0743490355
0553370618
013001687X
0133016722
0679871403
0764505815
0446514322
088001654X
0671734261
0517888521
0789701464
0802821197
0534230822
0840796412
0764532170
0596000030
1556155557
0571168132
0333918975
078214201X
0914845683
0764517600
0735613826
0782127258
0672315645
0130213438
0764502913
0764580485
0672310090
0764502905
081541028X
0785808736
1592220096
0471115223
0130804614
067230872X
0471165182
0135657636
0201379279
0471247650
0201854910
0743413296
0060159987
0671225367
0672319896
0312420927
0672320304
1551924021
0451165241
1931841314
0380755475
0887306985
0521422566
0895297132
1883577039
188357708X
1878739182
1878739379
0684826755
0373250703
1590581326
0060598891
0765307170
0812967097
0070691967
1594141878
0684864045
0743250532
1579546986
1567512062
1594141045
1579548326
0743477251
0131015141
0619035633
076005018X
0072500956
0137994532
0619016000
1572313226
0072225599
0619063017
0789501953
0805375651
0061053147
0789711427
0672308169
0534520065
0312304137
0312304145
0765303930
0756401283
1575664216
0786243295
0684862867
075640021X
0765302896
0312290276
0312283059
0449148734
0451458796
0399134697
1558605584
0764543814
0201657880
0471117099
020163354X
156592567X
0131411551
0201633469
0020583516
0060198516
1590580044
0451163672
0399133240
0312282680
0749917121
0684847973
0312278683
0446675628
088289126X
0553571397
0471163503
0375422013
0060536675
0679781404
0821747487
0971933413
0609802240
0060930993
0888947224
0825625785
0312262795
1578632005
0553571990
0130962686
0060952415
0915828189
0743235266
0684862549
0575068434
0875426581
0891417001
0060110945
0967560500
0375758550
0553103474
0471191744
0887309143
0849325188
0130337196
0130669970
1555442153
1580252397
0340751118
0060932910
0751529532
0060532491
1568847858
0789715295
0070079153
0875965016
0316734896
0877286361
0671445588
0789454157
1571691316
0789453916
0834801140
0201354772
0735710236
0696217260
0764534750
044084598X
0596000162
1557661979
0689819331
0553582437
0805066314
0895865599
1576853950
0761520139
0787953431
039331510X
1565922476
067232542X
0782114199
1584450517
1883272912
0030706998
0140241469
0929701712
0070674531
0195135830
0553111442
0786886722
0915658119
0152163530
0671793098
0840790538
0312198876
0030238110
0575600527
1562432338
0672311631
1575210479
0679791477
1575212242
1575212870
158851787X
0782119735
0135197295
0553345567
0764505947
0821723030
0060565497
0425142957
0312114362
0671000675
0440222451
0006161529
0671246925
0679747567
0440187044
0306456273
0972060529
0060160616
0060912553
0736412360
0679722963
0684862557
0517882019
1565921526
1565925823
013937681X
1565925165
1565926218
1576104699
0201549794
0201563185
0596000855
1565925254
1565924649
0135289106
0670804940
1566861020
1561632902
0812991516
089296684X
026213215X
0394719565
0394571649
0023885815
0312962843
032119375X
0875303129
0966069803
0805945903
0761131787
1556155956
1562053698
8466302956
0345306406
1932100083
1889968536
032412080X
0722540213
0395353513
081299180X
0393322297
087477375X
1575668696
0060959584
0471435961
1579547087
0884271536
0399511814
087364574X
0812968875
097122062X
0590059939
1928994075
0078814219
0805331409
0672318636
073886112X
0671871579
1879505150
0671646885
0964129299
0226038645
0440509017
0671247042
0071383018
0962713821
0553268864
0471376809
0785283145
0452262542
0373512147
0915811162
0375412395
0061080128
0316279013
0375505660
0312187777
0385488580
0130104701
0743200233
0878055878
0684830353
0375415165
1400031214
0764503707
0446347248
1879102625
1558601910
0789429640
1583224947
0931510805
0072441070
158880058X
0380803119
038073009X
0385419732
0312866593
060960595X
0309084733
0874778247
1858051649
0335211291
1842226738
0679603298
0440118387
0026128101
0831760826
0764550055
0830633820
0471032042
0871131706
037575783X
0679602860
1567314503
0471183334
0688149596
044652770X
0736044698
0385479441
0553373692
0764501224
1568842236
1570900094
0072121432
0596002971
2831508363
1556155514
0446346748
0130486299
0072124903
0963761188
0570046556
0130194697
0881848123
0262161702
0875428681
0201793040
0525944591
0064473724
0195068122
1403324301
0446311901
1565922182
1558515690
1578261066
1565924266
1565924347
0375756531
1565922697
1565923383
1565925203
1874416508
0399137343
0553272799
0871874857
1572318546
1562054503
0782119697
0471125695
0812015568
1557553262
0782126057
1565922662
1565923928
1565920988
0679747672
1565923790
1565920015
1565923146
1565922972
1565925297
1565922360
0882292714
0399515623
0452262038
188357725X
0789711184
0440177618
0201570904
0894354655
0802837131
0884271706
0515045349
0515053694
0782129188
0451170911
0375408231
0679742859
1559349417
0870404210
0895262797
0130304646
0130094048
0130207489
0553371959
0609806521
1403356742
0534119581
0312113870
031209390X
1575213362
0132874261
067975945X
0515089842
0375403256
0743467175
0688126693
0898622026
0764104322
0786887117
0140130470
0887308872
0747566143
0804119309
047114276X
0609602500
0915811561
0345429206
0399144625
087581414X
0672315165
0771088310
0789706814
078970210X
0060505389
1572313234
1571691588
0672318814
0672314835
0963277308
0936070250
0596001606
0517571951
0684855755
0515091782
0688155731
0525937730
1565297210
0801662842
0006366023
0207180148
0894862030
0764503251
0688012264
0789700735
192946245X
0525945601
0965510999
0553801457
0805313192
076450570X
0070393907
0962923001
078970269X
0789708760
0684197006
0671545086
0452011019
0745315321
0789724243
0789721937
0517700506
1558537546
0809447002
0446523194
0898621798
0764502239
1580762557
0126400601
1591292069
0764501321
0789718529
0789714523
1572313242
0072127511
0764547992
076450049X
0672312980
184115346X
156884915X
1878058789
089281764X
0764534963
0596000103
0786882980
0387026207
1562055577
188413355X
047139470X
0321159462
0735710791
0130215155
0393307328
0812924789
0425112675
0764508946
0878576088
0932727891
0684869985
0062503227
0471130885
0671846515
0300074344
0898620198
0835607518
1586481797
4770024029
0385183534
0934426953
0609801945
0440582253
0072193638
0764505246
1893007162
1572970855
0553445170
0875963986
0553061739
0912333472
0807077143
0517374838
0782117643
0345342321
0306460084
0887309925
0399148523
0395708958
1557040621
0804820724
034068836X
0764506927
0672313251
0789709864
0764534084
0672325152
0879515295
0764536575
0764508180
0140159932
0887309526
067231603X
0887305873
0486250237
0782140181
0609606905
157231995X
0595125069
0684833484
0553289373
1559587393
1400063272
0761505814
0451148452
0132323311
0425077578
0395701112
0449215199
047152543X
0944708226
0471525871
0440538416
0061031763
0743405986
0840791720
0876059701
0316829617
0345419014
0312974760
0874348676
0865050201
0385482442
1581342012
1888869054
1584230703
0060198389
0067575110
0830676643
0679446656
1885173369
0060008881
0373293186
0120585251
1556158920
0330281305
1556158661
0078819482
9812101497
006109403X
0380817306
0060548231
0380714590
158660306X
8433966626
1861000766
0471048852
0006481604
185967139X
1903450063
020172152X
0971116210
1568302290
1401200508
1563671077
0767908848
0393302288
0471852694
0385187718
0789722062
0735606838
1585710652
087516000X
0735202729
0525947892
0912158719
0079131077
0130308978
0619064609
0619064587
0060736038
0619015233
0321149459
0471492779
0534376681
0201741725
080398846X
0312972091
0142300950
0060006250
0872863379
0553572229
0917849221
0786707127
0240800478
087709411X
0316172847
1561580619
1550548611
1572319011
0782125727
0385477880
0735713243
0596000413
2831577403
0023860103
1840460989
1568846967
0440038359
0553801910
0312966822
0915132370
0688165591
0878579117
1570624704
0471614831
0844234958
0471128457
0140086943
1892145154
0596000197
1590030133
0758201842
0517704153
0553273345
0155072951
0812930290
0860206831
0471236101
0425156648
0471287083
0471250414
0874847400
0760035318
0130482684
0314042369
0672310708
0471175757
0764533568
1568380550
0385133715
0684849631
0782128629
1862072574
0671041703
1861006926
0471496693
1561583774
0743437713
0140268189
0312975910
1556344139
0764506730
0786884665
0385503997
076006069X
0881847852
0130166294
0521650240
0226791548
1568303807
0061030481
0674154215
0380791331
013473257X
0873226917
0743223586
0471618764
0670882178
0672317737
1565920058
0812571355
0671537636
0671698036
1586851721
1892016001
0764516647
0312687982
0743256123
0060961538
0785266976
0743201140
0385319428
0762104198
0813108160
0840732201
1857023234
0140137947
0672315491
0072228970
1566396204
0963234560
0803287380
0764504355
087156596X
0899306217
0553288229
0394586131
1558282998
1571458018
0441854575
1557252076
0201576538
0393005399
0449903486
0201616467
0201707209
0374524246
1562760548
1565294394
0201419750
0764500449
1566047501
1565927052
0137456212
1590590082
1572313730
0451124308
0802425658
0825615135
156884090X
0471043281
0135839149
0442247389
0070464553
007881524X
0131392476
0062517155
0895821915
0446364428
0385318944
0534368018
0072120479
0137483287
0671545094
1565920422
0471373990
0374520216
0312952562
0060913908
0415025532
0764500961
0072481765
156830269X
0789708094
0789708159
1572315652
0735700214
1562764780
156276408X
0782120571
1562763970
0877730598
0689869843
0070230625
0201353822
0809232650
1558603972
0131243225
0672306506
0078820146
0201608669
0130310638
0132279681
0399143114
1565300084
0440504449
0130206296
0201707101
0672319241
0072121033
1565923618
0471608572
0201142015
1565920023
0130206784
0937175870
0136406734
0131766945
1558602194
0201309785
0134436318
0122090659
0131115510
0131496425
0122513363
0130981389
0201548550
0471616842
0136302459
0789713454
1576101584
0136142311
0452266556
0877851298
0877851794
0451128028
0451628462
087584863X
0078824915
0078824931
1556238096
0735712379
0684841487
0764505238
0875846513
0844232327
1565924622
0201114348
0078821061
0137960794
0201403803
047132888X
0471253839
0132557460
0471327611
0471180041
0471153370
0471569607
0471163104
0471251941
0471127442
013680604X
0471298085
0471197335
0135343550
0070062722
0201175193
0201964252
1565921429
0789717999
0201432986
0345429230
0312141637
0735709211
0689819242
0890661634
0789718413
0718304306
0385413688
1586482114
8478882529
0136879144
0782119743
0345324315
0553379453
1568849176
0140135006
1559635940
0520202503
1883697867
1858687543
0310225698
0072489103
0131855964
0393320782
0072354259
0764500651
087044574X
1578701376
069108484X
0201883988
0875961614
0804108439
0553354116
0590472305
1556159056
0312315236
0060155035
0673523357
0253366038
0385174101
0471027294
1579542360
0761529632
0062514822
0062516051
0553267833
0743434722
0078823935
0750609419
0521359252
0671559702
0471155535
0672306700
1565296672
0789716410
0345303520
096662727X
0911781099
082174495X
1401900135
0465029973
0805377247
0689808534
0814908160
0192880934
0060182814
0684849968
0201517973
015507136X
1862044554
0782128270
0130206016
0596001975
193011043X
0596001703
0553351494
0670867217
039457205X
0782121632
0875848656
0684856670
0835607631
0805062009
0764540742
0375727329
076450052X
0810937824
1853266981
0198577672
0814450229
0335098622
0201877120
0671428071
0684841460
0871563290
0312971826
0376017503
0060393351
158062569X
0553349708
0771043988
0060288906
067231892X
0764549308
1581801300
0764536435
0764530704
0938151681
0672319187
0807072435
0385172974
0743233239
0786005661
156276344X
0874414601
0771068050
0471357111
0897934016
0912517123
0688152023
0803928300
0393314324
0764504150
0789715236
0133033899
0671655930
076450097X
0679453091
0671773690
1572970928
0345443152
0062516957
0380813947
0764504215
1565921399
0314046100
0201571641
1575664038
1853754358
1567614922
007136479X
0874771366
0785275207
0449216160
0689802110
0446670081
0060916966
0226310531
0824807731
0878423621
0520201922
0764549073
0345465180
1558176802
0849909627
0764500546
0609603523
0764540750
0262691892
067100848X
046501822X
1588114376
0679736263
0671875353
0764504711
0060959177
0316940267
0060175982
0142002496
0735714258
1861005695
0596003137
0471395978
0321186532
0786904933
1558514945
0262691043
0395404487
0671530208
0387906525
1891696084
1861001525
078211413X
1559585463
0064635929
0072132728
0764530569
1565297261
0835902331
1842222414
013083808X
1903402867
0852954069
0735605939
1566047668
0312971796
1565299329
0078818427
0306808722
0070603634
0387985867
0807737283
078971812X
076684871X
0764501127
0766820106
1590592751
1590592565
1590592743
1590591062
156865894X
0195095391
0932633390
1564783219
002563920X
0553273728
0452273668
1579543413
0892966637
0892562285
0394584732
0767906535
0385489765
1582617635
1884910491
0205057578
047108588X
0201354357
0782111483
0609801597
0892361921
039473954X
1878067737
0373071310
0764534149
0812025091
0452275180
0380806037
0062736507
0821773798
1559345217
0520085841
0025465805
0345419987
0671867032
0142003506
0782119115
0528816012
0471358355
0071384898
1884956327
1893115941
0892436719
0553057685
0840755082
0878222340
0061008133
055326317X
007882494X
0672308002
0061054453
0439121981
1583331255
060960869X
0789712806
0138582424
0892966963
0898799104
1900131560
0078821770
155828494X
0789710285
0201565293
0131038052
0749200448
0534947409
0135399254
0131629263
0070488975
0446676780
0671881272
006103083x
089535134X
0813305497
0764547186
0962180300
0735710902
0596002114
0672313103
071483999X
0966986520
1405021101
0736037772
157169028X
0764508563
0736045430
1579542700
078971079X
0393318966
0135657555
1562057138
0079126405
0764546627
1565922298
0767901320
0941405443
0764502891
0130894680
0060738189
0764503502
066900491X
1929109083
0814453619
0887306292
0201758482
1572303034
0674156161
0028619587
0060195630
1565925378
0205309283
1566040841
158660757X
1556613903
0773521747
0345441346
156205791x
0195412087
0801433657
0805057579
0786863412
0735709971
0822549034
0785111484
0385494718
0671649582
1573223867
1552630048
1593270291
0782122485
0201112973
1858286557
0060012609
0872863328
0060927348
0771037066
0840715420
0130952494
0226474089
0471168963
0782126766
0471369764
1893115291
078971731X
0672318296
1568303408
0735607729
1861003293
0782124615
1886411182
0789721325
1576101746
078212528X
1556159021
0072118598
1558284915
1575212838
1576109178
1568840039
3822860557
0849936411
0671736000
1930110979
1590520572
0142180017
1570717737
0195016793
0877852472
0609805029
0811822508
0743459075
0070345317
0195544536
0764534246
0451172671
0072118458
0553354027
1928706215
0345363884
1400300525
0805039309
0441092705
0393703703
0879011343
0525242767
0809239930
0789440024
0889842426
0671635778
0596001576
0002245728
0380975858
0440162327
0006382991
1587541041
0295975962
0060930225
156830370X
0201658976
0672319004
0782125301
0782141110
0066620678
0130094021
0931988462
1569760942
0931988659
0471095931
0812013972
0534935133
1555603637
0155067370
1556151152
1556155468
0672305224
0596001320
1565924959
007882298X
157231818X
0764580221
0672301687
1569751129
0672273136
0735709106
0425127753
0877853797
0781733197
0842372024
1887494014
087484956X
0140239510
1565297253
1562760793
0827354118
083063553X
0803965133
0679429395
0070633495
0070676313
0135759021
0789457105
0789718510
0517704145
0912547014
0802757855
0802131042
047126394X
1580173675
0415903025
0028638670
0312983859
0765300605
1587150883
0803722672
0553285599
0451455584
0262511053
0136298419
0131238299
0201309599
0130313033
1558744762
1576735788
0764503723
0689862261
1553958225
0201703319
0813511097
0373292910
0553354590
0130869007
0201357437
0880704799
0345456696
0399512578
0138137676
0671790412
0553480715
1886411816
0879518774
0231113315
091110447X
0060987243
1410762157
0969822502
0764516809
0451204646
0029283752
0761128093
0743421973
0471247006
076791340x
0883639297
0743243102
0821777238
0312026420
0553239732
1565926811
0596004028
068816353X
1929925387
0070577951
0672324229
0671655450
020155805X
0060616296
0814100457
080707702X
0415040116
0740731653
0812567102
0525244425
1858684064
0066210658
044021968X
1857038312
0812933397
0300088981
1562828576
0060096578
0066213967
0789454114
0684832747
080699620X
0671747118
0070479844
0060196343
0449145484
0071412913
0670859133
0201547775
0465039138
0262560925
0195121236
0465001041
0671750437
0596004478
1577292715
157954021X
013442591X
047135614X
0764501372
1579540058
188364271X
1568848617
0937611484
0452279763
0807118036
0871317419
0764800892
0684020904
0137486251
0764508199
0764502697
0782140777
059600186X
0915811375
0966662318
0440506581
0452282772
1852332654
0064432289
0672315157
0735619050
1558513329
0842340351
0140260668
0465012361
0061000256
0071352015
0764506331
0761506411
185327089X
1562828398
1563527243
0871202433
081184305X
0886450691
0737016167
0674576241
0816618666
0887308090
067470777X
0671691961
0399140964
042506266X
0910050783
0201710404
0534563961
0590683616
0590683608
0373809387
0817454497
0789457113
0747542392
1570716307
0961565918
0553075861
0029291003
0840762070
0553346776
157673918X
0872077659
0060913088
0078823579
0345431464
0553564552
0672301504
0672304716
0672304732
067230483X
0672304899
0672305933
0672310147
0735608911
0782119727
0782122280
0791417808
0814477976
0873228286
1558512624
1558515607
1559211369
1565924827
1568843208
1569751544
1568846010
0133374866
015200081X
1575213966
1894413040
0672308851
0760011788
078972748X
1861004028
1852425873
0679746536
0393059421
076151290X
140190131X
0672316366
0072254327
0812016793
0671797484
0471576573
0823088103
0684855399
1888048085
0672316072
1565926056
0618439072
0596000154
0670030694
0307454002
042512309X
0060524383
1583145125
1568843224
1581152396
1861003110
0764542419
0965453561
087427138X
1568983220
3775709452
0880114517
0887309577
1863683682
0760049602
0505519046
0314852719
0448432129
0761508120
0671034960
043908721X
0140052666
3453187679
0446528099
0061043451
0471345342
0449004023
0915684942
0062507168
0070096317
0136864945
0140469303
0195417313
0385242972
0395661145
0802132103
096345689X
055344509X
0307234576
076450648X
0894865382
0945276125
0765301563
0803696051
0553257366
013327974X
0838451705
0312130899
0679740279
0679412786
0871201089
1863734856
0782126251
0060929707
1558604286
1879181630
0027614204
0449907716
0671610880
0786866071
0891346864
0399516387
020155089X
0684853108
0071346988
0789717433
0789719037
0672303957
0078821789
1568846460
0380821176
0380756684
044011683X
0697069184
0812931459
0830411445
0451455266
0201634511
156592262x
0813334047
0933662858
1555716237
1572318163
0811213641
1570361673
0689862202
0446520500
0528880594
0553378716
0884045889
0895883627
0812928512
0195037537
019506402X
0385417748
0761505911
0761517111
0764537598
0764538810
0813523583
0884150879
1556709307
1559585730
0140275665
0486227510
0306803208
0399138668
0451208625
1562764047
0517706172
188717849X
4770017014
0739408321
0785271376
0553347101
0672322560
0130109223
1558285636
0201578395
0060194375
0393035670
0764507036
0746009844
0746023294
1557552754
0609803697
0131774298
0201498413
0521576814
0673999866
0192830775
0764104675
189441327X
0130975168
014018922X
0471089656
0471130443
0697151794
0844402885
1580760856
1559723130
0786882662
0812924770
0020312601
0060922168
0062514768
0316790087
0380783991
0669354511
0767901258
0826314945
1570628785
0451160096
0671669982
0395766877
0028633504
0441010539
0735614911
078214067X
0789722666
0789725134
077104187X
0782129234
0789434113
0789447622
0867210648
0789308304
0070176736
0471581453
0877792364
006063572X
0553183575
0881846287
0136291554
0201432935
0201485672
0201615622
0201708426
0201809389
0789711621
0060166665
0722540078
0375411259
0449903370
0735618372
1562763156
0764531883
1861002688
0380800918
0553574523
0764500155
0070454329
1841151165
059515364X
0945999801
0671242741
0684803313
1889323004
0099448785
0879389559
0515090085
0789476460
0345439430
0070490287
067231018X
0761509550
0809461587
0062505130
0764507303
0935989064
0452267552
0805317481
1565925785
1575211653
0764540297
0671898248
0873648676
0130341371
0321013786
1576106179
0761130632
0914327496
0061056707
073570869X
0142300969
071531601X
0806524103
0130897930
002541870X

=== EARTH_SCIENCE ===
0689821166
0316693006
038076654X
0061050474
0385503857
0449907481
0743444167
0380820447
0425137945
0679420118
0345375211
0553574833
0385335881
0767902521
0553213504
0020518609
0316969680
034543076X
0782125557
0130305065
0385483503
0879517980
0312267819
0345353145
0807079200
0553295977
0877285314
0553213539
0679447393
1582430748
0755310047
0786884142
0380713330
0553550039
0486282694
0340697083
0761513779
0553568051
0679454454
0385497091
0553286390
006098726X
0099521016
3775713328
1418447293
0679721037
0440906156
038549081X
0374190771
0425166805
0679406557
1879181363
0439053862
0345428455
1884820298
0375503994
1888608501
0345396456
0449220893
0345344464
1565924975
0938665650
0385334206
068482440X
0451184785
0349113858
0471293334
0679730346
0920057861
155861009X
0446516279
0449006158
0385249640
0451525795
0875421245
0786867906
0486266842
0609810103
0380977737
014230218X
0140143459
0425105334
0525939105
0767915062
0452284139
0385115784
0515136549
0425081818
0517051516
0448343010
0142000981
0399525777
0062732749
0312990030
0425176614
0375757147
0440236169
078670621X
0553481185
0876054440
0373263945
0812575857
0380976749
050028251X
0553576143
0345368991
0060529148
0553229281
0140104321
0395653738
087474945X
0439056527
0399148876
0380807203
0330481355
0451409639
0889951918
0385314698
0786866020
0030463262
0789447649
0451198808
0060198303
0140065598
0553565699
0440164842
157029237X
187963905X
0743235053
0451192915
006093056X
0671631845
0440216907
1859846815
038508854X
0764551248
0060393408
0871131811
0871564599
0553247921
0440215978
1400060648
0375757325
157322829X
0874221501
0553291165
0345275187
0756400619
0060193387
0781805899
0385491077
0609610031
0880014164
0671521101
0064470679
0394534433
0373253184
0688103324
0804001480
0762400072
0786885416
0385298293
1890132322
1551520559
059527059X
0140275010
0316313076
0440224012
0894809938
0786817577
0671661590
0375420762
0449006581
1557739404
080186822X
055357681X
0505525313
1568655878
0688065716
0553100637
0061097624
0739408461
0446607401
0345345053
0810980991
0448192187
1565846567
0449237613
0380728753
0534178081
0345371267
0061011843
0843948167
1572231408
0553255509
0898156270
0375507779
0060175346
0141002050
0380813394
0380724731
0345387023
0140245596
0534385354
0471842370
0821728598
0805305416
0743434013
0679748156
0553297619
0471316458
0425054721
0773733078
0066212855
8440642334
0553280945
038076041X
0446353728
0061000469
0446314803
015200520X
0345410084
0156837501
0688123147
0812505182
0812571096
1575664305
1573225797
0553574558
0671867318
0887306551
0684832127
0451192508
0044408773
0553295608
0879836458
0140180885
0006281443
0812545583
0688132200
0964564106
0870715224
0445406259
044900094X
1576751996
0670691992
044651344X
0380003570
0395578213
0345444884
1855383055
042519471X
0140558195
0689817223
1558217827
0609804995
0515128015
0312954220
0735812322
0762703245
0870334662
0679437460
1586632434
0679403558
0380705117
0451458583
0595264603
0679403566
0312961308
0345381408
0886777895
1550810510
0451410009
0440849446
0751507695
0684866161
0375704299
1559638095
0553252984
0374190909
0060193158
0553578553
1582340986
0820459437
0743435826
0064407551
084394739X
0843942258
1550651382
0465014909
0374514429
0399141928
081447103X
0688121195
0812967380
0312993501
0345371135
0812564618
0385482698
0070513392
0679776419
0375506063
0452283558
0060925493
0679431403
0316733741
059044722X
0439201659
0930100298
0064406474
0553273965
0553351397
029272019X
0870815512
0380787423
0671004166
0373036337
0764552953
0452279275
0451199936
0393040666
0670136662
0060675381
0312901038
1859845738
0590435272
0312145519
080411983X
0060193611
0679837140
0764152777
0439333385
0671568957
0811717283
0688156983
0380795752
0380974142
0316914851
0525945318
0843945435
0449002411
0130904635
0684844419
0786244046
0140147470
1413701744
0198880324
0436204959
0152047263
0192835009
0786214848
1842320203
0486229777
0743250508
0060086629
0316181331
0553236245
0940262231
0349105847
0833544721
0553211277
0345424603
0452269520
0786890002
0688165117
0738204005
1566563496
0061006491
0793165202
0590457128
0312966164
155972045X
0961484047
0201483033
0446343552
0812566793
0060503068
0805058672
061812733X
0449208133
1901970310
0812579402
0395599326
1565792807
082481424X
0140159940
1573220612
1558491600
1568360142
067945733X
0671659081
0743435842
0865475431
0395285216
0843931701
1551665174
0440202531
0525939814
0425071790
0813918677
1570610835
0385271891
0140269886
0140139974
0330323768
0872863913
0312890109
0131867016
057120063X
0312203810
0836223012
0425083012
0345347862
0380729709
0805001271
0786867248
0571205747
0413765008
0802136451
0671002376
0307215784
0805006001
0140620311
1931402132
0425195457
0826209718
0060192488
0445200413
1741140781
0451406451
0701150696
0385509553
0684834545
0452269350
0448095173
0521010683
014043268X
0130616443
059500489X
0812575911
0151002797
0804120048
0352332107
0345478266
1879181835
0684810522
0312978871
038081904X
0345440447
0425189244
0671506323
1565301498
0883658615
0553567675
067170575X
0060528036
0517268256
0553250574
1857999479
0571192920
1575842890
0738504297
1572300590
0786887176
0345320166
0195169220
0802139736
0439544165
0425110974
0142196185
0865714215
1552093654
0345455762
0394753089
1559584971
0380797259
075381434X
0385486103
0812545265
039458211X
0812534581
0806128410
0890190372
158314224X
0072126213
0689842589
0812564723
0156935341
0505523647
0811839907
0751531642
0156007339
0449912159
0684196654
1582341354
0375703993
0944589227
0316955124
0316639877
0340717041
0888992750
0875968600
0375401997
0671601172
0446360627
0812523024
0553206869
0316809039
0451405609
0743223926
0811826562
0345392515
0393319946
0871562332
0684810263
0792227360
0071347984
0060523883
079318150X
0061052973
0380790661
0816516650
086571357X
0816633746
0449006972
0805066225
0441006221
067179566X
0812555481
0938077775
0312971079
0783888538
0061099457
0380804662
0140442413
0679411607
080411966X
1853260126
0743207432
0385605145
0006490603
0385721285
0803779496
0312284152
0440224306
0451410548
0684835193
0061040797
0449288056
087628134X
0671678698
1585420263
0441009220
0516023144
0385333552
0671657666
0345391624
1556113625
0140170219
084230665X
1565074882
0061092207
0876857357
0312140819
0689800053
1558585362
0553572377
0062517139
0670889202
0786863609
1573456411
0865547912
0060188707
0590476513
0312109733
055357292X
0374250820
0374106452
0679734856
0722538421
047161985X
1583226214
1892934000
0060537639
0671732943
1890817147
0345310918
0813916968
0415080509
0814721648
0802075991
037302973X
0689843216
0671692631
155192465X
0140237208
0020427204
0671040782
0784708320
0754800059
0738201340
0812532279
0140174028
0192881124
081183199X
0061056146
0812570987
0140177116
081180139X
0451410416
0451403045
0451158164
0670859761
0671681672
0486411087
078686303X
0380724723
0375404031
185697801X
0553580264
1557042233
0441007155
0451411293
0300084641
0380804689
1898323704
0786868546
0380712385
0140030344
1550749668
0671648047
0380732653
0880014989
044022764X
0590021028
1550024523
0375411089
0385489854
1885670362
0766607135
0385333277
0671003399
0670891762
1862054886
0380977680
0670899909
1561381446
1841491233
0449221849
0312303653
0060555580
0553576178
0743232100
1899762094
1899762043
0061015512
0553574019
1864482435
0836223020
0553378546
0385314574
0553104535
0141312416
0439256364
0061057134
0140250913
0787901822
0226735583
0590466895
0312967020
1582701156
0375404090
0553576445
0374525420
0066210828
0060970200
0062516590
006052992X
1740093119
0895871971
052284975X
0553239538
0805046968
0312181078
0452279313
0140437592
0140437541
0192839217
1578050383
0060972769
0380978628
0307131726
1565070623
0812930991
0684187108
0553053469
0425143562
0553232290
1550810804
0671605445
0553078925
0688139558
0141002263
0156029340
0764550268
038526254X
0136038387
068817759X
0807047023
038042309X
0786013095
0380725592
0441756824
0786013990
0590253522
0590419412
0824983734
0345457951
0140067647
0195067886
0060182636
0062516582
0446675784
0425072975
0790003473
1857936159
0425185338
0207186332
0312422164
0553076450
1569472548
1890771651
0316142735
0309044944
080507290X
0864426046
0972121706
0425166848
1558213201
1569521409
0060920904
0060194596
1555662412
155963927X
1570611432
0312058667
0380727617
0345402073
0802074111
0553227742
0805068848
0140147756
0380807718
075409054X
0374523193
0679463038
1555910882
1555910270
0385190727
0697145530
0070117799
006018471X
0553247778
0874778271
006093736X
055358023X
0553801171
0312055277
0195145623
0380975661
1590580486
1562790358
0761508147
0590414313
0192861832
0805013695
0140267697
0590366572
0307231445
1856979733
0743490304
0385181671
1592865879
0887307043
0394746236
0671517414
0966877284
0395051207
006026053X
0821731904
0130400327
0449208508
0866253718
0060176792
0671877313
0061051322
0756401011
0345379039
0375505741
0060194464
0380002833
0671678175
0553275739
0688116191
0394561104
0609607243
0743200268
0792276760
0813525187
0920656897
0671014250
0517583046
1853260894
0374518734
0345332156
0006550835
0061008052
0060191554
0670891770
0679442006
0374173273
0140345973
0938151355
0765807521
0374228949
0140081135
0864426186
1572970022
1853262218
0066213762
1888451408
1886199124
0316858692
0876148968
0442228872
0441783325
0440213371
1400033837
159279971X
0864422407
0373632207
0140089934
0812966007
0393952142
0815605323
0785314873
0399526137
0140259627
0754802159
0312855680
0441806120
0767902009
0679423230
038071339X
0425033104
0449235971
0345328116
0671867628
0393321932
1879045036
0553278142
0812561678
0226633071
1562764411
1887208011
1557664951
0207132976
0253329418
0807063401
0349109028
0679752986
0689851685
0312307497
0618126996
031242051X
1552975711
1564583821
0380722992
0812512871
0843949066
0865471584
0062585649
0139205128
1565650476
0688126685
0425043835
0192832883
0141180056
0553214705
0553210815
0070294267
0679406964
0451408616
0812564898
0688069711
0525934200
0449905993
096525660X
0618249060
0316545139
1857939360
0755310802
0471048631
0933635672
1862041156
1862047618
1587152355
044075934X
0060196319
0060523867
0743482980
0060956658
0891075941
0064420388
0195032128
0786704373
0679724753
1886910537
0385416040
0385035098
0312109628
1568581289
1864500891
0793835771
156032869X
0789451875
1571312099
089608650X
0195068556
0895295814
0764525395
0061094943
0451410203
0671012029
0380708922
0807047058
0312253281
0312331037
0486295834
0060391693
0375504095
0517065037
0323019463
0803748590
0525248226
0679737324
0749709367
0553347179
0060975369
0393027503
0943822653
0679775226
0961762705
0789419742
0801851475
0471580899
039587470X
0816515158
0395524504
0763140694
0515131776
0345451147
1852236256
0312867999
0871562480
184353052X
0811731154
0451411110
076270134X
034536502X
0446612820
0385478216
0448057328
0892967242
0060185163
0380976404
0809448858
0771012179
0471025720
0865475814
0385495382
0679774009
0847689883
0380780666
0743463021
051788058X
0773731946
1888118040
055327659X
0006345549
0773730133
0553203312
0312054998
0471349607
1857099036
0751522848
0471377430
0930289552
0142003891
1840374047
070640422X
0753703580
1571450793
1569317658
0393319407
1560987006
0451196902
0852635966
0426108744
0387985727
0330374958
0198549164
0878422439
0140512772
0349110409
0852722877
0809064308
1555840833
0316648191
0879052473
0903874199
0816029490
096635883X
0025729853
0705407403
0563384492
0312208812
0440206561
0864734492
0525144609
1582432090
0912333308
0316545325
0871568470
1555911668
081352055X
155963328X
0471287067
0671039407
0309087295
0765308762
0312212240
0415965713
059046132X
0590884956
0345291417
0764550454
0060199083
0060011602
0195815947
0864421893
0500201935
0375420770
0500542384
1570612234
0393318958
1561711640
0571201210
0515127507
0060932619
0425164071
0060188057
0618031685
0380732009
0771012837
0849935164
0800786122
0590412930
0451518349
0394719174
0595163769
0345243544
0312848765
1555582036
051759692X
1904738028
0765307219
0312324154
0871139200
0688138233
0765307375
014036692X
1594141010
1590580826
0312301979
1590580672
038097519X
0195159209
097436391X
074347726X
0312322836
1567310923
0743224639
0553583654
0070351627
0312890567
0380978938
0786253967
0312291213
0312312288
0312301960
0345445678
0786011149
0805067817
0312271182
0865714231
0374155208
0684843846
0590476157
0312280416
0312280920
0060199415
0312278578
0684856204
0671015605
031226609X
0380818981
0425179486
0312874316
0385494254
0870814257
0812579895
0590414305
1566394163
0345301048
0062517678
1401094864
0002000288
0771079788
0140168788
0192833731
0684837412
0743467388
1891620770
0871568837
1564767868
0345275950
1877731021
0525946799
0849939542
0679418148
0679412093
0688100155
1558580093
0534007198
0553264559
0786888814
0064402126
0743208420
0312957823
0702225762
0802115527
0892817984
069580474X
0689704925
0865714738
0912365110
1559631066
0140255850
0704349647
0590401025
059046129X
0811807312
0786860952
0140386424
0805067183
0295974168
0553372637
0521787335
0065004108
0226722597
0632036346
0140146598
0516449214
0590508318
1901970264
1400048303
0395710413
0425182002
0880384484
0446611972
0226450171
1561569569
1879373416
0064402096
081670287X
0785810110
0590402757
0517593483
0671689843
0553073494
1556115261
0553486381
0152005544
0679729658
0590425927
1585672564
1555912036
0938077309
0750925744
0671000837
0831725869
0060198362
0921586914
0385239408
1852424060
0930330889
0060976055
0465011217
0671451405
0465007643
0393310086
0394494806
0446520896
0890849331
0590863703
0395409276
0553251619
0806998555
0201632241
0886451884
0889951675
076810209X
0953663132
0820319619
034541778X
0553074199
0312263465
0813368529
0451455002
0809230550
0671812750
0684192837
0312853033
0849931339
055357938X
0195065778
1858285054
006092408X
0684804190
1551971194
0915179245
0802132642
0517588048
0375503285
1593080301
0921689780
0895771977
0061082287
0553107364
0760712107
0870448668
0938586483
1551990482
0749519878
0812911504
0312036566
0060957069
055329105X
0844739138
0632057963
0679745165
0812516419
077108725X
0517578085
0671797905
0131547585
0062507982
0325000905
0812524330
0066212723
0746010826
0380978601
1582442614
0813009103
0590980688
1889538612
1889538582
0440405920
0449148025
0393090663
0374199442
0224617834
1878067583
1583224645
1932100059
1932100016
0020554109
0807085014
0028740025
0471291072
0373218362
0553343580
0590469452
0690044224
0671017020
0873514580
185967111X
1565049195
157174195X
0425085279
0962670472
0091792304
0449200744
0805030778
0395565200
0441004512
0152026142
0425193691
0722531621
0704349396
0810932857
0893756075
0375760490
0310235588
037575671X
0609608401
0679640266
037575489X
0425064352
0747522987
0807070785
0886779081
0671041916
044136375X
014100942X
0394584430
0446604011
0452257751
0312973179
038064519X
0738200255
0863155243
0788193112
0262032449
0525242317
0385493029
0717266818
0460870599
0805022945
0821760122
1841191280
0771015348
0525464042
0140288864
0060542896
094970802X
1890208272
0330485954
0061054321
0884482219
0525945016
0671691414
0380790270
0847817547
0937175676
0312155166
0375810498
0805051635
0747233365
0446532177
078949647X
0809039435
0673800334
0609808451
0671041320
0345324471
1400075211
0425178269
0060149205
0345282450
0316914711
0155063332
1586482033
0679755012
0140178244
0141182229
0060748664
067977257X
0140253718
0864427603
0465068693
0764563122
0830811877
091656701X
0028622170
0140247998
0786913789
0373642881
0380975378
0253210216
0253211433
080706341X
0670873500
0888393571
0816153124
0385420366
1885469012
0395924758
0887308643
0871566435
0964595354
1403310092
0446325058
0747555036
1569751781
0679913831
0888669526
037550916X
0886775159
0394719964
0821720392
0553083309
0399237968
1855856093
067973130X
0380797097
0787610348
0691027404
0877734321
156884008X
0152944648
0671799797
0425162664
0072127856
1883938813
0321011422
0312169604
0316346233
1855853612
0881844780
1592245137
0140077294
0892965614
1400047994
0886876370
0553578391
0130046078
0889610681
0772011699
026262124X
020187878X
0099289857
0002201453
0002200813
0002201410
000711303X
000220083X
0801849241
0333616103
0824822765
0002200821
0330484338
070434632X
0441758800
071673396X
0671042637
0786708093
1850437351
0375707190
0330288261
0590420585
0521634962
0312970382
0142001341
1400047285
1558217835
0679731024
0521550912
0395924960
0060971142
0393730522
0802068189
842044796X
1558539743
0553563602
034538251X
0130977756
0553204777
0807013404
1403374953
0963284614
0803291051
1580080391
155971672X
0375402543
1863735372
1888952148
0375505784
0802141439
0521632943
0072294280
1568496125
0316818127
0345338391
0486244024
0226905004
0920656919
081602331X
0393304264
0137994125
0425189988
0874220963
0140432280
1882728599
0764553119
0446513083
0226571807
0803281781
0060976659
0525445633
0060219750
0684815230
0345295315
0816015368
0394574117
1899712410
0595100783
0517584050
0679435875
0399133798
067945022X
0688159192
0822515911
0891074678
0688073018
1841951900
013011202X
0002000369
0671451553
0393321509
089213268X
0060664495
055328861X
0880925418
0722519036
0802713971
0520049489
0471525065
0316816795
0345460715
0538845147
0140059830
1887178252
0932870120
0590603841
1862300127
1555840515
0679732225
0062510061
0679728082
0316818097
0881841781
0307204065
0340703601
0764100629
089802630X
0684837374
1591294355
1592281141
0822521318
0531101479
0816636044
0393318834
0226646114
1879904004
0864423373
0345385667
0471528226
1561641359
0609804707
0962818607
1556709293
0340737565
0865475768
0887763871
0553093932
0192839470
0071402500
155054652X
1551925990
0896086569
0312251939
0679760571
0865713928
1859843352
034537102X
0768102332
081613569X
0752903837
0387987193
0752219553
0345308530
1568472277
1860468179
1565040589
1931498458
0806963131
1574440071
0571203817
1569471924
0395765307
1740592301
0380713004
0345418972
1551926210
038531485X
0060959754
0553283677
0226098168
2877143198
2877143201
0316106313
0571191797
0674591534
0375401865
0898864801
0954049950
0679400176
0764550578
9264186883
0060951869
0751518689
0814405436
0702227854
1410795136
0552528390
0700612858
0813921104
1856230031
0800787013
155105079X
0805060324
0898798329
0843953284
0002163578
1558760695
0312857659
0028642651
002504690X
1887797165
0441885713
0882405020
0802111009
0883449781
0151002592
0870447904
0380974193
0066211123
0062736515
0140237887
0425178404
0940450070
0737020199
0840764324
1930252579
0973323302
0764551183
0938317237
0142004545
0060175508
0553096605
1566392144
0879055596
1582430675
0812966864
1574090100
0374520658
0505524082
0062737384
0451408853
1860340008
1403373086
0062502557
0929141091
0972012907
0679750940
1568360215
0380790513
0892562943
0553375814
0517287285
039395272X
0307215903
1558612130
0312000170
067166316X
0349109575
1891620754
053434643X
0060166517
0609808591
0877850836
0078821657
013239930X
0802133576
0882669532
0130833460
0679454314
1579660436
1568848684
0060810386
0895779536
0876057369
080213565X
0440413184
9625933263
0671022172
0684191067
1870098943
0908812728
0380975815
0632024275
0393731200
0195098358
0394727940
014044517X
0134679121
0520212487
0521003482
0816513295
0029021006
0875803148
0262540843
0374523509
0850919649
0691023646
0878771751
0451624831
0821354256
0375706070
0697219100
093570258X
055334823X
1853838454
0736001522
014014529X
0697237621
0520073282
0860916464
0140266615
0060926295
0531146472
1886913137
0340819898
0684172267
0394748727
0553159461
0553140035
1878685090
0813014913
1573225290
0844201448
0688120830
0812523407
0380757788
0804100764
0757300596
0071379282
0140438033
2831509939
0140246460
0658007254
0385000316
088629021X
1559634839
0767900588
0965521818
044652011X
0195408497
0060936959
0060638966
0801862388
0505520397
1586481231
1566475155
0974267201
0802844782
0738205893
1878685058
1891830155
1562882260
0517584298
0446392707
0027754103
1556610238
066014400X
0582005620
0671768069
0963385305
0393308235
0952655551
174059116X
1862073996
0813333261
8172233787
1551990814
0006384684
0812505964
0060176911
0866119809
0312868383
0863040535
0140422072
0789473836
1557864969
0940450275
0941188574
0966433203
0517091178
0195083571
0764108409
1888363827
1864502894
0865314314
0140093672
0136296750
0882404458
0812015649
0871561867
0803250509
060980281X
0762709138
0892966076
0531156001
0520209427
0330321900
0394403711
0789416824
1878685082
0446518492
1550172646
1562828819
0446365270
0345375009
0679733965
0028610083
0312977921
0698115910
044922578X
0805028056
1890087009
0806942568
095425290X
1841190543
1858600499
0871567105
0752856448
0070488207
0887308759
0684823632
1577314581
1895618525
0375404236
1857821254
0887841791
0810928442
0060199202
0890965447
0821766295
0732259142
0312131151
0500277230
9756736283
1565291468
0253340349
0517396300
1402202261
0804114811
0553347799
0708947441
0814779840
0787242969
0871088924
1570251401
0743224620
0812968123
0771053053
0312848838
0515125849
1856491846
0385501447
0451200462
0070434247
1882577973
0786000805
1576730182
156402895X
0670856320
0684194120
0486419185
0446344303
1883319161
0806935308
0395709407
0684826534
1880000865
0060976020
1560253002
0553381571
0449001571
037397082X
0195111680
0689502044
0688048552
0316831301
0534257283
1896239390
0836217470
0972556451
067975007X
0393321002
0679862137
0516269550
0395482232
0786709960
0140173331
0771098553
0684851555
1571312641
0375701001
0312952856
0702233625
0192781340
0817224181
0690038720
0072924470
1555662811
1560252561
1882897498
0670862223
0943676533
0840777728
0830813225
0815332173
0945465513
093660400X
1560984066
1578660963
0609806351
155153911X
0773522565
0275969282
0767907019
0078824710
0802079695
0205308767
0974432601
0345387341
0669249939
0609604678
0345453891
0792237145
1570270066
0888782829
0768102324
1556113978
0262111152
0811725197
0385098766
0887307930
1899171908
0072421657
0874774993
088240539X
0025947303
1551580004
0374520089
0395394139
0941425002
0399139389
0764505890
0375702776
1861562497
0345413091
034061756X
1862300453
0747516995
0007139357
0140621113
0590763482
9643112136
1883991439
0553050508
0762701005
0395322146
0552134821
0140079467
0871567059
1558745122
1570030499
0814320139
067178045X
0060171146
0826318428
0312289219
0534215882
087596883X
0571144861
0815629435
0394584511
0716722399
0295983299
0375754547
0500275572
0671735845
0130165557
0877735131
0907791131
1859677355
0874776090
0670845876
9971692724
038097701X
0879516410
1400033160
1570610959
0590761668
068482440x
0451196783
0448400766
0963810901
0963810928
0883446898
1551920689
0771573758
1401081274
0312864787
0226721833
086571391X
0299118401
0802137717
0060219807
0380976110
2060000262
0446605107
0889782253
1400046904
0449308294
0156252821
0553346644
0131667025
0440844827
1883013054
0590416340
0935161546
0394757025
9646635334
0840764367
8401473721
0393309010
0906224098
0671897179
0864923686
0415158044
0815604440
1592863590
0920059171
0582300576
053419950X
0195410599
0896086070
0060188995
0385337396
0141182466
0375703233
0316923265
096226833X
0761536604
1562612573
0689501781
1884133223
0821757709
0486407861
0520218965
0345339762
0866229698
030681045X
0060198354
0516277715
0870715607
1740592654
0883490781
051606004X
0821733095
0060266716
0141004150
0716747014
0553294520
0670199273
0807613444
0812922158
0822053357
0719561590
0312209584
0375405836
0811817865
0205120563
039331572X
1853022349
1565847229
0679420738
1855381346
0025064312
1561675547
0385720386
0451191048
0553574450
059020548X
081180612X
1559123761
1589395794
0064452069
1857236009
0892819774
0060523905
0786833904
0451411080
0823056775
1587611449
0439056365
1561794813
0446675504
0816625751
0534400868
1559349212
0071361375
0671631314
067974780X
0195161114
0312302479
0471175595
0689816359
0307135241
0785804277
0440236436
081296733X
0722532857
0914839667
0895776375
0697365158
0807110388
0300071736
0517174391
0862328233
0899663745
0679440526
1862042209
067984161X
026263287X
0806996552
0701803584
1585671312
0789477858
0829811494
0441892604
080506723X
0307122999
0307581438
0316643726
0516049119
0785312145
0886776295
0743203763
039591910X
0440218829
1841581410
0590412345
0789401479
0893756687
0140269738
0972703411
0439368294
0345461517
0312334419
2831509475
0132854465
0307157679
0862019508
0345393503
0786200863
0330397508
0072493526
0374523754
0791412547
1559632542
157765806X
080184875X
996898390X
0632049766
3540601910
0816727538
0671318209
0440201241
0415127351
0679747699
0879232153
0471197033
0773752552
0786703822
0060564202
0312584660
0679449833
1890515124
0120848104
0802115039
0785815937
0689713495
0761501924
0307176282
1879326132
1884718116
0062731327
0345412427
0449900304
0743449894
0808520660
0886773229
1840003324
1858286808
0816716366
0395494818
0030812690
0396066356
0675200318
0688060137
0689804822
0963970526
1575241471
1585672351
1586670107
0899332226
1553950429
1584852151
0310286905
0809494663
0516016326
0425040755
0471580392
0880292393
0761535675
0590444786
0385230397
1583225269
0062504207
1568958587
0064420167
0590104195
0312205511
0449902692
0486419207
0679742573
0944634486
0471383538
0791408736
038532801X
0860519597
1566565278
0865713537
0375760377
0929005252
157912125X
1929918224
2831563054
0471426350
000692848X
0380729822
0425156893
0553052101
0553572296
0671759485
0679853944
0684140012
1552124274
0195018249
0195042832
0528834428
0679816852
0688093884
071675021X
0789455811
0789457806
0809464918
0895990415
1565847040
0670032735
0786708425
0451197941
0137783663
0226791181
0060592753
0062736949
034546334X
0380729423
0324015712
067980501X
0812047222
007041131X
0590477358
0811800598
1568361041
0140444866
0141002085
0060726024
0393321835
0802134866
0811821188
0140491864
039442350X
0399209646
0590476467
0764906178
0824983726
0870447270
1882308115
0787651419
0441002463
0140491856
0786701927
0809015838
157324032X
1403300739
0811832015
0471165204
0767918908
0786408480
0060929650
0671871366
0786831758
0789485176
0812920570
0520089219
0671460145
0717284875
0717284891
0801318009
080507094X
0801690358
0961529423
0393322793
0373870574
0877017255
1575667134
1561564818
0061051217
1873982925
0060163372
0534524346
0823016242
0465022723
0877455546
0500281998
0684815206
0618030107
0195211693
156173604X
1565041836
0385721544
0192837400
0070121974
0002216485
1582380805
1576751511
0553348477

