0002234947
0002251485
0002251760
0002258587
0002259877
0002261529
0002311216
0002740435
0004133803
000470763X
0004709721
000470973X
0006171982
0006281257
0006377157
0006384803
0006385923
0006391745
0006391931
000639194X
0006479383
0006479626
0006481760
000648185X
000649840X
0006550266
0006550789
0006550924
0006709931
0006716652
0006722970
0006742106
0006742912
0006742947
0006748147
0006750222
0006751180
0006751350
0006751687
0006928145
0006930387
0007106572
0007108648
0007110928
0007117019
0007118465
0007119763
0007122039
0007128576
0007147805
0007154615
000716226X
0020133405
0020198817
0020199600
0020259700
002026478X
0020404808
0020415133
0020418000
0020418809
0020420404
0020427212
0020427611
0020427859
0020427867
0020434901
0020436904
0020437501
0020441401
0020442009
0020442106
0020442203
0020442300
0020442505
0020442602
0020446500
0020446519
0020518307
0020519001
0020519109
0020532105
0020545401
0020545509
0020554400
0020811853
0020819706
0020854501
0020859708
0020868901
0020869401
0023672609
0023884401
002411510X
002542730X
0025849603
0026045702
0026890380
0027185605
0027354318
0027594556
0027617319
0027657108
0027690202
0027698009
0027701301
0027756610
0028181484
0028233220
0028604199
0028604202
0028606175
0028608380
0028610687
0028612787
0028617177
0028621239
002862386X
0028627393
0028629043
0028639456
0028644174
0028644417
0028644662
0028647904
0029105501
0029179106
0030007135
0030074312
0030104556
0030271509
003057708X
0030577861
0030614775
0030707315
0030957648
0044408331
0044423160
0060000791
0060001445
0060001836
0060001933
0060002050
0060002077
0060002417
0060002433
0060002492
0060005424
0060005521
006000553X
0060006870
0060007192
0060007575
0060008024
0060008032
0060008873
0060011912
0060012218
0060012358
0060012781
0060013125
0060014261
0060080485
0060081597
0060083263
0060083298
0060083816
0060083948
006008409X
0060085444
0060085452
0060090367
0060090383
0060090626
0060092092
0060092114
0060092181
0060092645
0060093161
006009351X
0060094850
0060096071
006009608X
0060096209
0060097469
0060097477
0060097574
0060097914
0060099240
0060105240
0060125683
0060150424
0060152583
0060155604
0060157895
006015957X
0060164662
0060166932
0060167688
0060168013
006016848X
0060169281
0060171928
0060172096
0060172126
0060172223
0060173041
0060173289
0060173432
0060174110
0060174374
0060175184
0060175400
0060175680
0060175966
0060176075
0060176644
0060176806
0060177179
0060177241
0060177632
0060179716
006018311X
0060183721
0060185147
0060185287
006018552X
0060186526
006018681X
0060187239
0060187476
0060190256
0060191015
0060191058
006019149X
0060191929
0060191988
0060192119
0060192488
0060192631
0060192704
0060194170
006019541X
0060196092
0060196122
006019636X
0060198125
0060198133
0060198303
0060199490
0060199652
0060201142
0060201878
0060213574
0060214953
0060218533
0060219432
0060224754
0060225394
0060226145
0060231920
0060233346
0060234814
0060234881
0060240849
0060241012
0060243600
0060245360
0060247010
0060248025
0060248122
0060256672
0060256710
0060257539
0060263857
0060263954
0060267860
0060268018
0060268875
0060269871
0060269928
0060272112
0060273224
0060274069
0060275103
0060275111
0060275634
0060277300
0060277327
0060277475
0060277491
0060278226
0060278234
0060278269
0060280050
0060280603
0060280646
0060280778
0060280921
0060281278
0060281294
0060283319
0060283688
0060283696
0060283874
006028644X
0060286881
006028739X
0060288132
0060288140
0060288728
0060289597
0060292873
0060294019
0060294655
0060294671
0060294698
006029471X
0060294884
0060391480
0060391626
0060391898
0060392452
0060393203
0060393211
0060393831
0060394072
0060394447
0060410337
0060439912
0060502258
0060502282
0060502312
0060503580
0060505885
0060506989
0060507365
0060507403
0060507845
0060508124
0060508302
0060509058
006050918X
0060509392
0060509546
0060511303
0060511508
0060512377
006051261X
0060512822
0060513640
0060513659
006051406X
0060517182
0060517212
0060517794
0060518057
0060521600
0060521848
0060521856
0060521872
0060521902
0060523999
006052510X
0060525460
006052569X
0060526777
0060528737
0060529377
0060529709
006052992X
0060530804
0060531231
0060531800
0060532203
0060532998
0060533986
0060533994
0060534044
0060535032
0060537256
0060537264
0060537639
0060537957
0060539097
0060540664
0060541741
0060542128
0060542799
0060542845
0060548827
0060549270
0060549416
0060557257
0060558121
0060558199
0060558865
0060559128
0060560754
0060561572
0060561580
0060562250
0060563079
0060565578
0060566760
0060567252
0060571314
0060572965
006057559X
0060575816
0060586567
0060587504
0060589272
0060595094
0060595183
006059537X
0060599758
0060613157
0060645741
0060652888
0060652934
0060652942
0060652950
006067542X
0060730447
0060738197
0060740450
0060745908
0060801115
0060801263
0060805072
006080713X
0060807393
0060807768
0060807792
0060809248
0060809469
0060809612
006080985X
0060812494
0060812508
0060812540
0060830956
0060909994
0060911980
0060913010
0060913509
0060914440
0060914653
0060914947
0060915153
0060915188
0060915544
0060916362
0060916508
0060917016
0060917059
0060919647
0060920084
0060920211
0060920432
0060920475
006092179X
0060923326
0060924586
0060924985
0060925728
006092585X
0060927216
0060927240
0060927569
0060927941
0060928417
0060928573
006092893X
006092909x
0060929294
0060929456
0060929693
0060929782
0060929790
0060929847
006092988X
0060929952
0060930187
0060930284
0060930314
0060930535
006093090X
0060930934
0060931353
0060931361
0060931396
0060931418
0060931582
0060931728
0060931736
0060931809
0060932058
0060932139
006093235X
0060932678
0060933151
0060933267
0060933917
0060934417
0060934700
0060934794
0060935235
0060935456
0060935979
0060936363
0060936517
0060937262
0060937688
0060938080
0060938099
0060938455
0060950668
0060952288
0060952520
0060952768
0060953691
0060955228
0060955570
0060955872
0060956410
0060957328
0060957409
0060957867
0060958294
0060958324
0060959037
0060959444
0060963972
0060965517
0060965819
0060968745
0060969067
006096975X
0060970537
0060971401
0060971800
0060972122
006097253X
0060972580
0060972777
0060973277
0060973471
0060973684
0060974516
0060974788
0060975547
0060976330
0060976667
0060976845
0060977027
0060977264
0060977337
0060977477
0060977493
0060987103
006098726X
0060987464
0060987529
0060987561
006098824X
0060988258
0060988649
0060989270
006099486X
0061000019
0061000027
0061000043
0061000205
0061000299
006100037X
0061000469
0061000671
0061001058
0061001376
0061001694
0061002658
0061002747
006100328X
0061003719
0061003832
0061007153
006100717X
0061007358
0061008052
0061008117
0061008478
0061008761
0061009792
0061010065
0061010952
0061011096
0061011134
0061011703
0061012203
0061012882
0061013145
0061013706
0061013889
0061013897
0061014125
0061014338
0061015075
0061015628
0061015725
0061020001
006102001X
0061020044
0061020133
0061020362
0061020397
0061020443
0061020621
006102063X
0061020648
0061020656
0061020664
0061020680
0061020699
0061020702
0061020710
006103004X
0061030147
0061030597
006103066X
0061030996
0061031151
0061031321
0061031410
0061031429
0061031755
0061031844
0061031992
0061032034
0061032042
0061032093
0061040207
0061040959
0061042897
0061042935
0061042943
0061044407
0061044571
0061050288
0061050350
0061050466
0061050946
006105111X
0061052302
0061052523
0061052663
0061053104
0061053546
0061054119
0061054143
0061054232
0061054240
0061054275
0061054747
006105481X
0061054887
0061054895
0061054917
0061054933
0061056243
0061056308
0061056383
0061056448
0061056480
0061056499
0061056774
0061056871
0061056901
006105691X
0061056928
0061056995
0061057649
0061057894
0061057908
0061058009
0061058270
0061059048
0061059056
0061059064
0061059072
0061059323
0061059471
0061059838
0061059846
0061059854
0061059889
0061059897
0061060828
0061060836
0061060852
0061061204
0061061573
0061061638
0061061956
0061062413
0061062499
0061062715
0061062820
0061062871
0061062928
0061062979
0061063002
0061063193
0061063223
0061063959
0061064157
0061064173
0061064181
006106419X
0061064203
0061064297
0061064505
0061064513
0061064823
0061064831
0061064947
006106498X
0061065404
0061065579
0061065714
0061065722
0061065730
0061065749
0061065757
0061065765
0061065773
0061065781
006106579X
006106582X
0061065862
006106632X
0061066532
0061066559
0061067121
0061067156
0061067199
0061067318
0061067377
0061067474
0061067482
0061067563
0061067717
006107196X
0061076082
0061080519
0061080535
0061081396
006108171X
0061081841
006108185X
0061083267
0061083372
0061083909
0061085146
0061087130
0061090417
0061090530
0061090808
0061091316
0061091464
0061091618
0061091731
0061091774
0061091790
0061091871
0061091944
0061091960
0061091979
0061091987
0061091995
0061092045
006109207X
0061092088
0061092169
0061092177
0061092193
0061092606
0061092614
0061092800
0061092878
0061092886
0061093092
0061093327
0061093998
0061094129
0061094145
0061094153
0061094927
0061096091
0061096113
0061096156
0061097071
0061097098
0061097101
0061097306
0061097314
0061097659
0061097853
0061097861
0061098752
0061098795
0061099465
0061099805
0061099813
0061320684
0062059076
0062500171
0062502182
0062505017
0062505734
0062507540
0062508156
0062510177
006251279X
0062513095
0062513559
0062514423
006251542X
0062517139
0062517155
006254490X
006254506X
0062585274
0062730231
0064400018
0064400026
0064400034
0064400042
0064400050
0064400069
0064400077
0064400085
0064400204
006440031X
0064400409
0064400425
0064400557
0064400565
0064400581
0064400735
0064400751
0064400808
0064400816
0064400859
0064400964
0064401286
0064401324
0064401448
0064401480
0064401502
006440160X
006440174X
0064401758
0064401847
0064401855
0064401871
006440188X
0064401987
0064402053
0064402126
0064402274
0064402312
0064402967
0064403092
0064403319
006440336X
0064403645
0064403688
006440370X
0064403823
0064403904
0064404188
0064404242
0064404307
006440434X
0064404773
0064404781
0064404994
0064405001
006440501X
0064405028
0064405036
0064405044
0064405052
0064405109
0064405176
0064405486
0064405710
0064405737
0064405745
0064405753
006440577X
0064405788
006440580X
0064405842
0064405850
0064405974
0064405982
0064405990
0064406008
0064406113
006440613X
0064406148
0064406210
0064406261
0064406296
006440630X
0064406423
0064406490
0064406601
0064406784
0064406806
0064406849
0064406970
0064406989
0064407055
0064407209
0064407330
0064407446
0064407454
0064407667
0064407675
0064407683
0064407802
006440787X
0064407993
0064408078
0064408086
0064408140
0064408183
0064408191
006440823X
0064408272
0064408329
0064408337
0064408388
006440840X
006440854X
0064408582
0064408612
0064408620
0064408639
0064408647
0064408655
0064408663
0064408671
0064408698
006440871X
0064408736
0064408752
0064408949
006440904X
0064409058
0064409066
0064409074
0064409090
0064409236
0064409422
0064409430
0064409457
0064409945
0064410129
0064410137
0064410226
0064410323
006441034X
0064410358
0064410382
0064410404
0064410412
0064410455
0064410862
0064410889
0064410897
0064410900
0064430170
0064430189
0064430200
0064430367
0064430375
0064431533
0064434648
0064440214
0064440508
0064440532
006444192X
0064451062
0064461629
0064461769
0064461904
0064462080
0064462412
0064470059
0064470075
0064470083
0064470113
0064470148
0064470210
006447030X
0064470423
0064470482
0064470512
0064470598
0064470652
0064470687
0064470733
006447075X
0064470822
0064470946
0064470954
0064471047
0064471055
0064471063
0064471071
006447108X
0064471098
0064471101
0064471187
0064471195
0064471470
0064471659
0064471721
0064471861
006447187X
0064471969
0064472051
0064472167
0064472256
0064472264
0064472272
0064472361
0064472531
0064472558
0064472574
0064472655
0064472663
006447268X
0064472698
0064472701
0064472779
0064472787
0064472795
0064472809
0064472876
0064472930
0064473023
0064473120
0064473155
0064473368
0064473384
0064473457
0064473511
006447352X
0064473589
0064473597
0064473627
0064473783
0064473791
0066210151
006621016X
0066211220
0066211611
0066212693
0066213673
0066236568
0066236959
0066237564
0066237572
0066238501
0066620732
0070049238
0070082960
0070212570
007032140X
0070551456
0070564833
0070566445
0070619964
0071151214
0071379444
0071383794
0071414290
0072294280
0072302224
0072435194
0072556390
0072558466
0072822805
0072824131
0075536498
0091801222
009180194X
0091826578
0091827477
0091827663
009182947X
0091835100
0091842050
0091869765
0091882109
0099143712
0099244926
0099245027
0099267039
0099268280
0099269325
0099271087
0099274167
0099282194
0099286572
0099286580
0099429284
0099473216
0099479419
0099760118
0099771519
0130197289
0130209899
0130282545
0130283266
0130481769
0130600342
0130884138
0130918369
0134243676
0134956079
0135663806
0138965234
0139295488
0139536132
0140004424
0140006095
0140009868
0140009957
0140012354
0140014845
0140017917
0140022651
0140024794
0140025324
0140025707
0140034919
0140041796
0140042210
0140042229
0140042393
0140042407
0140042520
0140042598
0140043128
0140043136
0140043519
014004387X
0140044469
0140045295
0140048979
0140051317
0140053204
0140055770
0140057072
0140060898
0140061401
0140062718
0140062866
0140064117
0140064966
0140065172
0140065717
014006690X
0140067477
0140067647
0140067779
0140069704
0140071083
0140071229
0140072748
0140074317
0140075569
0140075577
0140075623
0140077812
0140084010
0140085025
0140086943
0140089225
0140089365
0140092315
0140092323
0140094296
0140094385
0140096930
0140097058
0140097309
0140097929
0140098828
0140099832
0140100199
0140100865
0140102213
0140102922
0140103066
0140106499
0140107649
0140113428
0140114114
0140115765
0140115854
0140118861
0140119906
0140123083
014012389X
0140124373
0140124381
0140124454
0140128107
014012991X
0140130209
0140131558
0140131604
0140131825
0140132708
0140140352
0140143491
0140143505
014014773X
0140148590
0140150412
0140150625
0140156712
0140158014
0140159444
0140159754
0140168125
0140168249
0140168389
0140168842
014016930X
0140169652
0140170502
0140171738
0140172270
0140172947
0140174923
0140175903
0140176551
0140176616
0140177213
0140177256
0140177361
014017737X
0140177388
0140177396
0140177884
0140179178
0140179836
0140182551
0140184929
0140184953
0140185003
0140185046
0140185232
0140185305
0140185488
0140185852
0140186301
0140186409
0140186425
0140186476
0140186484
0140186522
0140186832
014018726X
0140187413
0140187448
0140188134
0140189645
0140192565
014019536X
0140196013
0140230165
0140230270
0140230386
0140231900
014023313X
014023313x
0140233903
0140234012
0140234217
0140234500
014023456X
0140236163
0140236201
0140236333
0140237151
0140238026
0140238719
0140239707
0140240187
0140242058
014024249X
0140244824
0140245154
0140245545
0140247599
0140249990
0140250409
0140250913
0140250948
0140252525
0140253033
014025448X
0140254544
0140254749
0140255389
0140255842
0140256407
0140257349
0140257683
0140257934
0140258612
0140259104
0140260307
014026065X
0140263454
0140264795
0140265686
0140265716
0140265988
0140266712
0140266909
0140267697
0140268863
0140269886
0140271414
0140271457
0140272119
0140273972
0140274154
0140274286
0140274782
0140275169
0140275363
0140276432
0140276831
0140276904
0140277439
0140277749
0140278826
0140279016
014027927X
014027944X
014028009X
0140280243
0140280464
0140280499
0140280510
0140281290
0140281568
0140281622
0140281649
0140282033
014028236X
0140282645
0140282696
0140282769
014028334X
0140283579
0140284249
0140285563
0140286276
0140286829
0140287248
0140287434
0140287698
0140288503
0140290214
0140291822
0140291873
0140293248
0140293442
0140293450
0140293469
0140295569
0140295798
0140296131
014029628X
0140296298
0140296409
0140296476
0140298339
0140298363
0140298452
0140298479
0140300368
0140302069
0140304770
0140309268
014030956X
0140309586
014031010X
0140311084
014031122X
0140312587
0140313869
0140314067
0140314202
0140314512
0140314601
0140314644
0140316728
0140317007
0140317376
0140317937
0140318240
0140318585
014031881X
0140318909
0140319298
0140319328
0140319654
0140322051
0140322426
0140322574
014032268X
0140324364
014032528X
0140325654
0140326715
0140327088
0140327134
014032724X
0140327592
0140328696
014032870X
0140328718
0140328726
0140328734
0140328742
014034019X
0140340203
0140341587
0140341625
0140342044
0140342435
0140342893
014034294X
0140343865
014034540X
0140345922
0140346406
0140346414
0140346996
0140347720
0140348093
0140348107
0140348921
014034893X
0140349170
0140349812
014034991X
0140350047
014035008X
0140350152
0140350322
0140350349
0140350489
0140350667
0140350721
0140351329
0140351485
0140360034
0140360352
0140360468
014036059X
0140361707
0140363033
0140363378
0140363610
0140363742
0140363807
0140363912
0140364501
0140364749
0140364838
0140365567
0140365826
0140365893
0140366660
0140366679
0140366687
0140366709
0140366717
0140366725
0140366733
0140366741
0140366776
0140366784
0140366822
0140366830
0140366849
0140366865
0140366873
0140366881
014036692X
0140366938
0140366946
0140366997
0140367004
0140367055
0140367063
0140367101
0140367128
0140367136
0140367144
0140367152
0140367217
0140367292
0140367357
0140367411
0140367497
0140367616
0140367659
0140367772
0140367829
0140368027
0140368132
0140368140
0140368329
0140369007
0140369945
0140369953
0140370331
014037065X
0140370897
0140370900
0140370951
0140370994
0140371036
0140371419
0140371516
0140371745
0140372628
0140373195
0140373373
0140373489
0140374248
0140374361
014037454X
014037468X
0140374965
0140375155
0140375899
0140375988
0140376232
0140376402
0140376410
0140376577
0140376798
0140377700
0140378030
0140378251
0140378502
014038006X
0140380361
0140380736
0140381481
014038166X
0140381740
0140381929
0140382623
0140382658
0140383344
0140384235
0140384448
0140384510
0140384774
0140385118
014038555X
0140385614
014038572X
0140386335
0140386351
0140386572
0140386645
0140386726
0140386882
0140387498
0140387528
014038796X
014038801X
0140388346
0140388419
0140389652
0140389660
0140389989
0140390219
0140390316
0140390537
0140390839
0140390847
0140430016
0140430105
0140430164
0140430172
0140430423
0140430571
0140430644
0140431020
0140431179
0140431209
0140431217
014043125X
0140431373
014043187X
0140432264
0140432620
0140433171
0140433627
0140433813
0140433880
0140433988
0140434143
0140434186
0140434259
014043464X
0140434747
0140434895
0140434941
014043514X
0140435387
0140435549
0140436669
0140437681
0140437908
0140440038
0140440046
0140440100
0140440151
014044016X
0140440224
0140440259
0140440410
0140440488
0140440852
0140440879
0140440925
0140441166
0140441212
0140441417
0140441670
0140442006
0140442014
0140442847
0140442871
0140442952
0140443258
0140443355
0140443428
0140443487
0140443592
0140444173
0140444300
0140445102
0140445145
0140445277
0140445285
014044534X
0140445560
0140445617
0140445927
014044694X
0140447113
0140447180
0140447954
0140449132
0140449159
014045022X
0140481346
0140481389
0140481850
0140481877
014050169X
0140501711
0140501827
0140502343
0140503528
0140505288
0140505393
0140508910
0140510052
0140541934
0140552936
0140555528
0140557318
0140559043
0140620109
0140620125
0140620192
0140620206
0140620214
0140620222
0140620249
0140620427
0140620443
0140620478
0140620508
0140620516
0140620524
0140620621
014062063X
0140620664
0140620753
014062080X
0140620842
0140620850
0140620869
0140620893
0140620915
0140620990
0140621032
0140621105
0140621164
0140621180
0140621202
0140621288
0140621318
0140621326
0140621377
0140621393
0140621458
0140621539
0140621571
0140621601
0140621717
0140621792
0140622004
0140622063
0140622144
0140622373
0140622454
0140622497
0140622918
0140623035
0140707026
0140707247
0140707344
0140714154
0140714197
0140714251
0140714510
0140714553
0140714588
0140714715
0140714774
0140714871
0140816682
0141000023
0141000031
014100018X
0141000198
0141001771
0141001828
0141001844
0141002026
0141002077
0141003944
014100522X
0141005955
0141007338
014101282X
0141180145
0141180641
0141180978
0141181230
0141182253
0141182431
0141182458
0141183047
0141183624
0141184183
0141185104
0141186151
0141186836
0141186844
0141300493
0141300620
0141301058
0141301066
0141301074
0141301104
0141301139
0141301147
0141301155
0141301163
0141301201
0141301244
0141301694
0141302038
0141302291
0141302690
0141302712
0141303050
0141303107
0141303522
0141304138
0141304707
014130538X
0141305452
0141305959
0141306009
0141306017
0141306025
0141306033
0141306351
014130636X
0141306424
0141306556
0141306939
0141306963
0141306971
014130751X
0141308117
0141308389
0141308761
0141309199
0141309202
0141309296
0141309326
0141309334
0141309342
014130975X
0141309806
0141309814
0141309903
0141310073
0141310227
0141310340
0141310464
0141310472
014131088X
014131091X
014131110X
0141311126
0141311347
014131141X
0141311509
0141311517
0141311703
0141312378
0141312467
0141314435
0141439475
0141439513
0141439556
0141439572
0141439599
0141439645
014143967X
0141439696
0141439726
0141439734
0141439742
0141439823
014143984X
0142000205
014200023X
0142000442
0142000531
0142000663
0142000671
014200068X
0142000698
0142000701
0142000981
0142001430
0142001554
0142001740
0142001805
0142001821
0142002267
0142002542
0142002798
0142003131
0142003492
0142003697
0142003816
0142004030
0142004235
0142004278
0142004308
0142180033
0142180092
0142180114
0142300276
0142300306
0142300330
0142300357
0142300497
0142300608
0142300659
0142300675
0142300950
0142300985
0142301159
0142301167
0142301515
0142301620
0142302082
014230218X
0142302198
0142302384
0142400017
0142437174
0142437204
0142437263
0142437336
0142500003
0142500372
0142500380
0142500410
0142500429
014250047X
0142500534
0142500984
0142501034
0142501190
0142501204
0142501530
0142501913
0143001124
0143035002
0143312014
0146003772
0151000719
0151001006
0151002290
0151002517
0151003076
0151003084
0151003378
0151004145
0151004374
0151004404
0151005613
0151005672
0151006040
0151006725
015100692X
0151008116
0151008884
0151009988
0151010633
0151010668
0151082162
0151189781
0151191530
0151329168
0151569401
0151931038
0151961158
0151972036
015200016X
0152000496
0152001018
0152001182
0152001905
0152003746
0152003924
0152003932
0152006737
0152008640
0152008667
0152008691
0152008764
0152008772
0152008799
0152008802
0152009604
0152009787
0152010874
0152012079
0152012397
0152012400
0152012419
0152012559
015201294X
0152012966
0152013369
0152013466
015201392X
0152014209
0152015981
0152016481
0152016554
0152017178
0152017194
0152017682
0152018018
0152019162
0152020683
0152020705
0152020713
0152020748
0152020764
0152020780
0152020799
0152020802
0152020810
0152021973
0152022686
0152023992
0152024603
0152025057
0152025413
0152025650
0152045562
0152045627
015204566X
0152045686
0152045694
0152045708
0152046801
0152046844
0152046984
0152049266
0152049401
0152050167
0152062319
0152132120
0152162380
0152162445
015216250X
0152162577
0152162747
0152163050
0152163778
0152164278
0152164502
0152164561
0152166629
0152166696
0152167056
015216782X
0152167919
0152177639
0152239456
0152259732
0152275177
015233081X
0152374493
0152380213
0152380418
015241357X
0152413588
0152438173
0152438181
0152547681
0152567089
0152588043
0152632212
0152632247
0152669086
0152674500
015272916X
0152802177
0152899820
0152938230
0152958762
0152958886
0152985727
0152996664
0152999442
0153022310
0155037218
0155058835
015506374X
015600125X
0156001314
0156002434
0156005042
0156005492
0156005646
0156005824
0156006332
015600710X
0156007185
0156007479
0156007754
0156010593
0156010690
0156010755
0156011042
0156011166
0156012197
0156014165
0156027135
015602764X
0156028352
0156028719
0156028778
0156029065
015603008X
0156030241
0156226006
0156234920
0156329301
015636090X
0156364654
0156364670
0156372088
015640057X
0156421178
0156423502
0156439611
0156468999
0156528207
0156586509
0156628708
015668568X
0156711427
0156717204
0156724006
0156787334
0156806479
0156806797
0156838389
0156907399
015694877X
0159504295
017445094X
0192100432
0192717952
019271886X
019271905X
0192750542
0192750917
0192760807
0192760858
0192781510
0192781790
019280037X
0192802372
0192815040
0192815261
0192815326
0192815644
0192815970
0192815989
0192818341
0192821091
019282144X
0192822403
0192823787
019282385X
0192824163
0192827561
0192827596
019282760X
019282760x
0192827758
0192829009
0192833391
0192833553
0192833561
0192833596
0192833812
019283391X
0192834061
0192834142
0192834347
0192834789
0192835025
0192835882
0192839535
0192839640
0192839659
0192854496
0192860836
0192861832
0192861999
0192880268
0192880748
0192880756
0194219356
0194226824
0194229408
0194229718
0194230031
0194230198
0194230600
0194315894
019435802X
0195002121
0195061675
0195066707
0195078535
0195101685
0195116313
0195124987
0195125886
0195126270
0195129067
0195132823
0195153448
019581035X
0198117477
0198319746
0198319789
0198320264
0198607520
0199109044
0199109052
0201050714
0201354705
0201489376
0201576538
0201615630
0201959941
020530902X
0205349773
0205353908
0205360041
0207175284
020718089X
0207190968
0224031457
0224603663
0226038130
0226044564
0226143813
0226244962
0226462110
0226469360
0226706702
0226738019
0226743403
0226791548
0231067356
0231067364
0231069170
0231111495
0231116098
0231118597
0246134933
0252006860
0252024249
0252062833
0252064046
0252068947
0253211190
0253212340
0261102362
0261102656
0261102753
0262240319
0275227502
0285620878
0297607391
0299177742
0300016514
0300079265
0300093055
0300101058
0304343897
0304356190
0304366323
0306802031
030680395X
0306807718
0306810719
0306812274
0306812835
0306813270
0307001067
0307001350
0307010082
0307010287
0307010856
0307020177
0307020371
0307021491
0307021831
0307070034
0307070182
0307101274
0307101673
0307114724
0307116824
0307117138
0307117383
0307118932
030711936X
0307119408
0307119432
0307119491
0307119750
0307121194
0307122697
0307124959
0307125564
0307126218
0307126293
0307126838
0307126854
030712763X
0307127923
0307128423
030712908X
0307130576
0307130762
0307131726
0307132048
0307136566
0307136582
0307136663
0307160815
0307165205
0307168514
0307215245
0307215261
0307215326
0307215334
0307215504
0307216268
0307220028
0307220036
0307220109
0307222063
0307240533
0307240576
0307244075
0307244989
0307247023
0307247066
0307247074
030724900X
0307261077
0307301397
0307302636
0307581187
0307603040
0307626458
0307627632
0307627926
0307628442
0307628817
0307681076
0307681505
0307687996
030780125X
0307987868
0307988643
0310205719
0310209307
0310210062
0310214599
0310217601
031021792X
0310218039
0310218500
031021923X
0310220033
0310228344
0310230055
0310232481
031023249X
031023252X
0310234697
0310234840
0310235294
031024692X
0310247527
031027771X
0310285313
0310286905
0310380715
0310535212
0310539218
0310544319
0310574102
0310701058
0310903947
0310912342
0310925681
0310933293
0310977487
0311461670
0312017979
0312038046
0312038992
0312048661
0312058179
0312063873
0312069782
0312075316
0312084994
0312097581
0312099045
0312099436
0312104995
0312105223
0312110413
0312111274
0312111339
0312113420
031211771X
0312118414
0312118759
0312119127
0312119259
0312126883
0312131151
0312135076
0312136293
0312140320
0312140940
031214329X
0312145462
0312147015
0312148216
0312150601
031215125X
0312152450
0312154186
0312155204
0312155530
0312155964
0312157010
0312166818
0312167989
0312168748
0312168837
0312169337
0312169787
0312171803
0312179405
031218168X
0312181728
0312182023
0312183623
0312186681
0312186843
0312187106
0312187459
0312187777
0312193416
0312194390
0312194552
0312194560
0312194706
0312195265
0312195516
0312195567
0312199406
0312199430
0312200102
0312201656
0312201664
0312203241
031220387X
0312205279
0312206135
0312241224
0312241356
0312242565
0312242735
0312244193
0312244266
0312245238
0312246560
0312250711
0312253435
0312254385
0312254407
0312261551
0312261861
0312262817
0312263996
0312264127
031226481X
0312265050
0312265271
0312265905
0312266049
0312266928
0312267002
0312267177
0312267681
0312267819
0312269102
0312269234
0312269242
0312269609
0312271921
0312273185
0312274777
0312275366
0312275420
0312276885
0312278233
0312278586
0312280041
0312282540
0312282710
0312282990
031228327X
0312283709
0312283784
0312284683
0312287364
0312287712
0312287860
0312288115
0312288573
0312288840
0312289510
0312289723
0312291027
0312291450
0312291639
0312291655
0312300506
0312300700
0312300883
031230093X
0312303386
0312303726
0312304250
0312304390
0312305060
0312306326
0312307497
0312308450
0312308639
0312311508
0312316089
031231616X
0312321201
0312335164
0312390130
0312420250
0312420315
0312420323
0312421001
0312421273
0312422156
031242227X
0312422288
0312422636
0312422911
0312565194
0312775199
031284879X
0312850093
0312852363
0312852487
0312853602
0312853890
0312853963
0312854285
0312856563
0312856652
0312857322
0312858116
0312858736
0312860684
0312861028
0312861125
0312861834
0312862040
031286258X
0312862938
0312863349
0312863551
0312864035
0312864124
0312864256
0312865163
0312866844
0312866879
0312867123
0312867875
0312868049
0312868243
0312868596
031286860X
0312868723
0312868952
0312869932
0312870361
031287054X
0312871937
0312871996
0312872143
0312872399
0312872720
0312873336
0312874766
0312875290
0312875304
0312875495
0312875827
0312876513
0312878885
0312879016
0312890001
0312890109
0312890222
0312890524
0312901437
0312905823
0312907044
0312912951
0312914873
0312922884
0312923856
0312924585
0312924801
0312925336
0312925883
0312926057
0312926146
0312926227
0312926286
0312926294
0312926456
0312926707
0312929595
0312929803
0312930372
0312931123
0312931735
0312933185
0312937385
031294165X
0312950586
0312950985
0312951426
0312951469
0312951795
0312952228
0312952376
0312953615
0312954425
0312954638
0312954786
0312955685
0312956916
0312957882
0312957890
0312958129
0312958455
0312959214
0312960344
0312960352
0312960875
0312960891
0312961251
0312961308
0312961510
0312961561
0312962320
0312962479
0312963009
0312963130
0312963173
0312964471
0312964943
0312965060
0312965214
0312965338
0312965788
0312965966
0312966040
0312966091
0312966113
0312966121
0312966407
0312966555
0312966776
0312966792
0312966806
0312966970
0312968523
0312969023
0312969031
0312969120
0312969139
0312969252
0312969430
0312969937
0312969961
0312970048
0312970129
0312970889
0312971346
0312971397
0312971540
0312971842
0312971982
0312972725
0312972997
0312973594
0312973624
0312973691
0312974027
0312974167
0312974256
0312974434
0312974485
0312974507
0312974620
0312974728
0312975228
0312975309
0312975643
0312975651
0312976364
0312976569
0312977026
0312977417
0312977670
0312977689
0312978332
0312978367
0312979096
0312979479
0312979487
0312979517
0312979584
0312979770
0312979886
0312979975
0312980140
0312980159
0312980191
0312980388
0312980663
0312981260
0312981570
0312981589
0312981678
0312982089
0312982518
0312982615
0312982623
0312982631
0312982909
0312983131
031298328X
0312983298
0312983336
0312983395
0312983433
0312983735
0312983786
0312983824
0312983867
0312984227
0312984235
0312984618
0312984820
0312984839
0312985207
0312986297
0312986343
0312987277
0312987625
0312988249
0312989393
0312989431
0312989873
0312990456
0312991460
0312992416
0312993498
0312993536
0312993544
0312998368
0316002305
0316030864
0316031046
0316031054
0316031313
0316037451
0316089699
0316096199
0316107018
0316108677
0316111163
0316115606
0316116556
0316117390
0316117412
0316121509
0316130133
0316139815
0316139866
0316168688
0316168815
0316172383
0316182540
0316184136
0316185493
0316198951
0316215937
0316277010
0316284955
0316285269
0316286125
0316286869
0316290238
0316290939
0316290963
0316291161
0316303682
0316326704
0316331511
0316341029
0316358312
0316358347
0316358452
0316358460
0316358487
0316358517
0316358568
0316363448
0316365521
0316399728
0316488356
0316488542
0316488941
0316513768
0316528005
0316548774
0316601950
0316602027
0316602051
0316603570
0316605107
0316605425
0316606081
0316611670
0316639842
0316655880
0316666009
0316666343
0316678104
0316690619
0316693006
0316693200
0316693235
0316693286
0316693294
0316693324
0316693715
0316693863
0316707376
0316707414
0316724440
0316733695
0316734756
0316734837
0316734896
0316735183
0316735604
0316735655
0316735698
0316743003
0316769029
0316769177
0316769487
0316769509
0316769517
0316769533
0316771643
0316776165
0316776963
0316777722
0316778508
0316779423
0316779490
0316779989
0316780375
0316781010
0316781266
0316781460
0316782262
0316782505
0316788228
0316789089
0316807095
0316807192
0316812471
0316815713
0316831301
0316837059
0316845256
0316853615
0316875473
0316898163
0316899984
0316903051
0316909688
0316910333
0316911488
0316912123
0316926086
0316926108
0316926345
0316930164
0316955159
0316955167
0316969443
0321043731
032104617X
0321049314
032108764X
0321108051
0321196775
0324073801
0330029002
0330201077
0330234471
0330235044
0330238329
0330247328
0330253948
0330255320
0330262130
0330265865
0330267388
0330273140
0330273531
0330273949
0330301764
0330306839
0330314971
0330327720
0330329286
0330330535
0330332694
0330332775
0330335278
0330337394
0330340646
0330342134
0330345605
033035034X
033035132x
0330352253
0330352695
0330352962
0330354566
0330360000
0330360051
0330360787
0330364251
0330375253
0330376195
033039018X
0330397273
033039780X
0330397907
0330397923
0330397931
0330397974
033039892X
0330400150
0330415557
0330419560
033048205X
0330484907
0330484915
0330487612
0330487949
0330491199
0330491482
0330492047
0333654013
0333685237
0333750322
0333782259
0333783247
0333783301
0340041420
0340192704
0340206993
0340268778
0340424354
0340568879
0340589353
0340592826
034064415X
0340651326
0340670932
034068948X
0340693096
0340696621
0340716215
0340717378
0340718153
0340726822
034073275X
0340742496
0340746475
0340766298
0340770643
0340778504
0340778687
0340784989
0340784997
0340785004
0340785012
0340785357
0340786051
0340792140
0340793708
0340817461
034081800X
0340854693
0340860944
0340873612
0345228928
0345248228
034524866X
0345248686
0345253426
0345253736
0345255216
0345257162
0345260791
0345272013
0345272579
0345273559
0345274563
0345275519
0345275748
0345277996
0345279093
0345279255
0345282132
0345283929
0345284941
0345285387
0345285549
0345285557
0345285859
034528643X
0345287797
0345288408
0345289781
0345291417
0345292561
0345293010
0345294459
0345294726
0345295684
0345296044
0345296052
0345296060
0345296087
0345296532
0345296621
0345296648
0345296702
0345296710
0345297679
0345297695
0345297709
0345297911
0345297989
0345298187
0345298349
034529873X
0345299035
0345300203
0345300610
0345300807
0345301706
0345301870
0345302141
034530280X
0345302907
0345303067
034530392X
034530456X
0345304659
034530537X
0345305930
0345306341
0345306449
0345307453
0345307615
0345307674
0345308336
034530876X
034530988X
0345309979
0345310020
034531011X
0345310799
0345311078
0345311396
0345311485
0345311779
0345311809
034531235X
0345312716
0345313097
0345313151
0345313755
0345313860
0345314255
0345314484
0345314867
0345314891
0345315421
0345315499
0345315618
0345316002
0345316509
0345316770
0345317580
0345317718
0345317998
0345318315
034531882X
0345318854
0345318862
0345319087
0345319540
0345320093
0345320107
0345320115
0345320166
0345320182
0345320220
0345321065
0345321383
0345322215
0345322231
0345322401
0345322428
0345323440
0345323564
0345323750
0345323807
0345324412
0345324455
0345324498
0345325079
034532532X
0345325885
0345326040
0345327225
0345327306
0345327454
0345327772
0345328175
0345328396
0345328949
0345330153
0345331001
0345331354
0345331397
0345333926
0345334019
0345334310
0345334531
0345334809
0345334973
0345335406
0345335457
0345335465
0345335511
0345335651
0345335686
0345335805
0345335899
0345336038
0345336046
0345336062
0345336275
0345337557
0345337662
0345337727
0345337964
0345338588
0345339215
0345339258
0345339495
0345339681
0345339703
0345339711
0345339967
0345340345
0345340418
0345340884
0345340892
0345341201
0345341228
0345342569
0345342968
0345343387
0345343581
0345344464
0345344855
0345345061
0345345738
0345345991
0345346505
0345347250
0345347536
0345347579
0345347897
0345347951
0345347994
0345348036
0345348109
0345348680
0345348699
0345348702
0345349474
0345350162
0345350472
0345350480
0345350499
0345350502
0345350529
0345350588
0345350685
0345351525
0345351568
0345351746
0345351959
0345352467
0345352661
0345352750
0345352920
0345352939
0345353145
0345353358
0345353749
0345353889
0345353943
0345354435
0345354613
0345354621
0345354648
0345354893
0345354923
0345354931
0345355237
0345355245
0345355563
0345355806
0345356365
034535639X
0345356500
0345356578
0345356748
0345356918
0345357116
0345357183
0345358031
0345358791
0345359267
0345359313
0345359321
0345359925
034536029X
0345361628
0345361792
0345362861
0345363582
034536497X
0345365151
0345365933
0345366239
0345366549
034536676X
0345366891
0345367421
0345367561
0345367650
0345367855
0345367898
0345368290
0345368711
0345368754
0345368932
0345368959
0345368975
0345368991
0345369068
0345369114
0345369335
0345369343
0345369351
0345369432
0345369947
034536998X
0345370295
0345370430
0345370740
0345370775
0345370805
0345371070
0345371631
0345373685
0345373707
034537455X
034537472X
0345375211
034537522X
034537536X
0345375580
0345377362
0345377591
034537763X
0345377648
0345377966
0345378482
0345378490
0345379802
034538055X
0345381408
0345381432
0345381467
034538170X
0345381769
034538184X
0345382846
034538332X
0345383850
0345384202
034538430X
0345384350
0345384377
0345384466
034538475X
0345385470
0345386108
0345386256
0345386302
034538640X
0345386574
0345387007
0345387023
0345387554
0345387651
0345387791
0345387805
0345387813
0345388186
0345388216
0345388453
034538900X
0345389220
0345389417
0345389468
0345390849
034539092X
0345391055
0345391101
0345391330
0345391691
0345391802
0345391810
0345391829
0345391926
0345392450
0345392469
0345392485
0345392876
0345394267
0345394380
0345394933
034539531X
0345395328
0345395336
0345395751
0345396065
0345396529
0345396537
0345396545
0345396553
034539657X
0345396812
0345396936
0345397673
0345397819
0345397827
034540002X
0345400437
034540047X
0345400577
0345401964
0345402308
0345402871
034540288X
034540324X
0345403959
0345404114
0345404319
0345404475
0345404769
0345404777
0345404785
0345405668
0345406850
034540727X
0345407709
034540873X
0345408810
0345409051
0345409272
0345409329
0345409469
0345409671
0345410017
0345410084
0345410092
034541215X
0345412214
0345412419
0345413121
0345413350
0345413369
0345413377
0345413881
034541389X
0345414055
0345416260
0345416430
0345416600
0345416716
0345416848
0345416880
0345417062
0345417623
034541778X
0345418018
0345418263
0345418689
0345418786
0345418794
0345418824
0345418832
0345418913
0345419383
0345419634
0345419677
0345419995
0345420438
0345421221
0345421949
0345422317
0345422384
0345422392
0345422406
0345422473
034542252X
0345422554
0345422589
034542266X
0345422953
0345423089
0345423097
0345423135
0345423399
0345423402
0345423429
0345423496
0345423615
0345423631
0345424468
0345424719
0345424808
0345425294
0345425308
0345425596
0345425707
0345425898
0345426037
0345426274
0345427637
0345427653
0345427998
0345428064
0345428455
0345428560
0345428595
0345428609
0345428641
0345428684
0345428692
0345428811
0345428900
0345429036
034543014X
0345430352
0345430395
034543076X
0345430786
034543126X
0345432398
034543241X
0345432479
0345432487
0345432711
0345433017
0345433165
0345433270
0345433785
0345434471
0345434498
0345434676
0345434692
0345434781
034543479X
0345434803
0345434870
0345435028
0345435168
0345435249
0345435273
0345435419
0345435753
0345435796
0345436911
034543739X
0345437829
0345437853
0345438310
0345438329
0345438736
034543885X
0345439015
0345439104
0345439503
0345439724
0345440145
0345440226
034544051X
0345440757
0345440781
0345440951
0345441001
0345441036
0345441133
0345441184
0345441435
0345441443
0345441451
034544244X
0345442636
0345443004
0345443128
034544325X
0345443284
034544356X
0345443683
0345444051
0345444884
0345445848
0345445856
0345445937
0345446542
0345446593
0345446666
0345446941
0345446976
0345447174
0345447409
0345447840
0345447867
0345447980
0345448243
0345448820
0345448987
0345448995
0345449266
0345449347
0345450051
0345450647
0345450663
0345450728
0345450892
0345450914
0345451325
0345452062
0345452372
0345452550
0345452569
034545328X
034545331X
0345453387
0345453409
0345453549
0345453743
0345453808
0345453816
0345454073
0345455320
0345455622
0345456009
0345456335
0345456483
0345456939
0345457838
0345458915
0345459164
0345459202
0345459210
0345459679
0345460359
0345460952
0345461045
0345461967
0345462807
0345463153
0345463269
0345464958
0345464982
0345465083
0345466357
0345466454
0345915682
0345917421
0349101787
0349102651
0349107688
0349109699
0349112231
0349112363
0349114021
035230703X
0352317167
0373023049
0373024134
0373024835
037302486X
0373025300
037302553X
0373025742
0373025858
0373026498
037302651X
0373026625
0373026706
0373027591
0373027826
0373028350
0373028423
0373028601
0373028865
0373029306
0373029772
0373029950
0373030290
0373030444
0373030940
0373031084
0373031416
037303203X
037303234X
0373032374
0373032528
0373032552
0373032676
0373032811
0373032854
0373032978
0373033605
0373033613
0373034849
0373036582
0373037317
0373037325
0373037430
0373037449
0373037473
0373037481
0373037619
0373037635
0373037716
0373037724
0373037732
0373037740
0373057466
0373058837
0373059027
0373070926
0373071647
0373075774
0373076126
0373076134
037307672X
0373076738
0373077599
0373078110
0373078234
0373079303
0373079613
0373093276
0373095538
0373099967
0373104154
0373104472
0373106327
0373106521
0373106815
0373109946
0373109997
0373110723
0373112629
0373114982
0373115431
0373115539
037311768X
0373118155
0373118333
0373118899
0373119747
0373119755
0373119798
0373119992
0373120079
037312094X
0373122152
0373122292
0373122829
0373122985
0373123035
0373123043
037312306X
0373123108
0373123167
0373123205
037312323X
0373123248
0373123280
0373123353
0373123485
037312354X
0373153260
0373153279
0373160623
0373160739
0373160925
037316243X
0373163789
0373164475
0373165706
0373165897
0373166907
0373167334
0373167520
0373167768
0373167881
0373168683
0373169035
0373169256
0373169647
0373169752
0373169876
0373169922
0373169957
0373185073
0373185189
0373191456
0373192940
0373193505
0373193610
0373194447
0373194773
0373195257
0373195451
0373196148
0373196431
037319644X
0373196466
0373196482
0373196679
0373196725
0373196741
0373196865
037319689x
0373196903
0373196962
0373196989
0373197187
0373201060
0373201346
0373217099
0373217110
037321720X
0373218036
037321815X
0373218192
0373218257
0373218303
0373218338
0373218362
0373218400
0373218419
0373218427
0373218435
0373218486
0373218540
0373218737
037321877X
0373218966
0373218974
0373220626
0373221436
0373222815
0373224281
0373224559
0373224834
0373224990
0373225156
0373225164
0373225318
0373225334
037322544X
0373225881
0373226144
0373226306
0373226357
0373226446
0373226586
0373226632
0373226683
037322687X
0373226918
0373227272
0373227353
0373227396
0373239963
0373240007
0373240333
0373240813
0373241453
0373241712
0373242026
0373242328
0373242611
0373243219
0373243278
0373243286
037324357X
0373243642
037324374X
0373243790
0373243839
0373244487
0373244770
0373245440
0373245580
0373245696
0373245815
0373245866
0373250118
0373250126
0373250134
0373250142
0373250150
0373250169
0373250177
0373250185
0373250193
0373250207
0373250215
0373250223
037325024X
0373250258
0373250274
0373250282
0373250290
0373250304
0373250347
0373250355
037325041X
0373250479
0373250541
0373253117
0373254539
0373257058
0373257546
0373258151
0373258631
0373258704
0373258798
0373258933
0373258968
0373259530
037325962X
0373259735
0373259786
037326030X
0373260350
0373261047
0373261233
0373261306
0373261322
0373261403
0373261438
0373261535
0373261861
0373262329
0373262515
0373262698
0373263260
0373263406
037326352X
0373263708
0373264003
0373264348
0373264607
0373264909
037327033X
0373270917
0373270976
0373271506
0373271808
0373272154
0373272596
0373272707
0373272839
0373273134
0373273266
0373285000
0373286651
0373287720
0373288026
0373288255
0373288654
0373288816
0373288980
0373289170
0373289391
0373289596
0373289618
0373289626
0373290195
0373290233
0373290284
037329056X
0373290578
0373290608
0373290705
0373290721
0373290756
0373290764
037329087X
0373290888
0373290896
037329090X
0373290934
0373291108
0373291205
037329123X
0373291256
0373291450
0373291620
0373291841
0373291965
0373292074
0373292139
037329218X
0373292252
037329235X
0373292880
0373292945
0373293135
0373293143
0373311087
0373387091
0373387113
0373440502
0373441193
0373441231
0373441282
0373441371
0373441428
0373441479
0373441649
0373441711
0373441738
0373441754
0373441762
0373441797
0373441878
0373441886
0373441894
0373441908
0373441916
0373441924
0373441932
0373441940
0373441959
0373441967
0373451768
037347198X
0373482493
0373482612
0373483325
0373483422
0373483503
0373483511
0373483546
0373483554
0373483651
0373483694
0373483872
0373483880
0373483899
0373483902
037348397X
0373484003
0373484089
0373484100
0373484224
0373484240
0373484372
0373484399
0373484410
0373484429
0373484518
0373484585
0373484615
0373484631
0373484704
0373484747
0373484771
0373484836
0373484887
0373484895
0373484984
0373501730
0373510144
0373512260
0373512457
0373520492
0373520514
0373600739
0373612443
0373612575
0373613601
0373614918
0373625200
037362526X
0373625723
0373627157
0373638388
037364289X
037364292X
037365023X
0373650256
0373650477
0373650485
0373650507
0373650515
0373650523
037365054X
0373650558
0373650566
0373691076
0373691084
0373691211
0373691300
0373691580
0373703619
0373704313
0373704666
0373704763
0373705166
0373705263
0373705948
0373706030
0373706197
0373706200
0373706456
0373706677
037370688X
037370707X
0373707169
0373707185
0373707355
037370741X
0373707584
0373707606
0373707614
0373707673
037370786X
0373707932
0373708173
0373708556
0373708955
0373709153
0373709382
0373709420
0373709633
0373709846
0373710674
0373710836
0373711182
0373711263
0373711328
0373711484
0373711506
037371159X
0373711646
0373711719
0373711735
0373711948
0373711956
0373711964
0373712006
0373712014
0373712030
0373712049
0373712057
0373750013
037375020X
0373761341
037376135X
0373761414
0373761910
0373762151
0373762550
0373762569
0373762577
0373762615
0373762666
0373762690
0373762747
0373762925
0373762933
0373762992
0373763506
0373764103
0373764413
0373764863
037376488X
0373764995
0373765096
0373765185
0373765207
0373765266
0373765320
0373765460
0373765541
0373785089
0373790015
0373790058
0373790147
0373790155
0373790163
0373790198
0373790236
0373790295
0373790406
0373790473
0373790554
0373790783
0373790791
0373790864
0373790899
0373790945
0373790961
0373791046
0373791054
0373791208
0373791291
0373802021
0373802072
0373805225
0373805241
0373825013
0373825021
037382503X
0373825048
0373825102
0373825307
0373832451
0373833156
0373833164
037383344X
0373833458
0373833466
0373833695
0373834152
0373834284
0373834551
0373834586
0373834616
0373834640
0373834675
0373834691
0373834764
0373834799
0373834802
0373834985
0373834993
0373835086
0373835272
0373835396
0373835515
0373835582
037383568X
0373835744
0373835760
037383585X
0373835892
0373835922
0373836309
0373870760
0373871244
0373871295
0373871473
0373871554
0373871562
0373871570
0373871589
0373871600
0373871619
0373871627
0373871635
0373871643
0373871694
0373871740
0373871759
0373871775
0373871821
0373871848
0373871856
0373871872
0373871880
0373871902
0373871910
0373872038
0373872046
0373872054
0373872062
0373872070
0373872089
0373872097
0373872100
0373872119
0373872127
0373872135
0373872143
0373872151
037387216X
0373872178
0373872186
0373872410
0373872429
0373872437
0373872569
0373872577
0373872593
0373880294
0373898819
0374105219
0374115540
0374121230
0374129983
0374138591
0374172897
0374176787
0374199698
0374232105
0374236488
0374266425
0374266514
0374270325
0374272301
0374281602
0374332657
0374336644
0374355282
0374357366
0374371520
0374372780
0374377839
0374387060
0374387788
0374399883
0374400164
0374404143
0374404755
0374417040
0374423415
0374424829
0374425906
0374437130
0374453071
0374455732
0374461554
0374469903
0374474133
0374480125
0374480133
0374483655
0374502005
0374503486
0374504644
0374522839
0374522928
0374524238
0374525188
0374525811
0374526222
0374527229
0375400060
0375400117
0375400184
0375400605
0375400699
0375401571
0375401601
037540256X
0375403175
0375403736
0375404643
0375405429
037540600X
0375406522
0375407081
0375409130
0375409270
0375409440
0375410198
0375410767
0375411151
0375411453
0375411550
0375411992
0375412328
0375413081
037541309X
0375413634
0375413901
0375414053
0375414517
0375414576
0375415467
0375420908
0375421599
0375421602
037542217X
0375422307
0375431144
0375431764
0375432302
0375433449
0375500766
0375501371
0375501851
0375502025
0375502238
0375502300
0375502815
0375502866
0375502912
0375503684
0375503722
037550396X
0375504397
0375504613
0375505547
0375505997
0375506039
0375507442
0375507507
0375507523
0375507779
0375508546
037550883X
0375700137
0375700269
0375700293
0375700528
0375700668
0375700684
0375700692
0375700757
037570082X
0375701214
0375701427
0375701613
0375701907
0375701966
0375702164
0375702709
0375703055
0375703063
0375703128
0375703373
0375703675
0375703764
0375703861
037570440X
0375704469
0375704833
037570504X
0375705171
0375705198
0375705244
0375705503
0375705856
0375706410
0375706429
0375706771
0375707212
0375707409
0375707719
0375707972
0375708049
0375708316
0375708707
0375708731
037570910X
0375713344
037571412X
0375714413
0375714464
0375714510
0375714596
0375718850
037571894X
0375719180
0375724370
0375724400
0375724583
0375724842
0375725466
0375725601
0375725784
0375725806
0375726055
0375726403
0375726691
0375727132
0375727191
0375727345
0375727434
0375727752
0375727779
0375727965
0375750223
0375751505
0375751513
0375752161
0375752501
037575251X
0375752528
0375753788
0375756442
0375756485
0375756701
0375756752
0375756981
037575699X
0375757015
0375757147
0375757295
0375757341
0375757376
0375757392
0375757422
0375757597
0375757813
0375757880
0375758453
0375758623
0375758755
0375758992
0375759778
0375760628
0375760903
0375760911
0375761381
0375762469
0375763317
0375800298
0375801766
0375801839
037580207X
037580210X
0375802118
0375802819
0375802924
0375802940
0375803378
0375803386
0375803483
0375806717
0375811745
0375811753
0375812032
0375812776
037581356X
0375814914
0375815252
037582233X
0375822739
0375823352
0375823360
037582345X
0375823468
0375825444
0375826688
0375828192
0375828249
037591174X
0375926682
0376060360
0380000490
0380001098
0380001152
0380001411
038000142X
0380002450
0380002930
038000321X
0380003953
0380004658
0380004801
0380005239
0380006766
0380008319
0380008424
0380008637
0380010038
0380012057
0380012278
0380012774
0380012863
0380014300
0380015188
0380015390
0380015811
0380016974
0380017601
0380017962
0380018179
0380018446
0380391236
0380400308
0380400480
0380429780
0380432811
0380442221
038045534X
0380470845
0380472821
0380493462
0380517221
0380542625
0380545020
0380558890
038056176X
0380569035
0380570912
0380599236
038059949X
0380600129
0380603764
0380613255
0380614081
0380615800
0380619458
0380645432
0380646420
0380652196
0380654903
038067470X
0380679914
0380690543
0380698439
0380698714
0380699710
0380700247
0380700824
0380700948
0380701014
0380701340
0380702754
0380702843
0380702886
0380703122
0380703254
0380703637
0380703696
038070384X
0380703882
0380704161
0380704471
0380704900
0380705001
0380705710
0380705729
0380705753
0380705788
0380706504
0380706873
0380707063
0380707276
0380707640
0380708213
0380708655
0380709139
0380709163
038070918X
038070921X
038070935X
038070952X
0380709538
0380709546
0380709554
0380709562
0380709597
0380709910
0380710218
0380710277
0380710404
0380710757
0380710811
0380710870
0380710897
0380711044
0380711079
0380711168
0380711524
0380711788
0380711842
0380711877
0380711923
0380712040
0380712113
0380712369
0380712962
0380713330
0380713519
0380713624
0380713748
0380713802
0380714752
0380715309
0380715430
0380715635
0380715929
0380716453
0380716488
0380716542
0380717018
0380717115
0380717123
0380718057
0380718332
0380718340
0380718677
0380718758
0380718839
0380719002
038071907X
0380719142
0380719185
0380719223
038071972X
0380720116
0380720132
0380720175
0380720191
0380720396
0380720647
0380720868
0380720876
0380721139
0380721406
0380721457
0380721678
0380722518
0380722534
0380722607
0380722704
0380722925
0380723565
0380723638
0380723816
0380723840
0380724235
0380724243
0380724324
0380724596
0380724693
0380724979
0380725231
0380725363
038072541X
0380725584
0380725703
0380725711
0380725754
0380725827
0380725843
0380725924
0380726246
0380726254
0380726262
0380726475
0380726815
0380726890
038072703X
0380727463
0380727501
038072751X
0380727692
0380727749
0380728001
0380728036
0380728052
0380728060
0380728079
0380728125
0380728133
0380728176
0380728249
0380728613
0380728621
0380728745
0380728842
0380728850
0380728966
0380729113
0380729210
0380729342
0380729407
0380729709
0380729741
0380729768
0380729792
0380730065
038073009X
0380730138
0380730367
0380730448
0380730537
0380730774
0380730847
0380731134
0380731142
0380731177
0380731207
0380731215
0380731320
0380731339
0380731398
0380731487
0380731495
0380731509
0380731517
0380731614
0380731754
0380731851
038073186X
0380732033
0380732181
0380732238
0380732289
038073298X
0380733196
0380733234
0380733358
0380750082
0380750252
0380750260
0380750848
0380750872
0380751259
0380751720
0380751925
0380752115
0380752131
038075228X
0380752859
0380752867
0380752891
0380752980
0380753006
0380753022
0380754134
0380754762
0380754843
0380755610
0380756269
0380756277
0380756285
0380757001
0380757206
0380758326
0380758377
0380759055
0380759152
0380759470
0380759489
0380759497
0380761122
0380761327
0380761505
0380761963
0380762587
0380762595
0380762609
0380762951
0380763400
0380764644
038076511X
0380765195
0380765357
0380765489
0380766841
0380766922
0380767589
0380767643
0380769514
038077013X
0380770466
0380771292
0380771705
0380772469
0380772973
038077352X
0380773813
0380775476
0380775492
0380775670
0380775840
038077593X
0380776634
0380776839
0380776847
0380777169
0380777304
0380777606
0380778009
0380778556
0380778726
0380778874
0380779617
0380779765
0380779994
0380780437
0380780755
0380780860
0380780879
0380781239
0380781360
0380781379
0380781433
0380781441
0380781468
0380782332
0380782340
038078274X
0380783207
038078341X
038078369X
038078405X
0380784165
0380784300
0380784505
0380784602
0380785153
038078517X
0380785560
0380785625
038078565X
0380785668
0380786079
0380786761
0380788683
0380788713
0380788756
0380789019
0380789035
0380789337
0380789353
0380789590
0380789876
0380789884
0380789949
0380789957
0380790041
0380790068
0380790270
0380790505
0380790866
0380790904
0380790920
0380791048
0380791137
0380791404
0380791412
0380791676
0380791951
0380792249
0380792478
0380792494
0380792656
0380792745
0380792885
0380792923
0380793229
0380793334
0380793342
0380793482
0380793490
0380794276
0380794470
0380794489
0380794551
038079456X
0380794578
0380794667
0380795272
0380795566
0380795655
0380796147
0380796252
0380797763
0380798271
0380798395
038079845X
0380798573
0380798581
0380798867
0380799146
0380799367
0380799375
0380799383
0380799448
038079960X
0380800500
0380800640
038080073X
0380800810
0380801213
038080123X
0380801671
0380802112
0380802147
0380802155
0380802163
0380802171
0380802236
0380802309
0380802317
0380802325
0380802562
0380802945
038080297X
0380803046
0380803186
0380803739
0380804387
0380804662
0380804891
0380805189
0380805669
0380805693
0380805707
0380805863
0380805871
0380805936
0380806452
0380807157
0380807343
0380807351
0380807424
0380807432
0380807890
0380807947
038080803X
0380808072
0380808080
0380808307
0380808315
0380808323
0380808625
0380808676
0380809176
0380809273
0380809303
0380809354
0380809362
0380809885
0380810220
0380810247
0380810565
0380811065
0380811073
0380811081
0380811111
0380811278
0380811790
0380811898
0380811901
0380811987
0380811995
0380812002
0380812010
0380812029
0380812037
0380812916
0380812924
0380812975
0380813149
0380813424
0380813793
0380813815
0380814021
038081403X
0380814137
0380814382
0380814439
038081448X
0380814609
0380814714
038081479X
0380814803
0380814811
0380814889
0380814897
0380815443
0380815516
0380815575
0380815583
0380815923
0380816547
0380816555
0380816822
0380817144
0380817152
0380817446
0380817624
0380818213
0380818337
0380818604
0380818973
0380819171
0380819201
0380819368
0380819376
0380819627
0380819708
0380819724
0380820145
0380820293
0380820447
0380820544
0380820846
0380820854
0380820889
0380820897
038082101X
0380821036
0380821214
0380822970
0380834448
0380844001
0380846578
0380851180
0380861658
0380871556
0380884682
0380892847
038089517X
0380896427
0380896699
0380896931
0380897393
0380897822
0380898527
0380899531
038089968X
0380899825
0380973545
0380973634
0380973642
0380973650
0380973928
0380974061
0380976862
0380977761
0380977788
0380977990
0380978407
0380978482
0380978512
0380978539
0380978563
0380978849
0382099931
0385000197
0385007515
0385009135
0385014899
0385029551
0385031386
0385036914
0385041594
0385059418
0385086954
0385096313
0385112459
0385121679
0385124740
0385143001
0385174837
0385177682
0385181655
0385182449
0385197519
0385197845
0385199570
038523029X
0385233124
0385234104
0385239548
0385243278
0385245556
0385247311
0385247745
0385247958
038524813X
0385260083
0385261853
0385261918
0385264763
0385265204
0385265565
0385265700
0385266294
0385271891
0385271980
0385283431
0385294182
0385294344
038529445X
0385295901
0385296495
0385296649
0385297661
038529929X
038530143X
0385301898
0385302304
0385304900
0385306024
0385306032
0385307810
0385309201
038531177X
0385312202
038531258X
0385312628
038531292X
0385314280
0385314345
0385314744
0385315066
0385315147
0385315228
0385315236
0385315309
0385315724
0385316917
0385317093
0385317360
0385318170
0385318278
0385318294
0385319037
0385319207
0385319568
0385319673
0385319800
0385319940
0385319959
0385320175
0385321422
0385321759
0385321899
0385322267
0385322798
0385323050
0385323069
0385323395
0385323565
0385323905
0385324057
0385324081
0385325665
0385326114
038532720X
0385327439
0385327501
0385327617
0385327935
0385327943
0385332963
038533303X
038533334X
0385333358
0385333404
0385333412
0385333463
038533348X
0385333498
0385333501
0385333781
0385333846
0385333862
0385333870
0385333900
0385333919
0385334060
0385334141
0385334265
0385334575
0385334583
0385334877
0385334923
038533494X
0385335431
0385335482
0385335830
0385335857
0385335881
0385336179
0385336314
038533656X
0385336608
0385336772
0385336799
0385336810
0385337116
0385337477
0385337574
0385337639
0385337663
0385338112
0385406703
0385409435
0385411278
0385411596
0385413017
0385413041
0385415443
0385417101
0385418868
0385420161
038542017X
0385421982
038542471X
0385424728
0385424736
0385425074
0385425295
0385425473
0385468865
0385469683
0385469705
0385470800
0385470819
0385471106
0385472951
0385472994
0385473788
0385474016
0385474466
0385474547
038547458X
0385475489
0385475721
0385477155
0385479174
0385479662
0385480016
0385481969
0385482388
0385483414
0385483503
0385484011
0385486081
0385486804
0385487339
0385489005
038548951X
0385490445
038549081X
0385490992
0385491026
0385491034
0385491050
0385491077
0385491085
038549128X
0385491360
0385491603
0385491808
0385492081
0385492243
0385492359
0385492510
0385492790
0385493800
0385494785
0385495757
0385496931
0385496982
0385497466
0385497687
0385497946
0385498411
0385498527
0385498543
0385498721
0385498748
0385498802
0385498942
0385500769
038550084X
0385501005
038550120X
0385501560
0385502532
0385503466
0385503822
0385504470
0385505833
0385506708
0385507593
0385507674
0385508042
0385508417
038550926X
0385509456
0385509472
0385510098
0385510438
0385511612
0385512104
0385512147
0385720106
0385720114
0385720149
0385720211
0385720254
0385720408
0385720467
0385720920
0385720955
0385721110
0385721285
0385721420
038572179X
0385721862
0385721897
0385722192
0385722206
0385722435
0385729251
0385729332
0385729340
038572974X
0385729758
0385730284
0385730586
0385730713
0385730918
0385731159
0385731191
0393000567
0393007898
0393019578
039302749X
0393030342
0393033996
0393035891
0393037606
0393039242
0393039765
039304016X
0393041123
0393041832
0393041905
0393043762
0393047857
0393048144
0393049515
0393049566
0393049736
0393050424
0393050939
0393057240
039305747X
0393073610
0393090027
0393099415
0393301087
0393307050
0393308197
0393310329
0393310752
0393311015
0393311198
0393312801
0393312836
0393312917
0393314251
0393314324
0393314804
0393315088
0393315630
0393315819
0393316009
0393316386
0393316734
0393317552
0393318222
0393318249
0393318451
0393318680
0393319296
0393320979
0393321576
0393321746
0393322815
039332298X
0393323374
039332365X
0393323803
0393324141
0393324583
0393324761
0393325172
0393951820
0393957241
0393959015
039395904X
0393960579
0393966356
0393967522
0393967972
0393968200
0393969665
0393975800
0394172086
0394179692
0394281624
0394404289
0394406192
0394423348
0394493451
0394500792
0394504321
0394505050
039450657X
0394512456
0394517482
039452764X
0394530195
0394534328
0394534433
0394537602
0394543963
0394546407
0394549953
0394558235
0394558766
0394561619
0394565614
039457172X
0394574745
0394578775
0394578791
0394580567
0394586603
0394587545
0394588169
0394589165
0394589424
0394589955
0394700023
0394701267
0394703871
0394710487
0394713516
0394713729
0394716531
0394718526
0394719859
0394723929
0394725808
0394725824
0394726405
0394726413
0394726421
0394728998
0394740181
039474098X
0394741048
0394742117
0394747232
0394749308
0394749499
0394750918
0394751019
0394751043
0394755111
039475591X
0394756886
0394757572
0394757599
0394757688
0394758250
0394758374
039480001X
0394800028
0394800133
0394800206
039480029X
0394800478
0394805720
0394809378
0394812883
0394815009
0394819977
0394820371
0394823249
0394823370
0394825691
0394825713
0394825985
0394825993
0394829115
0394829204
0394830148
0394832876
039483609X
0394836111
0394837363
0394839129
0394839145
039483917X
0394839196
0394841220
0394843770
0394844521
0394846737
0394848373
0394848381
0394848896
0394849558
0394850874
0394856333
0394859227
0394860152
039486154X
0394865707
0394865804
0394868811
0394869206
0394872177
0394873319
0394873343
039487336X
0394873416
0394875168
0394878655
0394881788
0394882407
0394889002
0394891732
0394895894
0394896092
0394897897
0394900200
0394904974
0394923243
0394926250
0394935942
0394954602
0395051126
0395083567
0395083656
0395137136
0395137195
0395160332
0395177111
0395243505
0395299292
0395305322
0395330688
0395338905
0395348358
0395353629
0395356431
0395368944
0395368952
0395390338
0395390354
0395390362
0395442567
0395455170
0395465559
0395475937
0395478049
0395488893
0395488907
0395489288
0395489318
0395489334
0395510600
0395511224
0395519519
0395549701
0395551722
0395572266
0395606497
0395616239
0395617693
0395618185
0395621518
0395633133
0395633206
0395640229
0395674379
039568093X
0395681863
0395707420
0395710413
0395742803
039575514X
0395771382
0395771552
0395775396
0395775515
0395783747
0395816491
0395816521
0395827485
0395827515
0395827604
0395833620
0395833647
0395837065
0395837383
039585993X
0395859972
0395861357
0395868866
0395875145
0395877334
0395878063
0395885302
0395925037
0395926882
039592720X
0395928648
0395936551
0395957524
0395957753
0395957990
0395966051
0395971179
0395974682
0395977711
0395977894
0395978270
0396065023
0396066178
0396088678
0397300727
0397306938
0397318731
0397320043
0397321651
0399103422
0399125000
0399126643
0399128964
0399129642
0399130470
0399131299
0399131434
0399132414
0399133143
0399133453
0399134204
0399135081
0399135707
0399135782
0399135790
0399137149
0399137734
0399138013
0399138285
0399138439
0399138749
0399139060
0399139079
0399139087
0399139273
0399139540
0399140557
0399140654
0399140751
0399140913
0399141200
0399141227
0399141294
0399141340
0399141464
039914210X
0399142282
0399142541
0399142789
0399142851
0399143130
0399143165
0399143335
0399143343
0399143661
0399143718
0399143807
0399143823
0399143882
0399143912
0399144048
0399144315
0399144412
0399144463
039914465X
0399144706
0399144730
0399144803
039914496X
039914501X
0399145052
0399145087
0399145419
0399145702
0399145885
0399145923
0399145990
039914613X
0399146253
0399146415
0399146423
0399146431
0399146601
0399146652
0399146687
039914675X
0399147012
0399147055
0399147128
0399147357
0399147381
039914739X
0399147551
0399148051
0399148248
039914840X
0399148582
0399149155
0399149244
0399149325
0399149392
0399149457
0399149562
0399149848
0399149864
0399150838
0399151540
0399151648
0399151850
0399206868
0399207031
0399214240
0399215492
039921741X
0399218777
0399219927
0399221301
0399226702
0399228055
0399229051
0399229140
0399229469
0399231129
0399231420
0399231609
039923165X
0399233075
0399234519
039923490X
0399236015
0399236201
0399236260
0399237968
0399238506
0399238786
0399239995
0399500359
0399501487
0399503455
0399507914
0399518231
0399519866
0399522115
0399525440
0399526277
0399528164
0399529209
0399529306
0413346102
0413537900
0413710300
0413724700
041502630X
0415028256
0415106001
0415215218
0415261295
0415902630
0415916739
0415918405
0415920124
041593432X
0415943205
041618846X
041619656X
0425048543
0425048691
0425050017
0425051900
0425054535
0425054713
0425059995
042506137X
0425061426
0425062775
0425067645
0425067750
0425067823
0425068099
0425070085
0425071197
0425071545
042507448X
0425077047
0425077829
0425080021
0425081818
0425083837
0425083853
042508437X
0425086798
042508762X
0425089037
042508907X
0425092917
0425093271
0425094537
0425095576
0425096440
042509670X
0425097226
0425097722
0425098087
0425098400
0425098540
0425098559
0425098605
0425098648
0425098680
0425098826
0425098842
0425098885
0425099024
0425099032
0425099148
0425099334
0425099695
0425100057
0425100146
0425100448
0425100650
042510107X
0425101533
0425101797
0425102416
0425104273
042510429X
0425104338
0425104346
0425104354
0425104370
042510477X
0425104842
0425105334
0425105695
0425106403
042510687X
0425107469
0425108589
0425109720
0425110427
0425110605
0425110621
0425112152
0425113884
0425114236
0425115291
0425116166
0425116417
0425116840
042511872X
0425119173
0425119653
0425119920
0425120015
0425120031
0425120279
0425120430
0425121259
0425122123
0425122867
0425122956
0425123340
0425123448
0425123456
0425124347
0425124487
0425125289
0425125467
0425126064
0425127818
0425127931
0425128458
0425129586
0425129616
0425130223
0425130231
042513024X
0425130711
0425130894
0425131769
0425132048
0425132153
0425132358
0425132935
0425132951
0425132986
042513301X
0425133052
042513329X
0425133516
0425133540
0425135004
0425135020
042513525X
0425135721
0425135772
0425136191
0425136981
042513699X
0425137562
0425137937
0425138232
0425139069
0425139522
0425139808
0425140032
0425140040
0425140601
0425140946
0425141233
0425141551
042514237X
0425142981
0425143325
0425143597
0425144372
0425145638
0425146413
0425146421
0425147193
0425147266
0425147363
0425147517
0425147584
0425147754
0425147770
0425148254
0425148297
0425148300
0425148637
042514898X
0425149412
0425150151
0425150186
0425150429
042515050X
0425151867
0425151875
0425151883
0425152251
0425152499
0425152898
042515291X
0425153789
0425154092
0425154882
0425155188
0425155404
0425155412
0425155420
0425155943
042515601X
0425156745
0425156842
0425157539
0425157628
0425158616
0425158632
0425158640
0425159612
042515971X
042515999X
0425160394
0425160416
0425160440
0425160815
042516098X
0425161021
0425161242
0425161285
0425161390
0425161633
0425161749
0425162400
0425162443
042516246X
0425162788
0425163032
0425163091
0425163148
0425163385
0425163407
0425163717
0425163733
042516375X
0425163865
0425163970
0425164128
0425164179
0425164349
0425164462
0425164829
0425165159
0425165191
0425165299
0425165566
0425165701
0425165728
0425166619
0425166805
0425166945
0425167313
0425168131
0425168220
0425168298
0425168468
0425169324
0425169391
0425169456
0425169480
0425169693
0425169731
0425169863
0425169871
042516991X
0425170349
0425170829
0425171078
0425171116
0425171299
0425171396
042517140X
0425171442
0425171493
0425172546
0425172996
0425173631
0425173739
0425173895
042517400X
0425174018
0425174026
0425174093
0425174271
042517428X
0425174727
0425175146
0425175367
0425175405
0425175413
0425176045
0425176088
0425176304
0425176363
042517638X
0425176428
0425176614
0425177173
0425177351
0425177459
0425177696
0425177807
0425178102
0425178579
0425178773
0425178900
0425179060
0425179230
0425179559
0425179621
0425179672
0425179885
042518000X
0425180638
0425180964
042518109X
0425181103
0425181111
0425181464
0425181480
0425181685
0425182142
0425182215
042518224X
0425182843
042518286X
0425182878
0425182886
0425182894
0425182908
0425183017
0425183025
0425183181
0425183831
0425183971
0425184005
0425184102
0425184129
0425184234
0425184463
0425184471
0425184706
0425184943
0425185400
0425185710
0425186199
042518630X
0425186865
0425187063
042518739X
0425188132
0425188175
0425188221
0425188361
0425188884
0425189031
042518904X
0425189864
0425189880
0425190102
0425190447
0425190641
0425190730
0425190773
0425190919
0425190943
0425191184
0425191206
0425191230
0425191583
0425191729
0425192032
0425192733
0425192741
0425192768
0425192938
0425193071
0425193713
0425193888
0425194396
0425194493
0425194523
042519454X
042519521X
0425195260
0425195899
0425196429
0425197271
0426201310
0426202023
0426202120
0426204360
0434009407
0435120255
0435120956
0435120964
0435121006
0435121081
0435121464
0435122002
0435123718
0435123904
0435124218
0435126105
0435271547
0435271563
0435271571
0435272594
0435272616
0435272632
0435901001
043590972X
0435989243
0439010772
0439010780
0439010799
043901123X
0439011876
043901221X
0439012678
0439014042
0439042917
0439042968
0439043638
0439043964
0439049946
0439049962
0439050006
0439053862
0439053870
0439058708
0439058716
0439060435
0439062594
0439062748
0439062802
0439062810
0439062829
0439062837
0439063124
0439063361
0439064864
043906628X
0439070317
0439070325
0439070341
043907035X
0439071682
0439071690
0439076668
0439078059
0439078415
0439080959
0439080967
0439082005
0439082099
0439082277
0439083249
0439084083
0439084091
0439087279
0439087309
0439087597
0439087635
0439087880
0439095182
0439095492
0439098289
0439098645
0439099048
0439099390
0439099404
0439101336
0439101344
0439101352
0439101360
0439101379
0439104645
0439104769
0439106753
0439106761
043910677X
0439106788
0439106796
0439108403
0439110920
0439112028
0439112036
0439112109
0439113229
0439114667
0439115159
0439115167
0439115175
0439115183
0439115191
0439115205
0439115213
0439115221
043911523X
043912042X
0439120470
0439120489
0439121957
0439121981
0439129087
0439129095
0439129338
0439130204
0439130220
0439130247
0439130255
0439130263
0439132266
0439132991
0439133068
0439135230
0439135249
0439135494
0439135508
0439136350
0439137411
0439139414
0439139597
0439142636
0439147735
0439149770
0439153077
0439154294
0439159636
0439159652
0439159849
0439160219
0439161045
0439163099
0439164524
0439164567
0439164575
0439164842
0439165865
043916589X
0439167868
0439167876
0439172543
0439173035
0439173078
0439176743
0439178770
0439178827
0439179106
0439182972
0439194040
0439194466
0439200946
0439201632
0439202183
0439202701
0439202760
0439204100
0439208491
0439210631
0439211786
0439215811
0439217253
0439217261
043921727X
0439217288
0439217504
0439217512
0439217873
0439217989
0439219175
0439219620
0439221609
043922165X
0439221676
0439221684
0439221706
0439221714
0439221730
0439222311
0439222737
0439223504
0439227151
0439227534
0439227569
0439228425
0439228913
0439230187
0439235669
0439236193
0439236258
0439240700
0439240719
0439240727
0439240735
0439242193
0439243262
0439249767
0439251877
0439252962
0439256364
0439263271
0439265983
0439279895
0439284031
0439284716
0439284848
0439286034
0439286069
0439286239
0439288886
0439291283
0439295939
0439296749
0439312280
0439313899
0439314550
0439317177
0439317207
0439317509
0439319137
0439319471
043931948X
0439324254
0439324599
0439327660
0439328748
0439339170
0439341264
0439343518
0439344077
0439344085
0439344131
0439344158
0439353661
0439354951
043935806X
0439358078
0439372836
0439376068
0439376122
0439386012
0439389208
043938950X
0439397448
0439401488
043940178X
0439404371
0439420105
0439425085
0439425220
0439426278
0439431190
0439435242
0439435323
0439439914
0439439930
0439442494
0439443261
0439443849
0439448913
0439448948
0439448956
0439452406
0439456983
0439472202
0439474140
0439474299
0439490359
0439498392
0439510112
0439518490
0439531640
0439537592
0439544165
0439545269
0439553962
0439566754
0439568390
0439574269
043965548X
0439978238
0439978963
0439979250
0439987695
0439988330
0439992281
0439992362
0439997119
0439997402
0440010500
0440013623
0440054834
0440092221
0440106079
0440108896
0440110653
0440110734
0440111811
0440114330
0440114640
0440114756
044011585X
0440117291
0440117437
0440118700
0440119006
0440119502
0440123070
0440124107
0440124344
0440125820
0440126185
0440126894
0440127793
0440128323
0440128994
0440129265
0440129613
0440131480
0440135842
0440141753
0440141818
0440141966
0440143446
0440145465
0440146291
0440146577
0440147190
0440147956
0440150167
0440150795
0440157587
0440158532
0440161061
0440162041
0440162327
0440166497
0440167531
0440167787
0440168724
0440170370
0440170796
0440173507
0440173701
0440173922
0440174643
0440176484
0440177049
0440178002
0440179297
0440180201
0440180295
0440180953
044018293X
0440183057
0440183669
0440184053
0440184622
0440185327
0440186560
0440187168
0440188415
044019136X
0440191831
0440192285
0440192463
0440193281
0440193613
0440194784
0440195934
0440198577
0440200040
0440200423
0440200563
0440200865
0440200946
0440200989
0440201446
0440201705
0440201845
0440201926
0440202043
0440202086
0440202116
0440202493
0440203856
0440203899
0440204100
0440204194
0440204232
0440204410
044020447X
0440204798
0440204887
0440204925
0440205093
0440205573
0440206138
0440206146
0440206324
0440206383
0440206391
0440206707
0440207290
0440207428
0440207622
0440207665
0440207770
0440207800
0440208092
0440208149
0440208351
0440208378
0440208459
0440208483
0440208610
0440208912
0440209293
0440209412
0440210232
0440210240
0440210941
0440211131
0440211263
0440211344
0440211352
044021145X
044021145x
0440211476
0440211492
0440211670
0440211697
0440211727
0440211891
0440211921
0440212057
044021212X
0440212375
0440212561
0440212634
0440212812
0440213029
0440213282
0440213290
0440213320
0440213460
0440213525
0440213991
0440214041
0440214114
0440214408
0440214904
0440214912
0440214920
0440215285
0440215404
0440215560
0440215625
0440215900
0440215919
044021596X
0440216745
044021680X
0440216818
0440216842
0440216850
0440217113
0440217490
0440217512
0440217547
0440217563
0440218012
0440218500
0440218535
0440218667
044021873X
0440218926
0440218934
0440218985
0440219019
044021906X
0440219078
0440219108
0440219124
0440219167
0440219175
0440219205
0440219248
0440219280
0440219329
0440219337
044021937X
0440219418
0440219426
0440219434
0440219450
0440219507
0440219515
0440219620
044021968X
044021971X
0440219736
0440219744
0440219760
0440219779
0440219795
0440219817
044021985X
0440219892
0440219914
0440220084
0440220114
044022019X
0440220211
044022022X
0440220238
0440220246
0440220289
0440220297
0440220300
0440220335
044022036X
0440220378
0440220394
0440220424
0440220459
0440220602
0440220653
0440220688
044022103X
0440221315
0440221471
0440221501
044022165X
044022179X
0440222028
0440222079
0440222656
0440222702
0440222818
0440222842
0440222877
0440223016
044022313X
0440223202
0440223237
044022327X
044022330X
0440223385
0440223784
0440223873
0440223989
0440224047
0440224055
0440224071
044022425X
0440224489
0440224594
0440224624
0440224675
0440224705
0440224713
0440224748
0440224764
0440224772
0440224780
0440224810
0440224829
0440224837
0440224853
0440224861
0440225205
0440225698
0440225701
0440225817
0440225825
0440226104
0440226120
0440226198
0440226236
0440226279
0440226325
0440226430
0440226449
0440226686
0440226708
0440226724
0440226732
0440226821
0440226848
0440226856
0440226864
0440226872
044022697X
0440227011
0440227100
0440227186
0440227194
0440227216
0440227259
0440227275
0440227305
0440227399
0440227402
0440227410
044022747X
0440227496
0440227534
0440227704
0440227720
0440227747
0440227755
0440227941
044022795X
0440227984
0440228042
0440228050
0440228069
0440228115
044022814X
0440228158
0440228247
044022831X
0440228352
0440228360
0440228387
0440228441
0440228476
0440228506
044022859X
044022859x
0440228611
0440228654
0440228832
0440228840
0440228875
0440228964
0440229049
0440229081
0440229103
0440229170
0440229286
0440229383
0440229405
0440229464
0440229499
0440229510
044022957X
0440229707
0440229715
0440234565
0440234662
0440234727
0440234735
0440234743
0440234875
0440234999
0440235081
0440235154
0440235162
0440235170
0440235200
0440235294
0440235421
0440235502
0440235596
0440235626
044023574X
0440236053
0440236525
0440236606
0440236665
0440236673
0440236681
044023672X
0440236738
0440236754
0440236789
0440236851
0440236908
0440236991
0440237009
0440237025
0440237041
0440237084
044023722X
0440237238
0440237262
0440237416
0440237475
044023767X
0440237688
0440237815
0440237920
0440237971
0440237998
0440238137
0440238145
0440238412
0440240751
0440240808
0440241049
0440241057
0440241065
0440241073
0440241111
0440241162
044024126X
0440241413
0440241537
0440241812
0440242002
0440314887
0440322278
0440328810
0440330076
0440330602
0440340608
0440343194
0440343690
0440400023
0440400031
0440400449
0440400759
0440401119
0440401127
0440401348
0440401550
0440401879
0440402255
0440402352
0440402832
0440402891
0440402905
0440402913
0440402972
0440403081
0440403189
0440403332
0440403375
0440403642
0440403669
0440403782
0440403790
0440403855
0440404002
0440404185
0440404193
0440404541
0440404908
0440404975
0440404983
0440405084
0440405467
0440405483
0440405785
0440405807
0440406404
0440406498
044040665X
0440407079
0440407435
0440407524
0440407532
0440407540
0440407591
0440407613
0440407826
0440407850
0440408520
0440408652
0440408741
044040892X
0440409047
0440409071
0440409233
0440409322
0440409411
044040942X
0440409462
0440410010
0440411238
0440411254
0440411335
0440411459
0440411483
0440411521
0440412226
0440412439
0440412471
0440412579
0440412587
0440412676
0440412870
0440413052
0440413133
0440413141
0440413176
0440413184
0440413214
0440413508
0440413729
0440413745
0440413834
0440413915
0440414121
0440414237
0440414334
0440414431
0440414520
0440414539
0440414717
0440414806
0440414830
0440414857
0440414938
044041508X
0440415136
0440415241
0440415330
0440415365
0440415454
0440415632
0440415705
0440415829
0440415918
0440415993
0440416019
0440416051
0440416108
0440416248
0440416426
0440416485
0440416612
0440416639
0440417074
0440417449
0440417945
0440418321
0440418496
0440418569
0440419468
0440419476
0440422256
0440422310
0440425050
0440428130
0440430712
0440431476
0440431808
0440432960
0440433940
0440435749
0440437423
0440439884
0440441587
0440442079
0440442753
0440443237
0440443695
0440444381
0440445450
0440447674
0440456479
0440458226
0440459516
0440466334
0440467012
0440471478
0440471869
0440472091
0440472105
0440472431
0440473500
0440473519
0440473780
0440475198
0440475333
0440476968
0440477069
0440481880
0440482534
0440482569
0440483077
0440484332
044048474X
0440486599
0440487617
0440488192
0440490995
0440492769
0440495962
0440497272
0440500729
0440502608
0440506301
0440507545
0440508088
0440514428
0440539811
0440540704
0440613965
0440700132
0440700310
0440717949
0440773504
0440784743
0440800498
0440800536
0440800544
0440802911
0440802970
0440803098
0440830214
0440842522
0440844835
0440863635
0440863686
0440900107
0440900794
0440901588
0440901839
0440904196
0440905605
0440906490
0440910099
0440910153
044091017X
0440910234
0440910269
0440910552
0440910811
0440910846
0440910854
0440911486
0440912857
0440917190
0440917409
0440918057
0440918642
0440919185
0440921023
0440925592
0440926408
0440931800
0440932599
0440936853
0440938848
0440940001
0440940605
0440942500
0440943205
0440944597
0440945208
0440946514
0440948991
0440949424
0440952522
0440955696
0440961343
0440966388
0440967694
0440969832
0440972329
0440972922
0440975344
0440975964
0440977401
0440977576
0440977959
0440978505
0440979374
044098324X
0440983568
0440984459
0440984696
0440986311
0440986524
0440986591
0440987202
0440987261
044098761X
0440993229
0440993717
0440995779
0440998050
0440999049
0440999197
0441000312
044100069X
0441000916
0441001106
0441001866
0441001947
0441001971
0441002692
0441002846
0441002927
0441002935
0441003117
044100315X
0441003222
0441003389
0441003435
0441003494
0441003583
044100363X
0441003745
0441004164
0441004326
0441004385
0441004520
0441004768
044100508X
0441005195
0441005241
0441005373
0441005489
0441005535
0441005659
0441005748
0441005764
0441005837
044100590X
0441005934
0441005993
0441006000
044100606X
0441006108
0441006205
0441006353
0441006361
0441006388
0441006582
0441006930
0441006949
0441006981
0441007023
044100704X
0441007090
0441007112
0441007139
0441007287
0441007384
0441007465
0441007511
0441007554
0441007732
0441007740
0441007813
0441007899
0441007902
0441007910
044100797X
0441008232
0441008534
0441008550
0441008631
0441008658
0441008720
044100895X
0441009077
044100914X
0441009239
044100928X
0441009301
044100931X
0441009344
044100945X
0441009468
0441009689
044100993X
0441009948
0441009972
0441010083
0441010113
0441010369
0441010466
0441010512
0441010644
0441010652
0441010830
0441010954
0441011020
0441011047
0441011136
0441011241
0441011276
0441011462
0441011497
0441011632
0441011675
0441023592
0441023614
0441023622
044104915X
044106227X
0441068804
0441089348
0441102670
0441102689
0441104029
0441110444
0441117732
0441122892
0441132448
0441132456
0441135560
0441166113
0441166520
0441172660
0441172695
0441172717
0441205666
0441215998
0441223362
0441240879
0441304834
0441328091
0441358489
0441370500
0441382983
0441444253
044145125X
0441467415
0441471218
0441478123
0441484999
0441498515
0441516645
0441525628
0441532993
0441544843
0441551327
0441552765
0441552773
044155279X
0441555292
0441585558
0441627404
0441644511
0441644651
0441662536
0441693229
0441698859
0441710948
0441715923
0441735762
044175760X
0441760074
0441760260
0441783589
0441790348
0441794297
044180263X
0441810764
0441823475
0441838162
0441874878
0441878792
0441880819
0441885691
0441897088
0442207174
0445203366
0445203684
0445205636
0445209348
0445210214
0445402040
0445402288
0445405198
0445406488
0445406518
0445407018
0446300357
0446300586
0446301205
0446301302
0446301809
0446303011
0446308048
0446310492
0446310786
0446313033
0446313645
0446314722
0446314803
0446314854
0446315001
0446315028
0446315176
0446322180
0446323802
0446324825
0446325872
0446326925
0446327786
0446328413
0446328782
0446329207
0446329894
0446342122
0446343013
0446345814
0446346802
0446346829
0446350109
0446350982
0446351709
0446353728
0446353957
0446354732
0446354872
0446356611
0446356832
0446357421
0446357448
0446358584
0446359173
0446359688
0446359750
0446359866
0446360015
0446360511
0446360589
0446360708
0446360716
0446360732
0446360856
0446362867
0446362921
0446363049
0446363243
0446363383
0446363642
0446363669
0446363731
0446364037
0446364193
0446364266
0446364282
0446364312
0446364428
0446364495
0446364703
0446364762
0446364789
0446364797
0446364800
0446365386
0446365505
0446365696
0446382108
0446382817
0446386405
0446387878
0446390380
0446391301
0446391506
0446392340
0446392715
0446394521
0446395072
0446400394
0446400556
0446400718
0446400947
0446403407
0446403830
0446405159
0446513067
0446513954
0446515078
0446515493
044651652X
0446517631
0446518581
044651862X
0446518867
0446519081
044651912X
0446519480
0446519642
0446519723
0446519839
0446520659
044652087X
0446520888
0446521507
0446522570
0446523089
0446523232
0446523321
0446523569
0446523615
0446524263
0446525502
0446525537
0446525731
0446525804
0446526908
0446527017
0446527033
0446527165
0446527173
0446527289
0446527785
0446527793
0446528218
0446528595
0446529788
0446530077
0446530255
0446530522
0446530964
0446531332
0446531510
044653174X
0446532231
0446532371
0446532452
0446532975
0446533041
0446533289
0446600253
0446600261
0446600342
0446600377
0446600415
0446600423
0446600458
0446600466
0446600474
0446600520
0446600709
0446600768
0446600776
0446601438
0446601616
0446601640
0446601705
0446601977
0446601985
0446602299
0446602698
0446602728
0446602736
0446602787
0446602930
0446603031
0446603058
0446603082
0446603422
0446603589
0446603600
0446603651
0446603716
0446603724
0446603791
0446603929
0446604003
0446604089
0446604097
0446604232
0446604275
0446604402
0446604666
0446604801
0446604844
0446605050
0446605158
0446605204
0446605239
0446605336
0446605409
0446605719
0446605883
0446606065
0446606189
0446606227
0446606235
0446606243
0446606324
0446606332
0446606456
0446606510
0446606677
0446606723
0446606812
0446606928
0446607053
0446607207
0446607258
0446607266
0446607274
0446607339
0446607401
0446607460
0446607533
0446607584
0446607657
0446607711
0446607908
0446608009
0446608076
0446608092
0446608262
0446608297
0446608378
0446608386
0446608602
0446608653
0446608726
0446608815
0446608890
0446608955
0446609250
0446609323
0446609404
0446609447
0446609609
0446609617
0446609781
0446609943
0446609951
0446610038
0446610046
0446610100
0446610178
0446610232
0446610453
0446610496
0446610526
0446610542
044661064X
044661078X
0446610801
0446610852
0446610909
0446610968
044661100X
0446611085
0446611212
0446611263
0446611301
0446611344
0446611476
044661162X
0446611727
0446611735
044661176X
0446611778
0446611808
0446611859
0446611913
044661193X
0446612138
0446612251
0446612545
044661257X
0446612588
0446612618
0446612790
0446612804
0446612812
0446613061
0446613150
0446613681
0446613843
0446613851
0446670219
0446670324
0446671002
0446671517
0446671851
0446673188
0446673609
0446673781
0446674354
0446674680
0446675059
0446675172
0446675253
0446675326
0446675369
0446675776
0446675792
0446676012
0446676098
0446676209
0446676489
0446676888
0446677507
0446677922
0446678457
0446679178
0446690317
0446690732
0446691321
0446692735
0446794031
0446802204
044682934X
0446906492
0446911968
0446912069
0446958298
0446973505
0448025493
0448060043
0448060094
0448060191
0448089017
0448089025
0448089033
0448089041
044808905X
0448089068
0448089084
0448089092
0448089106
0448089114
0448089122
0448089165
0448089173
0448089181
044808919X
0448089203
044808922X
0448089246
0448089270
0448089289
0448089300
0448089319
0448089335
0448089343
0448089351
0448089386
0448089394
0448089408
0448089416
0448089424
0448089432
0448089483
0448089491
0448089505
0448089513
0448089521
0448089556
0448089564
0448089572
0448089580
0448090724
0448095017
0448095025
0448095033
0448095041
044809505X
0448095084
0448095106
0448095114
0448095130
0448095149
0448095165
0448095173
0448095181
044809519X
0448095203
0448095211
044809522X
0448095238
0448095254
0448095262
0448095270
0448095297
0448095343
0448095351
044809536X
0448095378
0448095386
0448095408
0448095424
0448095432
0448095440
0448095475
0448095483
0448095491
0448095505
0448095513
0448095521
044809553X
0448095548
0448095564
0448195305
0448377004
0448401606
0448401649
0448401665
044840172X
0448401738
0448404915
0448404923
0448405113
044840561X
0448405628
0448407272
0448409410
0448413256
0448415925
0448416484
0448418754
0448418762
0448419998
0448421763
0448425467
0448425505
0448425831
0448432927
0448486172
0449000869
0449001016
0449001156
0449001725
0449002411
0449002551
044900256X
0449002632
0449002640
0449002985
0449003213
0449003302
0449003701
0449003795
0449004848
0449004864
0449005410
0449005550
0449005569
0449005615
0449005747
0449005836
0449005844
0449005852
0449005909
0449006018
0449006344
0449006522
0449006530
0449006557
0449006689
0449006840
0449007065
044900709X
044912505X
0449125092
0449125173
0449128393
0449129047
0449130649
0449132064
0449132307
0449132757
0449134369
0449134482
0449136779
0449141497
0449142825
0449144410
044914562X
0449146138
0449146863
0449147371
0449148246
0449148386
0449149374
0449149382
0449149676
0449149900
044915002X
0449150046
0449150062
0449200248
0449200582
0449202712
0449203794
0449203948
0449204200
0449204324
0449204960
0449205029
0449205061
0449205118
0449205223
0449205436
0449205878
0449205967
0449205975
0449206181
0449206211
0449206548
0449206920
044920703X
0449207269
0449207277
0449207307
0449207463
0449207544
0449207889
0449208281
0449208397
0449208400
044920846X
0449208648
0449208796
0449208885
0449209105
0449209113
0449209121
0449209377
0449209598
0449209695
0449209709
0449209741
0449210189
0449210375
0449210685
0449210928
0449211479
0449211592
0449212084
0449212122
0449212394
0449212408
0449212602
0449212734
0449212785
0449213145
0449213323
0449213447
0449213617
0449213757
0449213765
0449213943
0449214176
0449214192
0449214214
0449214222
0449214362
0449214427
0449214729
0449215024
0449215296
0449215571
0449215946
0449216616
0449217183
0449217191
0449217264
0449217280
0449217493
0449218147
0449218473
044921852X
0449219089
0449219232
0449219364
0449219372
0449219380
0449219410
0449219453
0449219461
0449219550
0449219569
0449219577
0449219631
0449219682
0449219828
0449219895
044922046X
0449220893
0449221032
0449221156
0449221172
0449221180
0449221393
0449221431
0449221482
0449221490
0449221504
0449221512
0449221873
0449222446
0449222713
0449222748
044922290X
0449223043
0449223612
044922368X
0449223795
0449224430
0449225046
0449225151
0449225313
0449226182
0449227421
0449227812
0449227847
0449227863
044922788X
0449227898
0449227944
0449228886
0449235254
0449235998
0449238024
0449239977
0449240347
0449241491
0449242390
0449243583
0449244172
0449245004
0449245276
0449245489
0449300021
0449700267
0449700283
044970078X
0449701085
0449701573
0449701840
0449701913
0449702146
0449702545
0449702731
0449702766
0449703134
0449703282
0449703371
0449703401
0449703568
044970369X
0449703754
0449703916
0449704165
0449704335
0449704378
0449704580
0449900983
0449902218
0449902749
0449902951
0449903591
0449904067
0449904555
0449906248
0449906337
044990718X
0449907481
0449907635
0449907953
0449908577
0449909522
0449909735
0449910237
0449910555
0449910571
0449911004
0449911012
0449911438
0449911500
0449911519
0449911535
0449911616
0449911659
0449911683
0449911691
0449911764
0449911837
0449911888
0449912205
0449912302
0449912345
0449912558
0450029956
0450411435
0451088816
0451092163
0451097009
0451099648
0451110722
0451110951
0451112601
0451113357
0451114523
0451123549
0451124340
0451124383
0451125452
0451126661
0451127897
0451127927
0451128370
0451128389
0451129423
0451129504
0451130987
0451135962
0451136497
0451137477
0451137965
0451138775
0451138945
0451139682
0451139712
0451139739
0451139755
0451139798
0451140508
0451141083
0451142934
0451143752
0451144848
0451146077
0451147715
0451147758
0451147952
0451148207
0451148312
0451150317
0451150422
0451150635
0451150708
0451151224
0451151259
0451151534
0451152190
0451152603
0451152638
0451153553
0451154878
0451154916
0451154967
0451154983
0451155009
0451155068
0451155246
0451155750
0451156609
0451157036
0451157281
0451157443
0451157753
0451157974
0451158261
0451158466
0451159098
0451159276
0451159497
0451159535
0451159837
0451160193
0451160312
0451160339
0451160436
0451160444
0451160525
0451160916
0451160959
0451161343
0451161351
0451162072
0451162153
0451162188
0451162897
0451163176
0451163486
0451163508
0451163516
0451163524
0451163540
0451163710
0451163753
0451163931
0451163966
0451164075
0451164210
0451164555
0451165209
0451165896
0451166582
0451166841
0451166892
0451167317
0451167538
0451167783
0451167805
0451167872
0451168615
0451168623
0451169514
0451169522
0451169530
0451170385
0451171012
0451171128
0451171926
0451172272
0451172507
0451172817
0451173139
0451173317
0451173392
0451175123
0451175816
0451176464
0451176723
0451176898
0451177010
0451177037
0451177061
0451177096
0451177622
0451177649
0451177800
0451178815
0451179188
0451179706
0451179803
0451180062
0451180208
0451180232
0451180240
0451180348
0451180429
0451180763
0451180879
0451181379
0451181468
0451181956
0451182790
0451182987
0451183665
0451183746
0451183770
0451183886
0451184114
0451184262
0451184785
0451184912
0451184963
0451185005
0451185196
0451185501
0451185560
0451185641
0451185978
0451185994
0451186362
0451186591
0451186648
0451186923
0451187350
0451187415
0451187652
0451187709
0451187849
0451187903
0451188004
0451188020
0451188454
0451188462
0451188535
0451188616
0451188969
0451190033
0451190491
0451190521
0451190548
0451190556
0451190564
0451190572
0451191013
0451191137
0451191145
0451191153
0451191307
0451192001
0451192028
0451192036
0451192192
0451192249
0451192257
0451192575
0451194004
0451194063
0451194071
0451194349
0451194764
0451194772
0451194861
0451195167
0451195183
0451195442
0451195582
0451195639
0451195663
0451196716
0451196767
0451196864
0451196880
0451197003
0451197410
0451197429
0451197658
0451197690
0451197747
0451197763
0451197860
0451197879
0451197968
0451198425
0451198638
0451198689
0451198832
0451199480
0451199502
0451199685
0451199693
0451199871
0451200101
0451200152
0451200187
0451200519
0451201140
0451201159
0451201167
0451201175
0451201558
0451201574
0451201744
0451201965
0451202066
0451202120
0451202244
0451202287
0451202309
0451202341
0451202473
0451202554
0451202856
0451203089
0451203453
0451203593
0451203623
0451203771
0451203895
0451203925
0451204077
0451204123
0451204158
0451204301
0451204336
0451204743
0451204948
0451204956
0451205014
0451205073
0451205421
0451205669
0451205782
0451205804
0451205812
0451206096
0451206444
0451206525
0451206665
0451206673
0451206878
0451207076
0451207335
0451207475
0451207521
0451207637
0451207947
0451207955
0451208064
0451208323
0451208641
0451208765
0451208811
0451209028
0451209087
045120915X
0451209168
0451209907
0451210220
0451210530
0451210638
0451210751
0451210840
0451210859
0451210867
0451210875
0451210972
0451210980
0451211014
0451211480
0451212061
0451400372
0451400771
0451401050
0451401239
0451402340
0451402391
0451402502
0451403703
0451403827
0451404270
0451404386
0451404432
0451404874
0451405234
0451405471
0451405919
0451406605
0451406648
0451406818
0451407229
0451408020
0451408470
0451408586
0451408705
0451408810
0451408888
0451408950
0451408977
0451409256
0451409396
0451409469
0451409477
0451409787
0451409809
0451409884
0451409892
0451410106
0451410149
0451410157
0451410297
0451410319
0451410491
0451410556
0451410599
0451410602
0451410610
0451410718
0451410807
0451410947
0451411137
0451411153
0451411307
0451450019
0451450523
0451450531
0451450647
0451450957
0451451430
0451451686
0451452313
0451452615
0451452682
0451452755
0451453336
0451453492
0451453565
0451453573
0451454146
0451454243
0451454391
0451454561
0451456068
0451456408
0451456416
0451456424
0451456521
0451456548
0451456688
0451456718
0451456726
0451456734
0451456866
0451456890
0451456963
0451457307
0451457323
0451457366
0451457595
0451457730
0451457765
0451457811
0451457897
0451458028
0451458044
0451458117
0451458354
0451458370
0451458397
0451458508
0451458540
0451458583
0451458621
0451458818
0451458842
0451458974
0451458990
0451459067
0451459245
0451459393
0451459539
0451459679
0451459814
0451513398
0451515927
0451518497
0451518659
0451519000
0451519124
0451519140
0451519841
0451520211
0451520793
0451520882
0451521129
0451521285
0451521358
0451521412
0451521560
0451521579
0451521897
0451521935
0451521951
0451522109
0451522265
0451522303
0451522427
0451522575
0451522699
0451522737
0451522753
0451522761
0451522893
0451522907
0451523024
0451523059
0451523105
0451523172
0451523199
0451523326
0451523369
0451523377
0451523385
0451523415
0451523555
0451523652
0451523733
0451523873
0451523903
0451523997
0451524004
0451524179
0451524411
0451524462
0451524470
0451524489
0451524497
0451524500
0451524551
0451524608
0451524640
0451524667
0451524829
0451524934
0451524942
0451525027
0451525221
0451525248
0451525264
0451525442
0451525450
0451525647
0451525795
0451525817
0451525825
0451525884
0451525892
0451526015
0451526279
0451526341
0451526503
0451526538
0451526554
0451526570
0451526716
0451526724
0451526732
0451526767
0451526775
0451526791
0451526805
0451526864
0451526929
0451526961
0451527038
0451527097
0451527100
0451527127
0451527216
0451527348
0451527380
0451527461
0451527550
0451527569
0451527674
0451527747
0451527771
0451527895
0451527984
0451528042
0451528204
0451528239
0451528522
0451528697
0451528913
0451623509
0451625773
0451625781
0451626583
0451626885
0451627954
0451628039
0451628047
0451821939
0452009855
0452011671
0452156610
0452252733
0452260116
0452260949
0452262143
0452262496
0452262933
0452263565
0452263662
0452264014
0452264464
0452264715
0452264960
0452265053
0452265169
0452265290
0452265347
0452266564
0452266777
0452266858
0452268060
0452269083
0452269571
0452269652
0452269814
0452269865
0452270642
0452272092
0452272181
0452272319
0452272564
0452273331
0452273404
0452273455
0452274427
0452274664
0452275105
0452275288
0452276306
0452277507
0452278961
0452279178
0452279488
0452279607
0452280354
0452280702
0452281032
0452281091
0452281253
0452281431
0452281458
0452281679
0452281784
0452281903
0452282098
0452282128
0452282152
0452282195
0452282829
0452282934
0452282977
0452283027
0452283167
0452283205
0452283248
0452283442
0452283485
0452283736
0452283795
0452283914
0452284295
0452284341
0452284430
0452284449
0452284694
0452284708
0452284716
0452284937
0452285186
0452285674
0453003931
0453004687
0453006663
0460010212
0460013718
0460871439
0460872990
0460873598
0460873644
0460874675
0460875280
0460875493
0460877305
0460877313
0460877356
0460878034
0465016316
0465026567
0465030882
0465037038
0465051391
0465056784
0465057667
0465069347
046508138X
0465086780
047106128X
0471218685
0471312703
0471503819
0471852236
047206035X
0472061534
0472065211
0486206785
0486209091
0486223051
0486224570
0486229777
0486245918
0486247791
0486250334
0486252086
048625531X
0486261794
0486264645
0486266842
0486266850
0486266869
0486266893
0486268500
0486268675
0486268705
048626873X
0486268756
0486268764
0486268780
0486269299
048626968X
0486270513
0486270556
0486270610
048627067X
048627084X
0486272737
0486272745
0486272753
0486272788
0486272826
048627294X
0486273008
0486275442
0486275450
0486275507
0486275728
0486277828
0486277860
0486277887
0486278026
0486278077
0486278166
0486280241
0486280411
0486280489
0486280594
0486280616
0486282082
0486282147
0486282228
0486282406
0486282414
0486282694
0486283526
0486284735
0486284999
0486285170
0486285855
0486287149
0486287386
0486287440
0486287491
0486287769
0486290301
0486290972
0486291707
0486292649
0486292908
0486294501
0486295060
0486296024
0486296342
0486297144
0486299007
048640109X
0486403483
0486406482
0486406512
0486406539
0486406601
0486408760
0486408833
0486411192
0486419258
0486419835
0486424596
0500271127
0500281998
0505519690
050552113X
050552158X
050552208X
0505522438
0505522470
0505522527
0505522659
0505522705
0505522799
0505522888
0505522934
0505522977
0505523035
0505523094
0505523116
0505523140
0505523191
0505523248
0505523264
0505523302
0505523361
0505523418
0505523434
0505523531
050552354X
0505523752
0505523809
0505523833
0505523892
0505524090
050552421X
0505524228
0505524333
0505524473
0505524503
0505524619
0505524724
0505524783
050552502X
0505525062
0505525070
0505525224
0505525283
0505525305
0505525402
0505525526
0505525534
0505525542
0505525763
0515039276
0515040460
0515047880
0515084557
0515086703
0515087122
0515087335
0515087947
0515088862
051508901X
0515090166
0515090174
0515090212
0515090220
0515090395
0515090506
0515090654
0515090786
0515091332
051509157X
051509160X
0515092436
0515093203
0515093556
051509465X
0515094773
0515094978
0515095826
0515098213
0515099511
0515099546
0515100412
0515100536
0515101222
0515101230
0515101907
0515102636
0515102652
0515102776
0515103969
0515104191
0515104329
0515105198
051510521X
051510535X
051510566X
0515107476
0515107867
0515108030
0515108766
0515109509
0515110140
051511054X
0515110744
0515110973
0515111279
0515112305
051511264X
0515112798
0515113328
0515113514
0515113875
0515114006
0515114693
0515115460
0515115487
0515115630
0515115649
0515115843
051511605X
0515116068
0515116173
0515116750
0515117552
051511779X
051511801X
0515118230
0515118249
0515118656
0515119202
0515119520
0515119652
051511992X
0515120006
0515120111
0515120278
0515120618
0515120723
0515120871
051512172X
0515121843
051512219X
0515122254
0515122408
0515122416
0515122491
0515122564
0515122734
051512317X
0515123293
0515123463
0515123838
0515124079
0515124206
0515124214
0515124281
0515124532
0515124621
051512463X
0515124761
0515124893
0515125156
0515125490
0515125628
051512608X
0515126098
0515126101
0515126489
0515126772
0515127000
0515127213
0515127221
0515127299
0515127396
0515127485
0515127515
0515127833
0515128015
0515128546
0515128554
0515128643
0515128821
0515128848
051512902X
0515129224
051512947X
0515129496
0515129518
0515129933
0515129941
0515130044
0515130389
0515130966
0515130974
0515130990
0515131091
0515131105
0515131229
0515131512
0515131547
0515131903
0515132020
0515132039
0515132187
051513225X
0515132268
051513287X
0515133086
0515133310
0515133418
0515133620
0515133876
0515133973
051513399X
0515134384
0515134406
0515134449
0515134457
0515134465
0515134473
0515134481
051513449X
0515134503
0515134511
051513452X
0515134899
0515135062
0515135216
0515135356
0515135453
0515135739
0515136263
051513628X
051513631X
0515136379
0515136433
0515136530
0515136549
0515136557
0515136824
0515137200
0517006251
0517006456
0517053616
0517064863
0517072467
0517073919
0517091240
0517100126
0517118424
0517122863
0517146363
0517146487
0517147483
0517149257
0517150808
0517164027
0517171988
051718608X
0517189674
0517189682
0517200295
0517202697
0517220822
0517221101
051726188X
0517274159
0517320932
051732170X
0517343681
0517368366
0517528673
0517542099
0517545187
051754671X
0517559501
0517560232
0517571145
0517572656
0517573822
0517577291
0517577550
0517584921
0517585340
0517591812
0517594994
0517595338
0517595745
0517605171
0517667185
0517688336
0517693119
0517701405
0517703203
0517703238
0517706814
0517883767
0517884976
0520011171
0520011309
0520027264
0520046986
0520055977
0520063287
0520073738
0520207289
0520216202
0520216660
0520223128
0520227352
0521012716
0521293898
0521296307
0521346606
0521434947
0521467071
0521525403
0521567831
0521627249
052165615X
0521775515
0521775523
0521775531
0521783593
0521795028
0523416873
0525155627
0525244581
0525246606
0525248188
0525259600
0525275452
0525283501
0525392440
0525432922
0525440631
0525443673
0525444459
0525445242
0525446052
0525447083
0525448241
0525448276
0525450408
0525450432
0525451374
0525453660
0525455205
0525461663
0525466525
0525466878
0525467238
0525467769
0525470018
0525483756
0525669183
0525671536
0525673067
0525675299
0525934251
0525935541
0525935835
0525938362
0525938672
0525940456
0525940774
0525941908
0525942939
0525943242
0525943749
0525943862
0525944532
052594463X
0525944834
0525945180
0525945288
0525945555
0525945814
0525946284
052594673X
0525946764
0525946829
0525946845
0525947299
0525947647
0525947698
0525947736
052594821X
0528823221
0528824430
0531029484
0531054608
0531070549
0531071804
0531088898
0531103099
0531164934
0531300633
0534551823
053458618X
0551027509
0551031387
0551032146
0552121401
0552137553
0552142131
0552142689
055214276X
0552143243
0552143553
0552143774
0552144290
0552146404
0552146722
0552147427
0552147435
0552147753
0552150738
0552527300
0552527483
0552529745
0552547344
0552998001
0552998249
0552998338
0552998486
0552998532
0552998931
0552998982
0552999059
0552999458
0552999504
0553027557
055302907X
0553029754
0553051202
0553052942
055305340X
0553055739
0553055798
055305581X
0553055836
0553055860
0553055895
0553055984
0553058088
0553072595
0553073494
0553076256
0553087258
0553091735
0553091999
0553095870
0553096060
0553096303
0553096540
0553096737
0553096834
0553097288
0553099558
0553099655
055309971X
0553099876
0553100777
0553100807
0553102222
0553104314
0553104535
0553106058
0553106651
0553107240
0553107305
0553109839
0553110616
0553110942
0553111531
0553111639
0553114271
0553116606
0553119095
0553122061
0553125796
0553129015
055312997X
0553131605
0553133179
0553133969
0553134108
0553138251
0553138294
0553139940
0553141406
055314300X
0553143042
0553147021
0553148524
0553149660
0553150979
0553151142
0553151657
0553151738
0553151983
0553152645
0553152831
0553153064
0553153277
0553153633
0553153935
0553154214
055315429X
0553154346
055315446X
0553154559
0553154591
0553154680
0553154745
0553155008
0553155105
0553155393
0553155601
0553155881
0553155962
0553156063
0553156071
0553156101
0553156225
0553156241
0553156284
0553156357
0553156373
0553156411
0553156632
0553156667
0553156810
0553156950
0553156977
0553157078
0553157159
0553157213
0553157248
0553157272
0553157477
0553157590
0553157663
0553157671
0553157795
055315785X
0553158015
055315818X
0553158244
0553158511
0553158597
0553158937
0553159194
0553159275
0553159445
0553159526
0553171712
0553180614
0553194747
0553203487
0553204564
0553204769
0553205315
0553205587
0553208225
0553208845
0553209671
0553210092
0553210114
0553210246
0553210327
0553210351
0553210416
0553210424
0553210807
0553210823
0553211056
0553211137
0553211277
0553211285
0553211404
0553211412
0553211439
055321148X
0553211668
0553211765
0553211927
0553211951
0553211978
0553212087
055321215X
0553212168
0553212184
0553212230
0553212281
0553212338
0553212419
0553212427
0553212443
0553212451
0553212478
0553212494
0553212524
0553212540
0553212583
0553212621
0553212699
0553212702
0553212710
0553212737
0553212753
0553212761
055321277X
0553212788
0553212818
0553212923
0553212982
0553213024
0553213059
0553213105
0553213113
055321313X
0553213148
0553213156
0553213164
0553213172
0553213180
0553213202
0553213237
055321330X
0553213342
0553213377
0553213385
0553213415
0553213423
0553213458
0553213474
0553213504
0553213563
055321358X
0553213601
0553213679
0553213695
0553213709
0553213733
0553213768
0553213806
0553213873
0553214047
0553214497
0553214861
0553219871
0553220144
0553225367
055322543X
0553225650
0553225804
0553227750
0553229281
0553230212
0553231162
0553231804
0553231855
0553231863
0553232053
055323224X
0553232320
0553232940
0553233246
0553233327
055323336X
055323370X
0553234269
0553234811
0553234951
0553235478
0553236202
0553237306
0553238035
0553238256
0553238655
0553239430
0553239600
0553239694
0553239724
0553239813
0553240307
0553240447
0553240455
0553240722
0553241575
0553244388
0553244531
0553244574
0553244841
0553244949
0553245112
0553245236
0553245430
0553245503
0553246402
0553246763
0553246798
0553247166
0553247239
0553247468
055324759X
0553247778
0553247786
0553247921
0553248588
0553248642
0553248987
0553249061
055324907X
0553249231
0553249533
0553249916
0553250221
0553250256
0553250426
0553250515
0553250523
0553250531
0553251139
0553251309
0553251430
0553251481
0553251503
0553251759
0553251996
0553252429
0553252704
055325295X
0553253042
0553253204
0553253212
0553253247
0553253638
0553253778
0553254502
0553254820
0553255193
0553255371
0553255509
0553255762
0553255851
0553255959
0553256025
0553256092
0553256157
0553256459
0553256696
0553256785
055325698X
0553257048
0553257285
0553257382
0553258001
0553258079
0553258125
0553258133
0553258230
055325846X
0553258524
0553258540
0553258648
0553258915
0553258990
0553259121
0553259202
0553260081
0553260111
0553260197
0553260219
0553261339
0553261568
055326172X
0553261940
0553262041
0553262149
0553262505
0553262564
0553262645
0553262947
0553263218
0553263285
0553263579
0553264192
0553264206
0553264303
0553264567
0553264613
0553264907
0553264931
0553265024
055326530X
0553265520
0553265571
0553265709
0553265741
0553265865
0553265997
0553266578
0553266691
0553266950
0553266969
0553267027
0553267426
0553267604
0553267612
0553267701
0553267787
0553267868
0553268058
0553268074
0553268473
0553268546
0553268880
0553268899
0553268937
0553268961
0553269054
0553269151
0553269216
0553269224
0553269321
0553269631
0553269739
0553270095
0553270478
055327063X
0553270818
0553270907
0553270931
055327094X
0553270966
0553271067
0553271318
0553271598
0553271636
0553271768
0553271903
055327211X
0553272160
0553272500
0553272535
0553272543
0553272586
0553272659
055327273X
0553272837
0553272845
0553273213
0553273221
0553273248
0553273272
0553273604
0553273744
0553273752
0553273825
0553273868
0553273906
0553273914
0553273957
0553273965
0553274295
0553274325
0553274406
055327449X
0553275569
0553275593
0553275607
0553275615
0553275860
0553275879
0553275941
0553275976
0553276107
0553276727
0553276824
0553276859
0553276883
0553276905
0553276913
0553276921
0553277200
0553277243
0553277375
0553277472
0553277537
0553277545
055327788X
0553278029
0553278118
0553278193
0553278215
055327824X
0553278274
0553278355
0553278398
0553278517
0553278592
0553278746
0553278819
0553278827
0553278835
055327886X
0553279289
0553279378
0553279386
0553279440
055327953X
0553279556
055327970X
055327970x
0553279718
0553279726
0553279912
0553280074
0553280090
0553280104
0553280147
0553280287
0553280325
0553280341
0553280368
0553280406
0553280414
0553280422
0553280511
0553280643
0553280708
0553280732
0553280813
0553280945
0553280996
0553281089
0553281496
0553281720
0553281747
0553281798
0553282085
0553282182
0553282204
0553282220
0553282476
0553282816
0553282980
0553283081
0553283308
0553283359
0553283502
0553283685
0553283839
0553283855
0553284118
0553284363
0553284649
0553284657
0553284789
0553285343
0553285653
0553285785
0553285920
0553286110
0553286145
0553286374
0553286390
0553286528
0553287303
0553287532
0553287737
0553287893
0553288032
0553288091
0553288342
0553288555
0553289411
055328942X
0553289519
0553289586
0553289691
0553290045
0553290320
0553290533
0553290568
0553290789
0553290983
0553291017
0553291076
0553291165
0553292323
0553292331
055329234X
0553292366
0553292455
0553292722
0553292781
0553293125
055329315X
0553293354
0553293370
0553293389
0553293397
0553293400
0553293761
0553293877
0553293915
0553294075
0553294083
0553294091
0553294385
0553294903
0553295071
0553295195
0553295233
0553295276
055329539X
0553295411
0553295446
055329573X
0553295772
0553295977
0553296043
0553296124
0553296345
0553296604
0553296655
0553296663
0553296752
0553296906
0553296981
0553297007
0553297090
0553297171
0553297260
0553297287
0553297422
0553297465
0553297562
055329783X
0553297945
0553297988
0553297996
055329802X
0553298046
0553298054
0553298062
0553298100
0553298186
0553298518
0553298585
055329895X
0553299220
0553299328
0553299441
055329945X
0553299468
0553299476
0553299506
0553299689
0553299697
0553341154
0553345117
0553345796
0553346148
0553347950
0553348213
0553348477
0553348981
055334949X
055334949x
0553349961
0553351354
0553352660
0553353896
0553354779
0553373846
0553375407
0553375490
0553377868
0553377884
0553379267
055337933X
0553379615
0553379658
0553380095
0553380176
0553380281
055338029X
0553380397
0553380648
0553380656
0553380818
0553380958
0553381350
0553381520
0553381679
0553382225
0553382241
0553382349
0553405071
0553444972
0553445650
0553445995
0553480049
0553480510
0553480553
0553480561
0553480618
0553480871
0553481088
0553481568
0553481959
0553481975
0553482017
0553482033
0553482041
0553482076
0553482092
0553482106
055348219X
0553482203
0553482335
0553482483
0553482491
0553482556
0553482688
0553482963
0553483447
0553483471
055348348X
0553483501
0553484494
0553485156
055348592X
0553486039
0553486047
0553486055
0553486098
0553486128
0553486209
0553486292
0553486543
055348656X
0553486616
0553486640
0553486675
0553486683
0553486691
0553486705
0553486853
055348687X
0553486934
0553486985
0553487027
0553487035
0553487051
055348706X
0553487140
0553487167
0553487213
0553487256
0553487264
0553487280
0553487302
0553487310
0553487329
0553487442
0553487450
0553487469
0553487477
0553487647
0553492187
0553492276
0553492330
0553492349
0553492381
0553492403
0553492608
0553492624
0553492640
0553492659
0553492691
0553492705
0553492756
0553492780
0553492799
0553492888
0553492934
0553493078
0553493108
0553493132
0553493221
0553493264
0553493272
0553493299
0553493469
0553493582
0553493620
0553493639
0553493817
0553493825
0553493833
0553494015
0553494627
0553506196
0553540076
0553540599
0553542524
0553560247
0553560441
0553560670
0553560956
0553561057
0553561111
0553561189
0553561227
0553561340
0553561405
055356160X
0553561618
0553561669
0553561693
0553561774
0553561936
0553561952
0553561960
0553562231
0553562398
055356241X
0553562584
0553562614
0553562622
055356272X
0553562738
0553562940
0553563327
0553563343
0553563467
0553563521
0553563696
0553563912
055356403X
0553564366
0553564471
055356451X
0553564528
0553564684
0553564927
0553564935
0553564943
0553565079
0553565257
0553566032
0553566091
0553566156
0553566199
0553566261
0553566334
0553566369
0553566377
0553566407
0553566520
0553566539
0553566563
055356658X
0553566598
0553566660
0553566881
0553566903
0553566954
0553566962
0553566989
0553567020
0553567039
0553567152
0553567187
0553567608
0553567667
0553567683
055356773X
0553567756
0553568035
0553568043
0553568159
0553568701
0553568760
0553568957
0553569031
0553569058
0553569074
0553569155
055356921X
0553569295
0553569376
0553569414
0553569619
0553569791
055356983X
055356983x
0553569902
0553569910
0553569945
055357003X
0553570080
0553570234
0553570285
0553570439
0553570501
0553570706
0553570854
0553570870
0553570889
0553570919
0553571001
0553571060
0553571125
055357115X
0553571249
0553571338
0553571427
0553571486
0553571516
0553571656
0553571818
0553571885
0553571907
0553571915
0553571923
0553572032
0553572040
0553572202
0553572210
0553572253
055357227X
055357230X
0553572326
0553572350
0553572369
0553572423
0553572512
055357258X
0553572628
0553572644
0553572733
0553572857
0553572938
0553572997
0553573136
0553573209
0553573225
055357325X
0553573314
0553573357
0553573403
0553573616
0553573705
0553573861
0553573977
0553573985
0553574027
0553574043
0553574078
0553574094
0553574124
0553574132
0553574140
0553574167
0553574175
0553574329
0553574353
0553574469
0553574574
0553574639
0553574663
0553574671
0553574736
0553574752
0553574795
0553575015
0553575023
0553575066
0553575090
0553575104
0553575171
0553575422
0553575430
0553575538
0553575554
0553575619
0553575635
0553575643
0553575651
0553576003
055357602X
0553576089
0553576119
0553576232
0553576348
0553576399
0553576623
0553576798
0553576801
055357681X
0553576925
0553577123
0553577239
0553577255
055357728X
0553577344
0553577565
0553577611
0553577778
0553577808
0553577867
0553577905
0553578022
055357809X
0553578138
0553578243
0553578308
0553578316
0553578359
0553578529
0553578677
0553578693
0553578731
0553578790
0553578820
0553578855
0553578952
0553578960
0553579061
055357910X
0553579134
0553579193
0553579290
0553579606
0553579622
0553579673
0553579681
055357969X
0553579754
0553579916
0553579983
0553580000
0553580035
0553580191
0553580221
0553580256
0553580272
0553580280
0553580302
0553580310
0553580337
0553580388
0553580515
0553580752
055358085X
0553580884
0553580906
0553580930
055358099X
0553581007
0553581023
0553581147
0553581279
0553581295
0553581554
0553581708
0553581791
0553581821
055358183X
0553581856
0553581872
0553582003
0553582127
0553582135
0553582143
0553582364
055358247X
0553582526
0553582542
055358264X
0553582658
0553582682
0553582704
0553582712
0553582747
0553582755
0553582763
0553582801
0553582852
0553582917
0553582925
0553582933
0553582941
0553583077
0553583360
0553583441
0553583468
0553583557
0553583611
0553583751
055358376X
0553583859
0553583905
0553583913
0553583956
0553583980
0553583999
0553584014
0553584049
0553584375
0553584383
0553584480
0553584707
055358491X
0553585118
0553585495
0553585681
0553585851
0553586122
0553586130
0553586270
055358636X
0553587064
055376196X
0553800914
0553800949
0553801198
0553801228
0553801252
0553801279
0553801341
0553801376
0553801481
0553802453
0553802488
0553802496
055380250X
0553802518
0553802526
0553803220
0553803344
0553803581
0553840053
0563551011
0570049628
0571105483
0571117422
0571135226
0571167926
0571170498
0571176143
057119706X
057119771X
0571199968
0571199976
0571202055
057120354X
0571209769
0571216420
0572023995
0572024185
0573692742
0573693331
057502612X
0575047798
0575049804
057505526X
0575056991
0575057181
0575061383
0575065842
0575070293
0575071117
0575074019
0575075589
0575400951
0575600306
0575601868
0575601973
0575602902
0575603259
0582060184
0582077826
0582077842
0582084792
0582274982
0582275164
0582314038
0582416868
0582418178
0582426871
058252721X
0582534232
058254159X
0582765757
0583300685
0583300707
0583302904
0586026193
0586052771
0586056505
0590010891
0590014013
0590015834
0590018469
0590021117
0590023101
0590023764
0590023837
0590023853
059002566X
0590029711
059002972X
0590029738
0590030205
0590031686
0590032496
0590032747
0590034871
059003488X
0590036467
0590037102
0590043021
0590045296
0590048554
0590059084
0590059475
0590059483
0590059491
0590059505
0590059602
0590059750
0590059777
0590059882
0590059912
0590059920
0590059955
0590059971
059005998X
0590060198
0590061984
0590065874
0590072420
0590090496
0590090755
0590098942
0590099175
0590102915
059010683X
059010845X
0590109715
059010991X
0590109960
0590109979
0590110225
0590112899
0590117149
0590117483
0590118897
0590129201
059012921X
0590129988
0590130048
0590132008
0590134620
0590134701
0590134787
0590136011
0590136534
0590137603
0590149229
0590149288
0590149296
0590187511
0590189360
0590189778
0590202448
0590202995
0590208349
0590210629
0590212443
0590213113
0590214152
0590222104
059022218X
059022297X
0590224735
0590226371
0590226517
0590226533
0590227637
0590228544
0590228625
059022865X
0590228668
0590228676
0590228684
0590228714
0590228722
0590228730
0590228749
0590228757
0590228765
059022879X
059022882X
0590237950
0590246216
0590250841
0590250876
0590250884
0590250922
0590251589
0590251597
0590251619
0590251627
0590251635
0590251643
059025166X
0590251708
0590252194
0590252372
0590252712
0590254715
0590254766
059025510X
0590257838
0590259482
059025961X
0590259881
0590259962
0590261932
0590262157
0590262165
0590262645
0590293974
0590294016
0590294032
0590298364
0590298372
0590298380
0590298399
0590298402
0590300407
059030061X
0590300946
059030271X
0590303848
0590303880
0590306731
0590307134
0590312413
0590313185
0590313509
0590314009
0590317792
0590318225
0590318381
0590319043
0590319906
059032120X
0590322974
0590322990
0590323830
0590324217
0590324497
0590325221
059032523X
0590325442
0590325450
0590325485
0590326457
0590327879
0590328433
0590328506
0590328956
0590329510
0590330454
059033123X
0590331795
0590332007
0590332473
0590332767
0590333062
0590334514
0590335650
0590336622
0590336649
059033672X
0590337432
0590337483
0590338242
0590338684
0590338943
0590339508
0590339524
0590341286
0590353403
059035342X
0590360809
0590366831
0590371258
0590372343
0590373986
0590374516
0590374524
0590374532
0590374540
0590374621
0590374869
0590375598
0590376195
0590376799
0590379909
0590381962
0590383892
0590386042
0590386336
0590394665
0590394681
059039469X
0590396056
0590396439
0590396560
0590396838
059039696X
0590397206
0590397249
0590397753
0590397761
0590399888
0590399918
0590399926
0590399934
0590399942
0590399950
0590400231
0590400258
0590401688
0590401807
0590401939
0590402404
0590402897
0590403214
0590403605
0590403672
0590403737
0590403974
0590404008
0590404032
0590404083
0590404288
0590404717
0590404962
0590405942
0590405950
0590405993
0590406019
0590406116
0590406159
0590406191
0590406205
059040640X
0590406418
0590406876
0590406957
0590407198
0590407252
0590407287
0590407481
0590407783
0590407848
0590408453
059040847X
0590409042
0590409174
0590409182
0590409212
0590409417
0590409433
0590409662
0590410407
0590410709
059041089X
059041125X
0590411268
0590411276
0590411365
0590411594
0590411829
0590411837
0590412019
0590412485
0590412795
0590413007
0590413430
0590413643
0590414720
059041478X
0590415069
0590415476
0590415506
0590415638
0590415840
0590416243
059041626X
0590416391
0590416413
059041688X
059041691X
0590417088
0590417363
0590417460
0590417827
0590418114
059041836X
0590418580
059041917X
0590419293
0590420046
0590420321
0590420402
0590421174
0590421190
0590421298
0590421484
0590421506
0590421522
0590422383
059042243X
0590422464
0590422677
0590422944
0590423541
0590423592
0590424041
0590424173
0590424351
0590424394
0590424564
0590424602
0590424939
0590424955
0590424963
0590424971
059042498X
0590425005
0590425021
059042503X
0590425390
0590425536
0590425552
0590425560
0590425919
0590426214
0590426583
0590426702
0590426729
0590426796
0590426818
0590426850
0590426869
0590426877
0590426885
0590426893
0590426931
0590427261
0590427717
0590427873
059042792X
0590428020
0590428225
0590428586
0590428829
0590429094
0590429884
0590430122
0590430149
0590430300
0590430858
059043103X
0590431099
0590431145
0590431250
0590431307
0590431366
0590431390
0590431455
0590431927
0590431978
0590432036
0590432087
0590432664
059043277X
0590432788
0590432796
0590433180
0590433199
0590433423
059043344X
0590433466
0590433474
0590433520
0590433857
0590433865
0590433873
0590433881
0590433954
059043411X
0590434128
0590434403
0590434519
0590434594
0590434616
059043473X
0590434837
0590434896
0590434969
0590434977
0590434985
0590435019
0590435094
0590435116
0590435124
0590435132
0590435140
0590435272
0590435663
059043568X
0590435701
059043571X
0590435728
0590435736
0590435744
0590435752
0590435760
0590436104
0590436228
0590436287
0590436422
0590436430
0590436449
0590436465
0590436481
0590436511
059043652X
0590436589
0590436627
059043683X
0590436856
0590437151
0590437208
0590437224
0590437232
0590437585
0590437976
0590438107
059043814X
0590438190
0590438212
0590438301
0590438425
0590438751
0590438891
0590438913
059043893X
0590439006
0590439030
0590439448
0590439731
0590440012
0590440101
0590440144
059044025X
0590440470
0590440551
0590440632
0590440640
0590440675
0590440829
0590440837
0590440845
0590440853
0590440942
0590441108
0590441124
0590441957
0590442104
0590442139
0590442341
0590442368
0590442376
0590442392
0590442406
0590442449
0590442481
0590442562
0590442589
0590442597
0590442600
0590442627
0590442643
0590442880
0590442953
059044297X
0590442988
0590442996
0590443003
0590443305
0590443321
059044333X
059044347X
0590443925
0590444271
0590444298
0590444409
0590444646
0590444778
0590444794
0590444956
0590445014
0590445499
0590445561
059044557X
059044560X
0590445863
0590445979
0590446304
0590446711
0590447297
0590447319
0590447688
0590447742
059044784X
0590447866
0590447874
0590447998
0590448013
0590448048
059044817X
0590448226
0590448234
0590448242
0590448250
0590448285
0590448315
0590448323
0590448811
0590449036
0590449044
0590449168
059044932X
0590449486
0590449583
0590449591
0590449605
0590449613
0590449621
059044963X
0590449648
0590449680
0590449699
0590449702
0590449710
0590449834
0590449850
0590449982
0590450344
0590450506
0590450638
0590451030
0590451146
0590451227
0590451596
0590451685
0590452460
0590452509
0590452568
0590452894
0590453165
0590453416
059045353X
0590453548
0590453610
0590453653
0590453661
0590453688
0590453696
059045370X
0590453858
0590453874
0590454005
0590454021
0590454234
0590454366
0590454471
059045448X
0590454528
0590455265
0590455702
0590455753
0590455788
0590456318
059045644X
0590456458
0590456474
0590456482
0590456512
0590456571
059045658X
0590456598
0590456601
059045661X
0590456628
0590456644
0590456652
0590456679
0590456741
0590456806
0590456814
0590456822
0590456903
0590457217
0590457225
0590457233
0590457268
0590457276
0590457292
0590457438
0590457586
0590457594
0590457799
0590457950
0590458116
0590458299
0590458507
059045854X
0590458779
0590458841
0590458981
059045899X
0590459171
0590459236
0590459368
0590459376
0590459384
0590459562
0590460145
0590460153
059046020X
0590460234
0590460250
0590460390
0590460404
0590460447
0590460463
0590460560
0590460595
0590460994
0590461001
0590461109
0590461230
0590461265
059046132X
0590461621
059046163X
0590461656
0590461699
0590462105
0590462121
0590462261
0590462946
0590463160
0590463624
0590463969
0590464116
0590464639
059046485X
0590465740
0590465880
0590465953
0590466178
0590466186
0590466194
059046633X
0590466771
059046678X
0590467158
0590467638
0590469215
059046938X
0590470051
059047006X
0590470078
0590470094
0590470108
0590470124
0590470140
0590470159
0590470442
0590470469
0590470493
0590470507
0590470701
059047071X
0590470884
0590471120
059047118X
0590471244
0590471260
0590471368
0590471570
0590472976
0590472984
0590473328
0590473549
0590473700
0590474138
0590474464
0590474472
0590474782
0590474804
0590475002
0590475053
0590475347
0590475460
0590475673
0590475967
0590476769
0590476866
0590476939
0590477242
0590477307
0590477323
0590477331
0590477382
0590477390
0590477412
0590477447
0590477455
0590477625
0590477838
0590477846
0590477854
0590478346
0590478737
059047877X
0590478974
0590479075
0590479083
0590480057
0590480154
0590481134
0590481142
0590481150
0590481258
0590481339
0590481568
0590482106
0590482211
0590482238
0590482246
0590482254
0590482289
0590482378
059048253X
0590482629
059048284X
0590483072
0590483080
0590483099
059048320X
0590483404
0590483412
0590483447
0590483455
0590483463
059048348X
0590483498
0590483501
059048351X
0590483528
0590483544
0590483552
0590483803
0590483994
0590484001
0590484052
0590484060
0590484133
0590484451
0590484532
0590484672
0590484753
0590484834
0590484966
0590485334
0590485733
0590485830
0590485849
0590485857
0590485881
0590486128
0590486470
0590486497
0590486802
0590487353
0590487442
0590487922
0590488406
0590489933
059049418X
0590494309
0590494368
0590494384
0590494457
0590494465
0590494473
0590494481
059049449X
0590494503
0590498487
0590498495
0590500511
0590500600
0590501798
0590502077
059050214X
059050391X
0590508318
0590509608
0590509624
0590509950
0590510746
0590511416
0590511599
0590514776
0590516736
0590519255
0590523325
0590523406
0590523430
0590523457
0590523465
059052836X
0590540815
0590540831
0590541781
0590542095
0590542168
0590542443
0590543075
0590543199
0590553232
0590554085
0590554093
0590554107
0590554115
0590554301
0590558331
0590566466
0590567330
0590567357
0590568736
0590568744
0590568760
0590568779
0590568787
0590568795
0590568809
0590568817
0590568825
0590568833
0590568841
059056885X
0590568868
0590568876
0590568884
0590568892
0590568906
0590568914
0590568922
0590568930
0590568949
0590568957
0590568973
0590581074
0590582860
0590582895
0590596802
0590601350
0590601369
0590602284
0590602896
0590603647
0590603698
0590603795
0590603825
0590603841
0590603884
0590605135
0590606719
0590613898
0590619624
0590623745
0590623761
0590624008
0590624296
0590629778
0590629794
0590629808
0590629816
0590629824
059063271X
0590632744
0590634275
0590634747
0590638793
0590646087
0590660926
0590664700
0590664719
0590673130
0590673149
0590673181
059067319X
0590674099
0590674501
0590679104
0590679872
0590684841
0590685198
0590685201
0590687158
0590687301
0590689118
0590689142
0590689908
0590691775
0590691805
0590691813
0590691821
0590691953
0590692054
0590692062
0590692070
0590692119
0590692127
0590692135
059069216X
0590715178
0590716174
0590734512
0590737422
0590738887
0590739085
0590739107
0590742590
0590742612
0590743503
0590762540
0590762559
0590762621
059076263X
0590762710
0590763423
0590763512
0590764853
0590767836
0590767852
0590769588
0590819100
0590819143
0590819178
0590819747
0590819755
0590846280
0590847651
0590847678
0590847724
0590847732
0590847740
0590847759
0590848860
0590849026
0590849042
0590849050
0590849069
0590849131
0590852965
059086369X
0590866001
059086632X
059087585X
0590877437
0590877542
0590877607
0590877623
0590877666
0590878549
0590878557
0590880268
0590880306
0590880780
0590881930
0590897985
0590897993
0590907182
0590907239
0590921665
0590921673
0590925776
0590926675
0590927132
0590929836
0590931040
0590934252
0590934856
0590934899
0590934929
0590939432
0590939548
059093970X
0590939939
0590944649
0590944711
0590944754
0590944843
0590947168
0590947257
0590947281
0590957678
0590962736
0590965379
0590972138
0590972154
0590972162
0590972189
0590978055
0590981811
0590982079
0590988492
0590988867
0590996835
0590997262
0590997289
0590997297
0590997300
0590997327
0593045254
0595014674
0595095380
0595124844
0595144470
0595190758
0595223141
0595227694
0595229891
0595244319
0595271707
0595315070
0595653189
0596000278
0596004788
0600572307
0600582744
0606129197
0606170979
0606189947
0609600672
0609600745
0609601008
0609602438
0609603086
0609603094
0609603272
0609604511
0609605143
0609605453
0609605917
0609605925
060960614X
0609606727
0609608045
0609609769
0609609963
0609610597
0609610996
060980149X
0609803115
0609804138
0609804197
0609804618
060980619X
0609806505
0609807900
0609807919
0609808028
0609809466
0609809547
0609809563
0609809830
0609810103
0609810170
0609810219
0613004078
0613028112
0613044541
0613044967
0613044991
0613068963
0613069854
0613071832
0613124189
061312975X
0613151402
061315231X
0613173503
0613231511
0613286626
0613325419
0613329740
0613330080
061353851X
0613572742
0613722159
0613872703
061398546X
061399440X
0618002219
0618002227
0618002235
0618002243
0618009361
0618015582
0618039694
0618056750
0618056998
0618070206
0618082344
0618083561
061808357X
0618083588
0618083596
0618093974
061810450X
0618126988
0618129014
0618129022
0618129030
0618129081
0618129111
0618135049
0618139303
0618150730
061815082X
0618154051
0618154442
0618190996
0618195599
0618212574
0618219048
0618219064
0618246967
0618260250
0618260285
0618340734
0618404414
0618526412
0631159282
0631193537
0631202811
0631221204
063403541X
0658003860
0658005006
0658012096
0658017934
0664324975
0668051345
0669471860
0670030031
0670030058
0670030198
0670030422
0670030457
0670030627
0670030643
0670030651
0670030716
0670030961
0670031046
0670031062
0670031313
0670031518
0670031879
0670032166
0670032379
0670032670
0670033332
0670035300
0670035661
0670036447
0670241334
0670260770
0670261564
0670272663
0670324884
0670524921
0670532576
0670681903
0670695033
0670772895
0670805149
0670807729
0670808652
0670813028
0670813648
0670822175
0670822485
0670825379
0670826472
0670827592
0670835196
0670835382
0670836184
0670839361
0670840882
0670841838
0670848573
0670849057
067084943X
0670849693
0670850535
0670855030
0670856045
0670857246
0670857831
0670858692
067086014X
0670861049
067086191X
0670865796
0670866628
0670867896
0670868361
067086871X
0670871753
067087311X
067087616X
0670877786
0670878073
0670879045
0670880728
067088278X
067088300X
0670885495
0670886696
0670888702
067089155X
0670891576
0670891649
0670891770
0670892963
0670894184
0670894508
0670894605
0670896764
0670896950
0670910236
0670913707
0671000306
0671000314
0671000349
067100042X
0671000489
0671000853
0671000977
0671001000
0671001167
0671001213
0671001760
0671001787
0671001795
0671001809
0671001841
0671001876
0671001957
0671002228
0671002481
067100252X
0671002716
0671002740
0671002813
0671002929
0671002937
0671002945
0671002988
067100316X
0671003240
0671003348
0671003356
0671003364
0671003518
0671003593
0671003615
0671003755
0671003925
067100400X
0671004107
0671004131
0671004239
0671004417
067100445X
0671004530
0671004549
0671004565
0671004573
0671006908
0671007068
0671007335
0671007378
0671007491
0671007610
0671007637
067100767X
067100767x
0671007696
0671007718
0671007947
0671008005
0671008145
0671008277
0671008285
0671008323
0671008749
0671008803
0671008846
0671008862
0671009184
0671009257
0671009656
0671010085
0671010093
0671010107
0671010204
0671010212
0671010220
0671010239
0671011375
0671011456
0671011626
0671013955
0671014102
0671014137
0671014153
067101417X
0671014196
067101420X
0671014218
0671014285
0671014331
067101434X
0671014358
0671014366
0671014420
0671014633
0671014757
0671014765
0671014773
0671014919
0671014935
0671015001
067101532X
0671015532
0671015540
0671015842
0671016709
0671016768
0671016784
0671016792
0671016806
0671017004
0671017098
0671017128
0671017136
0671017144
0671017152
0671017225
0671017276
0671017357
0671017578
0671018051
0671018353
0671018922
0671019074
0671019139
0671019155
0671019260
0671019287
0671019295
0671019414
0671019635
0671019651
0671019716
0671019740
0671019791
0671019805
0671019929
0671020110
0671020250
0671020293
0671020307
0671020315
0671020323
067102034X
0671020560
0671020579
0671020609
0671020641
0671020943
0671021001
0671021036
0671021052
0671021109
067102115X
0671021168
0671021184
0671021192
0671021206
0671021230
0671021338
0671021346
0671021354
0671021362
0671021486
0671021745
067102180X
0671021974
0671021982
067102261X
0671022830
0671022865
0671022873
0671022903
0671022997
0671023012
0671023063
067102308X
0671023179
0671023217
0671023306
067102342X
0671023489
0671023535
0671023578
0671023772
0671023810
0671023837
0671023888
0671024108
0671024124
067102423X
0671024248
0671024337
0671024345
067102437X
0671024388
067102440X
0671024418
0671024426
0671024442
0671024493
0671024582
0671024779
0671024868
0671025341
067102535X
0671025368
0671025538
0671025570
0671025988
0671026011
0671026232
0671026240
0671026275
0671026283
0671026291
0671026305
0671026356
0671026364
0671026518
0671026682
0671026828
0671026844
067102700X
0671027093
0671027123
067102731X
0671027344
0671027360
0671027379
0671027395
0671027417
0671027492
0671027514
0671027522
0671027573
0671027638
0671027646
0671027662
0671027808
0671027972
0671028006
0671028014
0671028022
0671028030
0671028049
0671028065
0671028162
0671028170
0671028197
0671028200
0671028219
0671028367
0671028375
0671028383
0671028448
0671028472
0671032550
0671032577
067103264X
0671032658
0671032704
0671032712
0671032739
0671032933
0671032992
067103300X
0671034014
0671034057
0671034111
067103412X
0671034413
0671034545
0671034677
0671034944
0671034952
0671035266
0671035274
0671035282
0671035444
0671035622
0671035649
0671035665
0671035738
0671035762
0671036017
0671036025
0671036033
0671036645
0671036653
0671038184
0671038443
0671038567
0671039199
067103927X
0671039288
0671039296
067103930X
0671039415
0671039423
0671039431
067103944X
0671039466
0671039474
0671039482
0671039490
0671039539
0671039555
0671039725
0671039741
067103975X
0671039830
0671039857
0671039873
0671039903
067103992X
0671039938
0671039946
0671039954
0671039962
0671039970
0671040561
0671040588
0671040677
0671040685
0671040693
0671040715
0671040782
0671041177
0671041444
0671041452
0671041460
0671041479
067104155X
0671041576
0671041622
0671041630
0671041657
0671041665
0671041673
0671041754
0671041789
0671041851
0671041959
0671042262
0671042459
0671042483
0671042505
0671042556
0671042572
067104270X
0671042858
0671042874
0671042920
0671047329
0671047515
067104754X
0671047612
0671201565
0671207148
0671221396
0671241109
0671242709
0671244221
0671252682
0671311891
067131839X
0671318500
0671318586
0671319590
0671319639
0671400363
0671411136
0671411241
067141125X
0671413570
0671413708
0671415085
0671422081
0671423479
0671424912
0671430939
0671431056
0671432990
0671433083
067143487X
0671435876
0671436163
0671439960
0671441175
0671441892
0671442686
0671443283
0671447238
067144901X
0671449044
0671451405
0671451979
0671452177
0671452533
0671454064
0671456865
0671460285
0671462970
0671462997
0671463144
0671465392
0671465414
0671467263
0671468200
0671477099
0671477919
0671479989
0671493043
0671494538
0671495151
0671496107
0671496786
0671499335
0671502689
0671504282
0671504398
0671504517
0671504533
0671504681
0671505173
0671507028
0671508156
0671509810
067150987X
0671510053
0671510126
0671510991
0671511424
0671511564
0671516922
067151699X
0671517414
0671517635
0671517643
0671519026
067151914X
0671519670
0671519816
0671520512
0671521101
0671521519
0671521705
0671522647
0671522655
0671522663
0671522728
0671522744
0671522752
0671522760
0671523619
0671523686
0671524208
0671524968
0671525425
0671525433
0671525743
0671525751
0671525808
0671525832
067152609X
0671526715
0671526723
067152707X
0671527215
0671527592
0671527649
0671528068
0671528203
0671528505
0671529366
0671529412
0671529420
0671529439
0671529455
067152951X
0671529528
0671529536
0671529552
0671529595
0671529617
0671529633
0671529692
0671529714
0671530534
0671531433
0671532251
0671532642
0671533983
0671534262
0671534718
0671534726
0671534734
0671534742
0671534823
0671535226
0671535323
0671535552
0671535749
0671536508
0671536621
0671537253
0671537261
0671537458
0671537474
0671537512
0671541013
0671541501
0671541749
0671541811
067154313X
067154683X
0671549170
0671549219
0671550306
0671550462
0671550500
0671550551
0671550594
0671550748
0671550764
0671550772
0671551043
0671551361
0671552228
0671553011
067155302X
0671553046
0671553062
0671554956
0671555022
0671556657
0671556835
0671556843
0671563084
0671567713
067156773X
0671567829
067156787X
0671568175
0671568183
0671568426
0671568434
0671568655
0671568698
0671568701
0671568752
0671568809
0671568825
0671568841
0671577727
067157776X
0671578103
0671578162
0671578340
0671578456
0671578529
0671600427
0671600834
0671601075
0671601296
0671606387
0671606840
0671606867
0671616994
0671617028
0671619314
0671620991
067162220X
0671623249
0671624121
0671624741
0671625829
0671625837
0671626191
0671626477
0671626493
0671626515
0671626728
0671626965
0671627147
0671627155
0671630814
0671631284
0671633058
0671634135
0671635174
067163691X
0671637797
0671638106
0671639668
0671640127
0671640364
0671640453
0671641409
0671642685
0671644475
0671644831
067164484X
0671645870
0671646842
0671646885
0671646893
0671646907
0671646974
0671647008
0671647458
0671648144
0671648705
0671649175
0671649183
0671649191
0671649205
0671649469
067164954X
0671652273
0671653369
0671653415
0671653598
0671653989
0671654160
0671655868
0671656023
0671656155
0671656538
0671656589
0671656597
0671656767
067165764X
0671657771
0671657860
0671658166
067165876X
0671660632
0671661892
0671663151
067166316X
0671664247
0671664271
0671664581
067166493X
067166607X
0671667009
0671667033
0671667173
0671667653
0671670069
0671670646
0671670662
0671670689
0671670913
0671671499
0671672886
0671673653
0671673688
0671674641
0671674684
0671674854
0671675001
0671675958
0671676253
0671676547
0671676555
0671676695
0671676857
0671677144
0671678817
0671679473
0671680080
0671680420
0671682857
0671682873
0671682911
0671682938
0671683063
0671683454
0671683780
0671683861
067168390X
0671683993
0671684256
067168518X
0671685244
0671685635
0671689231
067168955X
0671689738
0671689762
0671690094
0671690140
0671690558
0671690566
0671690590
0671690604
0671691333
0671692674
0671692879
0671693220
0671693352
0671693743
0671693816
0671694014
0671694049
0671694103
0671694111
067169412X
0671694200
0671694391
0671694960
0671694979
0671694987
0671695126
0671695142
0671695150
0671695169
0671695304
0671695789
0671697994
0671698087
0671698230
0671698850
0671700103
0671700286
0671700340
0671700448
0671700766
0671701118
0671701592
0671701606
0671702432
0671702440
0671702505
0671702513
0671702637
0671703498
0671704184
0671704400
0671704656
067170494X
0671705091
0671705997
0671706764
0671706810
0671707140
0671707612
0671708260
0671708368
0671708376
0671708635
0671708821
0671709003
0671709453
0671709569
0671709577
0671709585
0671709607
0671718436
0671720139
0671720147
0671720619
067172066X
0671720937
0671720996
0671721038
0671721100
0671721143
0671721380
0671721658
0671721690
0671721755
0671721836
0671722069
0671722131
0671722565
0671722573
067172262X
0671722638
0671722654
0671722719
0671722778
0671722794
0671722808
0671722816
0671722832
0671722840
0671722859
0671722891
0671722905
0671723227
0671723650
0671724002
0671724517
0671724738
0671724800
0671724819
0671724835
0671724843
0671724851
067172519X
0671725661
0671725955
0671726447
0671726498
0671726730
0671727125
0671727583
0671727672
0671727699
0671727796
0671727885
0671728555
0671729349
0671729403
0671729411
0671729446
0671729454
0671729462
0671729470
0671729497
0671729926
0671730959
0671731092
0671731122
0671731246
0671731262
0671731424
0671732277
0671732323
0671732463
0671732498
0671734083
067173430X
0671734970
0671735551
0671735594
0671735616
0671735896
067173606X
067173668X
0671736787
0671736809
0671736817
0671736825
0671736833
0671736841
067173685X
0671736868
0671737120
0671737295
0671737554
0671737600
0671737619
0671737627
0671737635
0671737643
0671737708
0671737791
0671737805
0671737821
067173783X
0671737848
0671737864
0671738046
0671738224
0671738232
0671738666
0671738674
0671738682
0671738690
067173914X
0671739166
0671739670
0671739719
067173976X
0671739794
0671740679
0671741039
0671741063
067174108X
0671741187
0671741195
0671741209
0671741330
067174139x
067174142X
0671741772
0671742515
0671742558
0671742566
0671742906
0671742949
0671743058
0671743074
0671743562
0671743783
0671743791
067174383X
0671744208
0671744216
0671744577
067174500X
0671745069
0671745085
0671745093
0671745107
0671745115
0671745530
0671746049
0671746065
0671746073
0671746103
0671746162
0671746677
0671746693
0671746715
0671746723
067174674x
0671747134
0671747150
0671747827
0671748408
067174870X
0671749013
0671749412
0671749943
0671750445
067175081X
0671751174
0671751182
0671751190
0671752448
0671754165
0671754181
0671754254
0671755056
0671758721
0671758799
0671758896
0671759205
0671759213
0671759299
0671759329
0671759345
0671759361
0671762613
0671766007
0671769200
0671769227
0671773240
0671773682
0671773690
0671774646
0671774662
0671775332
0671775405
0671775413
0671775421
0671775553
0671775715
0671775820
0671775847
0671776096
0671776126
0671776134
0671776800
0671777130
0671778684
0671778722
0671778730
0671779370
067178157X
0671784684
0671785338
0671785419
0671785699
0671785702
0671785818
0671785966
0671786008
0671786091
0671786261
0671786601
0671787454
0671787527
0671787918
0671787985
0671790226
0671791974
0671792806
0671792822
0671792970
0671793039
0671793489
0671793543
067179356X
0671793888
0671794019
0671794027
0671794043
0671794388
0671794493
0671794507
0671794728
0671794825
0671795538
0671795554
0671795694
0671795937
0671796224
0671797050
0671797204
0671798324
0671798782
0671798987
0671799045
0671799355
0671799363
067179938X
0671799657
0671804987
0671818856
0671822209
0671827847
0671829777
0671835963
0671864165
0671864173
067186419X
0671866397
0671866524
0671866923
0671866966
0671867091
0671867113
0671867156
0671867172
0671867660
0671868314
0671868322
0671868330
0671868349
0671868365
0671868373
0671868381
067186839X
0671868403
0671868446
067186954X
0671870114
067187036X
0671870807
067187084X
0671870955
0671870963
067187098X
0671870998
0671871005
0671871218
0671871234
067187263X
0671872648
0671872656
0671872664
0671872672
0671872680
0671872699
0671873199
0671873202
0671873210
0671874551
067187456X
0671874950
0671876031
0671876155
0671876244
0671876260
0671876287
0671876368
0671876414
0671876465
0671876619
0671877038
0671877135
0671877143
0671877496
0671877763
0671878484
0671878530
0671878611
067187876X
0671878778
0671878786
0671879529
0671880047
0671880160
0671880187
0671880314
0671880608
0671881175
0671881612
0671881949
0671882902
0671882910
067188414X
0671884506
0671884581
067188459X
0671885146
0671885626
0671885634
0671885642
0671885995
0671886665
0671887351
0671887424
0671887432
0671888048
0671888250
0671888285
0671888587
0671891677
0671891871
0671892177
0671892673
0671894250
0671894277
0671894285
0671894293
0671894315
0671894323
0671894331
067189434X
0671894358
0671894455
0671897071
0671897896
0671898019
0671898493
0671898582
0671898590
0671898604
0671898841
0671899007
0671955543
0672307871
0672311631
0672320304
0674004787
0674382269
0674383311
0674403665
0674445449
0674511255
0674589157
0674639766
0674955218
0676973922
0676974562
0679031502
0679032576
0679310495
0679400540
0679401032
0679401350
0679403612
0679403922
0679405712
0679405879
0679406891
0679408371
0679410430
0679412956
0679415602
067941603X
0679416889
0679417311
0679417397
0679418008
0679419624
0679419829
0679420088
0679420290
0679420754
0679423125
0679423664
0679423966
0679424105
067942525X
0679425268
067942573X
0679426140
0679426159
0679426582
0679427279
0679428100
0679428887
0679429220
0679429948
0679430946
0679433074
0679433139
0679434968
0679435212
0679435549
0679437061
0679438416
0679439382
0679441034
0679441247
0679441557
0679442790
0679444076
0679444815
0679445226
0679445358
0679446486
0679446893
0679447156
0679447490
0679448454
0679448594
0679448802
0679449787
0679450432
0679450440
0679451099
0679451463
067945232X
0679452354
0679454446
0679454489
0679454497
0679454748
0679456589
0679457526
0679457550
0679457739
0679463321
0679600701
067960135X
067960166X
0679601686
0679601813
0679601953
0679601996
0679603069
0679603301
0679603352
0679720200
0679720219
0679721886
0679722068
0679722319
0679722556
0679722645
0679723005
0679723110
0679723137
0679723161
0679723439
0679723692
0679724222
0679724362
0679724761
0679724877
0679725415
067972723X
0679727299
067972768X
0679728228
0679728880
0679728899
0679729267
0679729461
0679729526
0679729917
067973001X
0679730613
0679731148
0679731210
0679731725
0679731946
0679732152
0679732187
0679732241
067973225X
0679732454
0679732535
0679732705
0679732764
0679733167
0679733825
0679734120
0679734503
0679734511
0679734627
0679734775
0679735771
0679735909
0679735976
0679736042
0679736301
0679736409
0679736646
0679736875
0679737383
0679737898
0679738568
0679738908
0679740678
0679741666
0679742115
0679742204
0679742298
0679742336
0679742581
0679743243
0679743464
0679744029
0679744398
0679744711
0679745203
067974536X
0679745580
0679745793
0679746048
0679748148
0679748156
0679748261
0679749810
0679749888
0679750169
0679751319
0679751521
0679752684
0679752986
067975377X
0679753796
067975444X
0679755330
0679756760
0679757015
0679757899
067975833X
0679760202
0679761047
0679761799
0679762655
0679762671
0679763309
0679763937
067976397X
0679763996
067976402X
067976657X
0679766634
0679766758
0679767169
0679767185
0679767800
0679767819
0679767959
0679768386
0679768645
0679772669
0679773533
0679774386
0679775439
0679776370
0679776508
0679776680
0679777504
0679777547
0679781498
067978151X
0679783180
0679783415
0679783598
0679785892
0679789758
0679800913
0679801111
0679801138
0679801146
0679801693
0679803335
067980353X
0679803718
0679803912
0679805273
0679810307
0679810471
0679813438
0679813454
0679813845
0679816801
0679817999
0679819479
0679819487
0679819762
0679820205
0679820213
0679821481
0679822410
067982376X
0679823859
067982412X
0679824251
0679826718
0679827021
067983074X
0679833692
0679833722
0679844074
0679847960
0679851011
0679853065
0679856927
0679856994
0679858652
0679860045
0679861815
0679861823
0679865683
0679865691
0679866647
0679866957
0679866965
0679866973
0679867007
0679869506
0679869816
0679870083
0679872442
0679872760
067987304X
0679873066
0679873937
0679876618
0679876669
0679879242
0679879250
0679879269
0679880909
067988288X
0679882898
0679882901
067988291X
0679883428
0679883568
0679885307
0679885501
0679886222
0679886370
0679886575
067988663X
0679889175
0679889183
0679889191
0679891307
0679891412
0679891811
0679891986
0679892141
0679892648
0679893105
0679894780
0679904190
0679936114
0681007702
068127493X
0681400595
0681414413
068416325X
0684163403
0684168758
0684174723
0684176173
0684176343
0684187469
0684189259
0684191202
0684192500
0684192837
068419337X
068419340X
0684193957
0684194201
0684195488
0684195534
0684195976
0684196387
0684717255
0684719312
0684800322
0684800713
068480087X
0684801116
0684801221
0684801469
0684801523
068480154X
0684801744
0684803089
0684803135
0684803143
0684803356
0684803860
068480445X
0684804522
0684808323
0684808730
0684810387
0684810395
0684811073
0684813394
0684813424
068481353X
0684813637
0684813823
0684814137
0684814994
0684818663
0684818833
0684818892
0684818981
0684819066
0684822776
068482292X
0684823764
0684823780
0684823802
0684823829
0684823853
0684824396
0684824620
0684824795
068482499X
0684825538
0684825910
0684826143
068482681X
0684826909
0684829924
0684830493
0684831015
0684831945
0684832178
068483376X
0684834723
0684834731
0684834960
0684835339
0684836491
0684837056
0684837242
0684837927
0684838087
0684838877
0684838923
0684839121
0684839792
0684841185
0684841347
068484267X
0684842696
0684843102
0684843137
0684843161
0684843269
0684843323
068484477X
0684844850
0684845776
0684845784
0684846489
0684846608
0684846713
0684846772
0684848155
0684848406
0684848783
0684848961
0684849046
0684849690
0684850133
0684850265
0684851911
068485192X
0684851938
0684852217
068485256X
0684852683
0684852802
0684853507
0684853515
0684853523
068485371X
0684853736
0684853914
0684854279
0684854287
0684854449
0684854457
0684854759
0684855364
0684856093
0684856476
0684857324
0684857340
068485743X
068485760X
0684857820
0684859033
0684859777
0684862719
0684863340
0684863472
0684863588
0684864185
0684864320
068486441X
0684864843
0684865386
0684865637
0684865696
0684865742
0684867621
0684867672
0684867818
0684868911
0684869497
0684869748
0684869837
0684870606
0684870673
0684870827
0684870940
0684871009
0684871254
0684871262
0684871483
0684872153
068487217X
0684872536
0684872730
0684872919
0684873052
0684873168
0684873249
068487377X
0684874318
0684874350
0687049245
068715684X
0688006787
0688009883
068801075X
0688014364
0688017614
068802405X
0688025935
0688033407
0688035663
0688037151
0688040721
0688041825
0688041965
0688046592
0688046606
0688047807
068805790X
0688059457
0688062229
0688066496
0688066631
0688066844
0688067573
0688068421
0688075088
0688075096
0688075215
0688075665
0688078761
068808365X
0688084915
0688084923
0688087523
0688088015
0688088090
068809368X
0688096956
0688097480
0688104800
068810794X
0688108938
0688108946
0688109764
0688111505
0688111831
0688118976
0688119077
0688121926
0688124054
0688124097
0688126537
0688127975
0688130925
0688131158
0688132359
0688134017
0688134181
068813419X
0688136222
0688137105
0688139582
068814022X
0688142192
0688143563
0688145388
0688147259
0688148638
0688149553
0688149596
0688150896
0688151345
0688152325
0688154379
0688154980
0688155308
0688155456
0688155464
0688156134
0688156142
0688156916
0688158129
0688158617
0688159079
068816112X
0688161251
0688162452
0688162835
0688163726
0688165575
0688166083
068816613X
0688167810
0688168930
0688170528
0688171419
0688171621
0688172377
0688172997
0688173896
0688174930
0688175848
0688177026
0688177743
0688177751
068817776X
0688177816
0688177859
0688177867
0688177875
0688178928
0688180639
068818474X
0688321526
0688802834
0689108230
0689303173
0689304064
0689308396
0689308728
0689309163
068930935X
0689309570
0689310129
0689311001
0689311443
0689314043
0689318332
0689319347
0689502958
068950408X
0689504799
068950599X
0689702973
0689704313
0689704674
0689707509
0689707665
0689710666
0689710682
0689710879
0689710887
0689710895
0689711522
0689711816
0689711999
068971310X
0689713703
0689713908
0689713916
068971419X
0689714858
0689714866
0689714874
0689714920
0689714998
0689715676
0689715706
0689715781
0689716028
0689716176
0689716230
0689716532
0689716702
068971680X
0689716826
0689800150
0689800843
0689800975
0689801734
0689801866
068980329X
0689803931
0689804091
0689804121
068980444X
0689804458
0689805942
0689805950
0689805969
0689805977
0689805985
0689806000
0689806469
068980654X
0689806574
0689806590
0689806981
0689807791
0689808518
0689808658
0689808828
0689808895
0689809581
068980993X
0689810059
0689812353
0689812361
0689812604
068981321X
0689813279
0689813953
0689814313
0689814348
0689814615
0689814860
0689815433
068981562X
0689816138
068981688X
0689817215
0689817851
0689818009
068981819X
0689818203
0689818300
0689818726
0689818769
068982002X
0689820062
0689820348
0689820402
0689821301
0689821395
0689821409
0689821638
0689821646
0689821654
0689821867
068982193X
0689822081
068982212X
0689822294
0689822901
0689823517
0689823843
0689823959
0689824149
0689824254
0689824351
0689824408
0689824432
0689824610
0689824750
0689825587
0689825773
068982596X
0689826109
0689826621
0689826699
0689826990
0689827008
0689827962
0689828683
0689828772
0689829531
0689829574
0689829663
068982968X
0689829698
0689829833
0689829841
0689829914
0689830513
068983084X
0689831153
0689831285
0689831412
0689831749
0689832060
0689832559
0689832567
068983263X
0689832877
0689833776
0689834217
0689834225
0689835310
0689835337
0689835558
068983571X
068983585X
0689835906
0689835914
0689836023
0689836805
0689839030
0689839561
0689839707
0689841116
068984154X
0689841744
0689841949
0689842090
0689842244
0689842589
0689843186
0689843372
0689843917
0689844077
0689844085
068984445X
0689845332
0689845340
0689845367
0689845456
0689845936
0689846223
0689846231
0689846673
0689847742
0689848048
0689848919
0689848935
0689849249
0689849346
0689849613
0689850778
0689850786
0689850794
0689850921
0689851316
0689851324
0689851340
0689851766
0689851863
0689851898
0689851960
0689851979
0689851995
0689852002
0689852037
0689852045
0689852053
0689852223
0689852592
0689852703
0689853157
0689853289
0689853386
0689854595
0689854609
0689854838
0689855443
0689855451
068985546X
0689855524
0689855532
0689855567
0689855575
0689855591
0689855958
0689856482
0689856741
0689857721
0689858124
0689859058
068985918X
0689859368
0689859376
0689859481
0689859910
0689859929
068986020X
0689864353
068986437X
0689865414
068986566X
0689866232
0689866364
0689866399
0689866682
0689866917
0689867034
0689867042
0689868278
0689868456
0689868464
0689868472
0689868510
0689869886
0689870027
068987183X
0690040784
0690044917
0690091184
0690766424
0691017778
0691020612
0691025258
0691090823
0694003611
0694009105
069401110X
069401236X
0694012432
0694012513
0694012874
0694013188
0694014532
0694015806
0694056111
0698116100
069811633X
0698116887
0698116917
0698116941
0698118286
0698118413
0698118626
0698118650
0698118685
0698118804
0698118812
0698119142
0698119177
0698119320
0698119517
0698119738
0698119746
070222376X
0702224243
0702226106
0702227129
0702227420
070222877X
0702228842
0702230782
0702231339
0702232998
0704340550
0704349620
0704381257
0704381397
0707801680
0708883516
0709064497
0710502168
0710509308
0710509413
0712634800
0712672141
0712678212
0713100788
0714530506
0714827363
0714829919
0714832472
071483839X
0714838500
0715308394
0717136175
0717282082
0717282104
0717282112
0717282120
0717283194
0717283208
0717283275
0717283364
0717283437
0717283534
0717284832
0717284964
0717284980
0717287017
0717287106
0717287971
071814385X
0718145445
0719572231
0721411908
0721450296
0721496598
0721496679
0722534515
0722535503
0722536283
072253955X
072320604X
0723229414
0723229945
0723232881
0723234663
0723234701
0723234779
0723234817
072323485X
0723237700
072324216X
0723248281
0723262535
0732257093
0732907845
0734401205
0735200939
0735202001
0735203156
0736413421
0736421300
0736421718
0736901981
0736903623
0737305061
0737398566
0737399368
0738200654
073820675X
0738206792
0738700339
0738700495
0738700711
0738700819
0738701661
0738702315
073870234X
0738702552
0738702854
0738703915
0738703931
0738704229
0739407740
0739408461
0739411934
0739417096
0740700251
0740704818
0740704826
0740706721
0740707604
0740711318
0740711660
0740714686
0740718398
0740718541
0740718576
0740721356
0740721984
0740723367
0740726854
0740728946
0740733710
0740738089
0740738267
0743200322
0743200985
0743201078
0743201108
0743201116
0743201647
0743202759
0743203046
0743203232
0743203631
0743203968
0743204123
0743204603
0743204697
0743204832
0743204859
0743205391
0743206029
0743206045
0743206061
0743207033
0743210875
0743210891
0743211235
0743211375
0743211383
0743211936
0743212002
074321255X
0743213807
0743213831
0743214552
0743214927
0743215052
074321546X
0743216385
0743217349
0743218035
0743218078
0743218086
0743220366
0743220633
0743221990
0743222229
0743222245
0743222768
0743222946
0743223314
0743223500
0743224574
074322471X
0743224914
0743225198
0743225325
074322535X
0743225406
0743225627
0743226852
0743227166
0743227441
0743227506
0743228472
0743229967
0743230655
0743232100
0743234979
0743235010
0743235150
0743235665
0743236742
0743237188
0743239628
0743240855
0743240995
0743242211
0743243315
0743244028
0743244184
0743244281
0743245520
0743245733
0743246071
0743247612
0743247728
0743250443
0743250451
0743251008
074325144X
0743252071
0743253973
0743260074
0743262174
0743400003
074340016X
0743400291
0743400348
0743400380
0743400526
0743400836
0743403460
0743403568
0743403614
0743403622
0743406125
0743406176
0743406230
0743406621
0743406885
0743406966
0743407067
0743407377
0743407865
0743409272
0743410017
074341005X
0743410181
074341022X
0743410289
074341120X
0743411218
0743411250
0743411331
0743411390
0743411404
0743411412
0743411420
0743411439
0743411544
0743411633
0743411986
0743412265
0743412273
0743412370
0743412435
0743412494
0743412516
0743412753
0743412850
0743416953
074341750X
0743417682
0743417720
0743417909
0743418131
0743418174
0743418190
0743418204
0743418220
0743418387
0743418727
0743418735
0743419162
0743420357
0743421566
0743421574
0743422082
0743422856
0743423003
0743423011
074342347X
0743423526
0743423682
0743423917
0743424107
0743424190
0743424239
0743424425
0743427327
0743428005
0743428013
0743428188
0743428315
074342851X
0743428587
0743428595
0743428617
0743428625
0743428706
0743431022
0743431030
0743431685
0743434668
0743434846
0743434854
0743434897
0743435338
074343627X
0743436601
0743436830
0743436849
0743437314
0743437322
0743437349
074343756X
0743437578
0743437594
0743437640
0743437691
0743437802
0743437810
0743439651
0743439775
0743439791
0743442539
074344261X
0743442628
0743442644
0743442660
0743444019
0743444493
0743444531
074344485X
0743446526
0743446593
0743448421
0743448677
0743449029
0743451422
0743451511
0743451805
0743452631
0743452925
0743453255
0743454146
0743454529
0743455967
0743456173
0743456351
0743456378
0743456424
0743456629
0743456807
0743456866
0743457269
0743457358
0743457463
0743457536
0743457900
0743457951
0743458206
074345829X
0743458486
0743458621
0743458680
0743460529
0743462890
0743463544
0743464117
0743464141
0743464672
0743464680
0743464729
0743464745
0743464818
0743466527
0743467329
0743467388
0743467426
0743467523
074346771X
0743469801
0743469844
0743470389
0743474341
0743474449
0743475011
0743475488
0743475739
0743476123
0743477065
0743477103
0743477553
0743479068
0743479394
0743480651
0743480694
0743480716
0743480910
0743482212
0743488318
0743492919
0744002060
0744520673
0744530911
0744552192
0744554160
0744554772
0744554896
0744560837
0744569796
0744572614
0744572649
0744572835
0744590558
0744594030
0745112862
0745919251
0745925103
0745950450
0746000162
0746000871
0746001657
0746005121
0746024886
0746027842
0746030606
0746034458
0747240752
0747249598
0747250707
0747255377
0747257574
0747257663
0747257833
0747260214
0747263094
0747264880
0747272522
0747272646
0747273820
0747275580
0747276412
074754154X
0747541604
0747546398
0747548218
0747557306
0747557640
0747557861
0747557918
0747560749
0748702563
0749004193
0749309423
0749318627
0749324538
0749399163
0749621826
0749706244
0749706562
0749708905
0749710616
0749712678
0749715804
0749719273
0749725923
0749729546
0749732687
0749740272
0749743247
0749744812
0749744855
0749913266
0749918705
0749924144
074993056X
0749932058
0749932813
0749933011
0749933437
0750227303
0751300101
0751302759
0751307041
0751311030
0751362565
0751364479
0751503894
0751516643
0751518611
0751530328
0751531111
0751533297
0752203304
0752218751
0752223283
0752223844
0752404148
0752509225
0752515810
0752515918
0752806874
0752808753
0752809431
0752817051
0752836943
0752837141
0752837192
0752837338
0752837613
075284332X
0752843338
0752843370
0752844563
0752848062
0752853694
0752858807
075285884X
0753450259
0753451468
0753501392
0753502232
0753503921
0753506440
0753700883
0753705613
0753705702
0753811251
0754078124
0754091325
0755101782
0755301714
0756400082
0756400309
0756400376
0756400414
0756400538
0756400589
0756400627
0756400759
0756400856
0756401224
0756401364
0756401534
0756401666
0756401844
0756402069
0756402166
0757300006
0757300227
0757300243
0757300286
0757300618
075730088X
0758200862
0758201346
075820177X
0758201966
0758201974
0758202725
0758203330
0758203594
0758203888
0758204116
0758204175
0758204280
0758204450
0758204531
0758204744
0758204787
075820499X
0758205503
0758205511
0758205937
0759101116
0759695377
0760700435
0760701105
0760701660
076071004X
0760716080
0760720118
0760723788
0760738351
0761104844
0761107568
0761115366
0761122745
0761123148
0761124209
076130455X
076130715X
0761500278
0761502351
0761502416
0761504966
0761515658
0761516735
0761518118
0761523391
0761526358
0761529888
0761975055
0761986286
0762100508
0762400897
0762403004
0762403926
0762405449
0762406984
0762408391
0762409053
0762413816
076360013X
0763603813
0763606995
0763607762
0763612545
0763613029
0763613460
0763614211
0763615382
0763615676
0763616087
0763618292
0763618489
0763618985
0763619582
0763619590
0763619612
0763620483
0763621838
0763624160
0764111574
0764116630
0764118757
0764120859
0764122967
0764220349
0764220357
0764220365
0764220373
0764220632
0764220993
0764222325
0764222716
0764223771
0764224018
0764224514
0764226398
0764226401
0764226649
0764226657
0764226665
0764226673
0764227467
0764228218
0764306537
0764501879
076450245X
0764502611
0764506528
0764550500
076455106X
0764551167
0764551388
0764551531
076455302X
0764553267
076455395X
0764554298
0764564366
0764565451
0764585789
0764586076
0764586475
0764809326
0765110261
0765117274
0765117282
0765192659
0765194279
0765300176
0765300346
0765300354
0765300362
0765300516
0765300974
076530127X
0765303469
0765303671
0765303817
0765303922
0765305224
076530838X
0765308908
0765309270
0765309742
0765340011
076534002X
0765340054
0765340135
0765341093
0765341174
0765341301
0765341522
0765341840
0765341964
0765341972
0765342219
0765342308
0765342405
0765342413
0765342448
0765342456
0765342529
0765342618
0765342685
076534324X
0765343509
0765345005
0765345013
0765345706
0765345889
0765346524
0765347776
0765348438
0765348446
0765349043
0765349671
0766012816
0767421523
0767900243
0767900383
0767900553
0767902041
0767902335
0767902815
0767902890
0767903382
0767903595
0767903811
076790382X
0767903862
0767904427
0767904435
0767905083
0767905180
0767905202
0767905385
076790575X
076790592X
0767905938
0767906993
0767907817
0767908171
0767908198
0767908260
0767908457
0767908473
0767909038
0767909178
0767912233
0767912241
0767913701
0767913795
0767914031
0767914767
0767914848
0767915054
0767915593
0767916069
0767916220
0768420997
0768909112
0769215076
0769613292
0770423310
0771014864
0771056222
0771056230
0771056265
077105629X
0771056427
0771056435
0771061714
0771061935
0771069618
0771090900
0771091044
077109860X
0773674225
0773674535
0773723404
0773730982
0773759905
0773760059
0773761055
0773761403
0773761926
0773762299
0774031999
0774712155
0778320057
0778320103
0778320235
0778320324
0778320375
0778320383
0778320421
0781803837
0782129439
0783815085
0783890656
0784705410
0784705429
0785107886
0785258477
0785264485
0785264620
0785264728
0785265791
0785267050
0785268480
0785269401
0785270493
0785271279
0785271708
0785272798
0785274944
0785275223
0785279814
0785280677
0785723447
0785753311
0785776184
0785788875
0785796320
0785800492
0785807217
0785808698
0785810730
0785810811
078581325X
0785813500
0785815147
0785815325
0785815961
0785818561
0786001690
0786002808
0786002832
0786003790
0786003820
0786004886
0786010126
0786011890
0786012005
0786012382
0786012463
0786012471
0786012897
0786013095
0786013281
0786013982
0786014083
0786014318
0786014555
078601475X
0786014776
0786014806
0786014822
0786015012
0786015233
0786015241
078601539X
0786015403
0786015411
0786015578
0786015632
0786016124
0786200715
0786212527
0786224185
078650059X
0786500735
0786700602
0786704845
0786705248
0786705418
078670697X
0786708964
0786709197
0786800909
0786803207
0786806184
0786806532
0786806540
0786806915
0786806931
0786807067
0786807075
0786807083
0786808284
0786808497
0786808500
0786808519
0786808551
0786808772
078681084X
0786810858
0786811161
0786811234
0786811358
0786812257
0786812435
0786812508
0786812664
0786813075
0786813180
0786813261
0786813563
078681358X
0786813709
0786813881
078681389X
0786813903
078681392X
0786813962
0786814179
0786814489
0786814934
0786815531
078681568X
0786816015
0786817070
0786817089
0786817879
0786817909
0786818263
0786818352
078681859X
0786818603
0786818638
0786819146
0786822759
0786831073
0786840013
078684020X
0786840390
0786840625
0786840684
0786842296
0786842555
0786842598
0786843470
0786843578
0786850450
0786851473
0786851481
0786852550
0786853301
0786860219
0786861045
0786861118
0786861347
0786861592
0786861606
0786862238
0786862564
0786862572
0786862726
0786864087
0786864400
0786864672
0786864982
0786865091
0786866020
0786866136
0786866276
0786866462
0786866470
0786866586
0786866705
0786867086
0786867345
0786867647
0786867795
0786868015
0786868619
0786868716
0786869496
0786880538
0786881488
0786881852
0786881887
078688214X
0786883375
0786884029
0786884142
0786884622
0786885599
078688567X
0786885688
0786885971
0786886307
0786886463
0786887583
0786888067
0786888083
0786888091
0786888741
0786889020
078688908X
0786889144
0786889209
0786889411
078688942X
0786889462
0786889608
0786889969
0786890053
0786890088
0786890169
0786890339
0786890371
0786890436
0786901349
0786904739
0786904798
0786904828
0786904925
0786905204
0786906162
0786907754
0786911743
0786913231
078691324X
0786913460
078691355X
0786913673
0786913878
0786913886
0786913916
0786914041
0786914246
0786914297
0786914378
0786915293
078691551X
0786915528
0786915617
078691565X
0786915714
0786915749
0786915897
0786916044
0786916060
0786916079
0786916087
0786916095
0786916575
0786916605
0786916613
0786918047
0786918055
0786918144
0786918187
0786918764
0786919027
0786919035
0786926945
0786927046
0786927062
0786927089
0786927402
0786927526
0786927984
0786928301
0786928484
0786929170
0786929235
0786929502
0786929685
0786929952
078693140X
078693199X
0786932058
0787107301
0787945269
078795599X
0789122529
0789202697
0789202751
0789308002
0789401444
0789401746
0789402025
0789404427
0789406047
0789410680
0789414538
0789415496
0789421879
0789435926
0789451727
0789460440
078946697X
078948918X
0789493896
0789700018
0789721120
0789722992
0792276833
0792451945
079245197X
0792454022
0793807832
0793818524
0793823218
0793829313
0800714083
0800718372
0800750268
0800753038
0800755499
0800755847
0800759117
0800781562
0800783360
0800783638
0800786084
0800786912
0800790707
0800791452
0800792602
0801012430
0801038480
0801038588
080105558X
0801064333
0801064392
0801066808
0801485045
0801491827
0801855926
0801859115
0801863384
0801975883
0801981565
0802115640
0802116086
0802116698
0802117066
0802130119
0802130208
0802130305
0802130313
0802130348
0802130704
0802130720
0802130771
0802130798
0802131808
0802132294
0802132758
0802132952
0802133908
0802134092
0802134459
0802134475
0802135161
0802135196
0802136443
0802136680
0802136834
0802137008
0802137725
0802137849
0802137938
0802138209
080213825X
0802138322
0802138403
0802138918
0802139256
0802139272
0802139450
0802139868
0802139914
0802140122
0802140149
0802140203
0802150616
0802151507
080215154X
0802151787
0802433707
0802436854
0802438318
0802440355
0802441076
0802449263
0802457002
0802463452
0802470203
0802483305
0802713556
0802757758
0802774261
0802788297
0802788513
080281851X
080285091X
0802860605
0803251416
0803260717
0803270399
0803279027
0803279663
0803283598
0803298188
080370271X
0803703309
0803705832
0803708890
0803709048
0803712286
0803717237
0803719957
0803722907
0803725183
0803728492
0803738218
0804000395
0804001812
0804101396
0804102988
0804104840
080410526X
0804105820
0804106274
0804106304
0804107149
080410753X
0804108447
080410851X
0804108552
0804108714
0804108749
0804108803
0804109249
0804109826
080411109X
0804111359
0804111898
0804112592
0804113270
0804113882
0804114439
0804114609
080411465X
0804114862
0804114897
0804114986
0804115079
0804115435
0804115486
0804115621
0804115761
0804116733
0804117683
0804118264
0804118310
080411868X
0804119368
0804119791
0804119899
080411997X
0804120013
0804120021
0804120048
0804209855
0804802262
0804831483
0804834687
0804900043
0804900116
0805000313
0805000585
0805001115
0805002545
0805003169
0805003460
0805003819
0805009604
0805010335
080501246X
0805013342
0805013709
0805019359
0805019375
0805023283
080502557X
0805029281
0805029648
0805031308
0805036377
0805036504
0805044280
0805045597
080504695X
0805047905
0805048030
0805050558
080505104X
080505300X
0805055908
0805055924
080505622X
0805056645
0805057013
0805057471
0805057757
0805059555
0805059962
0805060065
0805060316
0805061711
0805061762
0805061835
0805062394
0805062971
0805063021
0805063684
0805063749
0805063889
0805063897
0805068031
080506821X
0805070710
0805071555
0805071563
0805072535
0805072772
0805073337
0805074007
0805203001
0805209999
0805210415
0805210555
0805210601
080521089X
0805420401
0805425500
0805426353
0805442308
0805457216
0805462996
0805463526
0805824200
0806511060
0806512385
0806513500
0806516542
0806518871
0806519304
0806519967
0806520639
0806524103
0806525738
0806621516
0806624302
0806627344
0806903090
0806905530
0806905719
0806906359
080690884X
0806913533
0806924497
080694238X
0806946008
0806948884
0806961007
0806961740
0806962526
0806962844
0806968079
0806973374
0806986875
0806987561
0806994754
080699620X
0806996978
0806997613
0807013439
0807014230
0807062995
0807065072
080706775X
0807068195
0807070718
0807079316
0807081035
0807083178
0807112488
0807281948
0807281956
0807282324
0807282596
0807503193
0807503673
0807506451
0807507091
0807507946
0807508527
0807509760
0807510092
0807510793
0807511455
0807515604
080751604X
0807516287
0807528552
0807530816
0807531782
0807534137
0807534374
0807551414
0807552933
0807553395
0807553417
0807553670
0807553689
0807553727
0807553794
0807553859
080755393X
0807553948
0807553980
0807554014
0807554065
0807554189
0807554200
0807554227
0807554545
0807559660
0807565350
0807572632
080757516X
0807576239
0807576743
0807580872
0807590967
0807593664
0807609501
0807847178
0807854824
0808511394
0808516957
0809012480
0809015781
0809015803
080901582X
0809039435
0809117541
0809120895
080912596X
0809141094
0809166127
0809228408
0809231077
0809232030
0809256851
0809448378
0809448459
0809448734
0809448815
0809448858
0809448971
0809462044
0809463490
0809464756
0809494507
0809494582
0809494744
0810110490
0810119803
0810835517
0810925761
0810932741
0810938251
0810943808
0810945142
0810945541
0811200930
0811202089
0811202208
0811202232
0811202925
0811205967
0811208109
0811214044
0811214982
0811643085
0811800415
0811807282
0811807843
0811812596
0811816753
0811818276
0811818578
0811822184
0811825558
0811832252
0811832414
081183297X
0811833615
0811835758
0811839869
081184403X
0812022009
0812029763
0812031636
0812035720
0812040473
0812040481
0812043448
0812045351
0812046439
0812064194
0812090144
0812090365
0812097815
0812212991
0812217632
0812466098
0812502124
0812502167
0812502973
0812504208
0812504267
0812504321
0812504364
0812504690
0812504755
0812504798
0812504828
0812504836
0812505018
0812505107
0812505158
0812505166
0812505182
0812505646
0812506898
0812507126
0812507436
0812507452
0812507703
0812508351
0812508572
0812508645
0812509102
0812509242
0812509250
0812509579
0812510100
0812510216
0812510356
0812510488
0812510992
0812511069
0812511182
0812512480
0812512863
0812512898
0812513355
0812513738
0812513754
0812515293
0812515765
0812515838
0812516206
0812516214
0812516826
0812516834
0812517717
0812517725
0812517733
0812519329
0812519353
0812519566
0812520033
0812520319
0812520327
0812520475
0812520556
0812520564
0812520602
0812520858
0812521374
0812521463
0812522419
0812522699
0812522729
0812523016
0812523369
0812523385
0812523709
0812524012
0812524020
0812524594
0812524713
0812524748
0812524829
0812524853
0812530365
0812530462
0812530489
0812531019
0812532473
0812532554
0812532570
0812532597
0812532619
0812533054
0812533410
0812533518
0812533534
0812533550
0812534018
0812534352
0812534832
0812534859
0812534867
0812536029
0812536037
0812538722
0812539087
0812539389
0812539524
0812540026
0812540034
0812540239
0812540328
0812541642
0812541669
0812541707
0812541979
0812542843
0812543122
0812543262
0812544420
0812544501
0812544714
0812545591
0812547381
0812548396
0812548426
0812549007
0812549872
0812550234
0812550307
0812550390
0812550447
0812550706
0812550749
0812550773
0812550927
0812551087
0812551109
0812551621
0812551664
0812551699
0812551702
0812551915
0812555023
0812555066
0812555112
0812555120
0812555260
0812557891
0812558154
0812558251
0812558626
0812559894
0812561627
081256166X
0812563115
0812563123
0812564367
0812564618
0812564642
0812564839
0812564901
0812565339
0812565355
0812565398
0812565479
0812565681
0812565800
0812565959
0812566629
0812566637
081256667X
0812566688
0812566785
0812567099
0812567595
0812567943
0812568834
0812570243
0812570758
0812570928
0812570944
0812570995
0812571037
0812571363
0812571576
0812571819
0812572122
0812572297
0812574710
0812574745
0812574982
0812575059
0812575105
0812575237
0812575393
0812575482
081257558X
0812575717
0812575725
0812575741
0812576357
0812576403
0812577590
0812577701
0812577779
0812578511
081257995X
0812580141
0812580346
0812580354
0812580362
0812580435
0812580869
0812582705
0812584198
0812584236
0812589041
0812589505
0812589750
0812590244
0812590384
0812590465
0812590554
0812590988
0812626745
0812695453
0812924789
0812928423
0812931912
0812932994
0812966147
0812966457
081296683X
0812967089
0812967240
0812967607
0812967852
0812968220
0812968239
0812968646
0812969812
0812970802
0812971043
081297106X
0812972384
081302448X
0813027187
0813109728
0813122171
081332615X
0813333008
0814659209
0815604599
0816032130
0816134987
0816143161
081615970X
0816606676
0816611289
0816635366
0816635390
0816636222
0816638071
0816704635
0816704643
0816707960
0816707979
0816711895
0816713162
0816713170
0816713383
0816714452
0816714649
081671469x
0816714835
0816715033
0816716226
0816716978
0816716994
0816717095
0816717524
0816717702
0816718660
0816722595
0816723826
0816724334
0816724350
0816725470
0816725535
0816727953
0816728895
0816728968
0816729565
0816729646
0816729883
0816729913
0816730334
0816730377
0816731357
0816732205
0816732329
0816734151
0816734275
0816734321
0816734399
081673447X
0816734704
0816734801
0816735344
0816735662
081673576X
0816735778
0816735794
0816736758
081673688X
081673691X
0816737401
081673741X
0816737835
0816738378
0816739161
081673917X
081674128X
0816741956
0816742022
0816742073
0816743363
081674341X
0816745242
0816745250
0816745285
0816745307
0816745404
0816748128
0816749507
0816750343
0816756325
0816762805
0816763216
0816770050
0816772045
0817235000
0817250557
081921292X
0819304905
081931191X
082032163X
0820324639
0821221310
0821225553
082122557X
0821715186
0821719483
0821719882
0821721054
0821722999
0821723030
0821723243
082172326X
0821724231
0821725939
0821725963
0821726897
0821727338
0821727990
0821728415
0821729128
0821729195
0821729721
0821729780
0821730630
0821735632
0821735985
0821737139
0821737163
0821737910
0821739131
0821739506
0821740245
0821746200
0821746820
0821747169
0821748297
0821748998
0821750380
082175128X
0821752286
0821752650
0821752820
0821752855
082175288X
0821753096
0821753207
0821753592
0821753983
0821755757
082175677X
0821757466
0821758101
0821758179
082175856X
0821758608
0821758861
0821759213
0821759450
0821759833
0821759884
0821759981
0821760262
082176067X
0821760955
0821760963
0821761544
0821761730
0821762516
0821762818
0821763059
0821763121
0821763598
0821764039
0821764217
0821764357
0821764608
0821765213
0821765221
0821765752
0821765868
0821766066
0821766104
0821766570
0821766694
0821766775
0821767712
0821767739
0821767852
0821767860
0821768093
082176828X
0821768379
0821768417
0821769065
0821769235
0821769278
0821769286
0821769308
0821769359
0821769367
0821770500
0821770624
0821770829
0821770837
0821770918
0821770985
0821771108
082177140X
0821771426
0821771477
0821771833
0821772171
0821772287
0821772414
0821772953
0821773437
0821773445
0821773453
0821774611
082177462X
0821775049
082177512X
0821775286
0821775472
0821775863
0821776002
0822005336
0822007541
0822011085
0822012820
0822053020
0822053187
0822202905
0822203073
0822207125
0822214202
0822218143
082230273X
0822319748
0822419351
0822493535
0822595036
0822596016
0822596709
0823003396
082300984X
0823015513
0823015777
0823015874
0823016560
082302377X
0823030350
0823039919
0823404420
0823406032
0823407551
0823410609
0823415325
0824102312
0824504836
0824818849
0824819179
0824819748
0824985397
0825421446
0825435595
0826206972
0826304362
0826308791
0826317979
0826321933
0826402666
0826406114
0827605765
0828014272
0829706186
0829811672
0830707212
0830713840
0830717927
0830718982
0830720421
0830812180
0830813233
0830813519
0830816380
083081650X
0830818375
0830818391
0831759291
0831761571
0831778857
0833510266
0833518534
0833531662
0833574256
0833585762
0833599496
083430077X
0835607208
0835608239
0835900401
083611714X
083613527X
0836204158
0836204387
0836210263
0836210506
0836211200
0836211499
0836211669
0836213319
0836214404
0836217012
0836217225
0836217241
0836217284
0836217373
0836217403
0836217578
0836217586
0836217616
0836217691
0836217799
0836218256
0836218310
0836218353
0836218426
0836218523
0836218620
0836218655
0836218787
0836218817
0836218833
0836218914
0836218965
0836220498
0836220609
0836220668
0836220854
0836220870
0836220889
0836221192
0836221311
0836228944
0836228995
0836230868
0836242378
0836250761
0836251822
0836278445
0836815734
083760463X
0837850681
0838820905
0839825943
0840734247
0840763050
0840763336
0840774532
0840775962
0840776527
0840791429
0840792549
0842307419
084230911X
0842313524
0842314296
0842317112
0842321934
0842321942
0842321950
0842321969
0842329129
0842329218
0842329242
0842329250
0842329269
0842329277
0842329293
084233226X
0842332278
0842332286
0842332308
0842332359
0842333088
084233341X
084233498X
0842335706
0842336214
0842336443
0842339558
0842342702
0842342974
0842343253
0842343261
084234327X
084234330X
0842343318
0842343326
0842345507
0842345523
0842345957
0842346740
0842356185
0842356223
0842356290
0842361715
084236661X
0842370943
0842372334
0842382275
0842382895
0842384065
0842384103
0843103108
0843103116
0843105593
0843105909
0843111976
084311438X
0843114606
084312914X
0843134798
0843134941
0843136685
084313917X
0843176199
0843176725
0843176989
0843931973
0843934360
0843937939
0843937963
0843938366
0843938951
0843939052
0843940166
0843940697
0843941510
0843941979
084394224X
084394305X
0843943920
0843944021
0843944153
0843944366
0843944455
0843944498
0843944692
0843944765
0843944803
084394482X
0843945052
0843945435
084394546X
0843945508
0843945540
0843945680
0843945923
0843946385
0843946520
0843946539
0843946784
0843946903
0843947357
0843947365
0843947624
0843947721
0843948078
0843948272
0843948299
0843948302
0843948507
0843948701
0843948760
0843949023
0843949074
0843949090
0843949120
084394952X
0843949724
0843949945
0843950420
084395048X
0843950498
0843950544
0843950803
0843951257
0843951400
084395146X
0843951583
0843952083
0843952180
0843952202
0843952512
0843952571
084395258X
0843953101
0843953284
0844209163
0844226866
0844255610
0847814629
0847817741
0848711696
0849903483
0849903637
0849906423
0849907012
0849911788
0849911958
0849912911
0849915104
0849915546
0849916100
0849916518
0849916526
0849916739
0849916836
0849916917
0849917050
0849917069
0849917077
0849917905
0849917913
0849930529
0849932017
0849933366
0849934028
0849935377
0849936020
0849936373
0849936861
084993687X
0849936888
0849936896
0849937221
0849938635
0849938716
0849938759
0849939186
0849939534
0849939542
0849939844
0849940273
0849942357
0849942675
0849942713
0849943124
0849943213
0849943450
0849943477
084994371X
0849943728
0849953200
0849953219
0849953227
0849953235
084995326X
0849958229
0849976170
0849977851
0849995477
0849995639
0849995663
0849996201
0850307147
0850391954
0850524598
0850527740
0851120989
0851512593
0851706665
0852026080
0856405035
0856407283
0856487643
0859534030
0859652777
0859653528
0859695638
0859696707
086171380X
0862641985
0862643457
0862644119
0862783526
0862783682
086278378X
0862784956
0862785731
0862816343
0863160689
0863221858
0863273009
0863276490
0863580424
0863695930
0864115105
0864422601
0864423705
086442616X
0864427816
0865051879
0865450390
0865451060
0865470723
0865471185
0865476756
0865731640
0866118748
0866119531
086611954X
0866119566
0866119604
0866119647
0866119655
0866119671
0866119728
0866119760
0866119787
0866119833
0866119876
0866119892
0866119914
0866119930
0866119949
0866119965
086611999X
086622064X
0866220658
0866221956
0866224122
0866224238
0866225595
0866227865
0866228306
0867601817
0868193712
0868194433
0868194778
0868613991
087004124X
087011798X
0870126334
0870404881
0870406272
0870407031
0870441663
0870447238
0870448099
0870524917
0870540947
0870671901
0871132117
0871132389
0871134799
0871135388
0871135922
087113716X
0871137410
0871137534
0871137887
087113795X
0871138026
0871138158
0871138166
0871138204
0871138646
0871138700
0871139022
0871139081
0871139189
0871161834
0871233207
0871233215
0871233401
0871233428
0871234424
0871238039
087123839X
0871238918
0871239779
0871239949
0871313073
0871318415
0871318792
0871401185
0871401657
0871561913
0871592657
0871915065
0872168301
0872200620
0872200760
0872201880
0872202283
0872202976
0872204944
0872206130
0872236242
0872860175
0872863115
0872863719
087338539X
0873513223
0873529758
087364574X
0874060087
0874060303
0874061148
0874061253
0874061466
0874062365
0874062373
0874063353
0874064163
0874064198
0874064260
0874064295
0874064392
0874065410
0874066182
0874066379
0874066751
087406726X
0874067383
0874067391
0874067537
0874067715
0874068118
087406841X
0874477050
0874518776
0874519209
0874774640
0874775612
0874776945
0874778883
0874805244
0874831407
0874833329
0874834899
0874835631
0874869870
0875290485
0875420028
0875420036
0875420087
0875420222
0875421180
0875421210
0875421245
0875421261
087542127X
0875421288
0875421296
0875421318
0875421369
0875421377
0875421849
0875422861
0875423574
0875424856
0875424961
0875425011
0875425933
0875427332
087542791X
0875428657
0875991041
0876050860
0876054645
0876054807
087605498X
0876055269
0876055323
0876055714
0876056532
0876689152
0876850867
0876853904
087685479X
0876855575
0876858647
0877013683
0877205035
0877281475
0877282684
0877285012
0877285489
0877286477
0877287783
0877288402
0877288631
0877289298
0877432074
0877453292
0877738602
0877795053
0877799024
0877799113
0877843309
0877845905
0877846278
0877847851
0877849234
0877850615
0877931267
0877952329
0877952604
0877956006
0878300007
0878301666
0878309837
0878440593
0878796193
0879235268
087923556X
087930426X
0879351284
0879515554
0879516283
0879516666
0879518642
0879759712
0879974664
0879976152
0879978570
0879979623
0880015519
0880016345
088001654X
0880291230
0880291249
0880296143
0880299002
0880299010
0880299053
0880380217
0880381736
0880382651
0880382791
0880384549
0880385197
0880385359
0880385480
0880385979
0880386258
088038722X
0880387548
088038767X
0880387769
0880389028
0880389052
0880389095
0880389206
0880703121
0880706317
088070747X
0880708697
0880709049
0880709553
0880709723
0880793465
088088360X
0881010855
0881030198
0881030368
0881031135
088103715X
0881037214
0881037265
0881037362
0881339393
0881662135
0881840238
0881840653
0881842206
0881842214
0881844314
0881845434
0881885770
0881910015
0882073443
0882074970
0882077449
0882435183
0882706306
0882845284
0882893327
0883638886
0883656760
088365721X
0883658127
0883659689
0883680033
0883681056
088375200X
0883960028
0883964481
0883965267
0883965275
0883965526
0883965844
088396631X
0884041557
0884041700
0884041948
0884042693
0884042855
0884046532
0884046818
0884047725
0884113795
0884196615
0884413373
0884861244
0884861333
0884862194
088494770X
0886770041
0886771560
0886771625
0886771722
0886771900
0886772214
0886772419
0886772540
0886772885
0886773083
0886773105
0886773520
0886773628
0886773776
0886773784
0886774004
0886774012
0886774144
0886774268
0886774543
0886774632
0886774772
0886774829
0886775027
0886775035
0886775094
0886775132
0886775167
0886775299
0886775426
0886775507
0886775523
0886775639
0886775744
0886775795
0886775825
0886775914
0886775981
0886776120
0886776155
0886776287
0886776341
0886776430
0886776554
0886776619
0886776686
0886776783
0886776821
0886776848
0886776856
0886776864
0886776880
0886776902
0886776988
0886777100
0886777127
0886777208
0886777267
0886777348
0886777399
0886777542
0886777550
0886777631
0886777690
0886777739
0886777828
0886777844
0886777992
0886778026
0886778042
0886778077
0886778123
0886778182
0886778190
0886778204
0886778271
0886778328
0886778441
0886778468
0886778506
0886778514
0886778581
0886778638
0886778697
0886778883
0886778905
0886778913
0886778980
0886779014
0886779049
0886779065
0886779073
0886779537
0886779758
0886779995
0887271782
0887291775
0887294480
0887306705
0887307876
0887307884
0887308589
088730866X
0887308716
0887410995
0887430244
0887545858
0887764541
0887765521
0888782772
0888783876
0888821522
0888990820
088899088X
0888991169
088899124X
0888991703
0888991908
0888992157
0888992424
088899267X
0888992750
0888992807
088899348X
0888994664
0888995415
0888995784
0888995806
0889221456
0889223025
0889223297
0889610681
088961170X
0889652015
0889842329
0889952329
0889952396
0890090572
0890816999
0890819181
0890819475
0890819696
089084609X
0890876789
0890878153
0891071806
089107290X
0891073701
0891074678
0891075925
0891076182
0891076719
089107743X
0891078029
0891090665
089109282X
0891098836
0891291512
0891914536
0891917381
0892131349
0892132701
0892132809
0892132922
0892551879
0892552069
0892720166
0892744618
0892748435
0892748982
0892814136
0892815035
0892816333
089281764X
0892819049
0892838221
0892930160
0892966505
0892967994
089334222X
0893751995
0893753440
0893753483
089375353X
0893753564
0893753580
0893753688
0893754013
0893754021
0893754153
0893754161
0893754250
0893755931
0893756083
0893757071
0893757128
0893757136
0893757837
0893759945
0893759961
089375997X
0893759988
0893892122
089410392X
0894801996
0894802135
0894803204
0894803646
0894803700
089480619X
0894806319
0894808249
0894808850
0894866370
0894905856
0895263262
0895298406
0895552590
0895555980
0895770784
0895771799
0895772175
0895773767
0895773775
0895773880
089577402X
0895774038
0895774046
089577416X
0895774356
0895776197
0895867753
0895870541
0895871335
0895872102
0895941228
089594409X
089608289X
0896584658
0896863093
0896930785
0897212738
0898120292
0898156270
0898157803
0898401003
0898682185
0898702682
0898792932
0898794439
0898797624
0898797659
0898798159
0898799279
089919463X
0899422993
089942953X
0899670202
0899682839
090898801X
0910043655
0910313156
0911818650
0912333871
0912423218
0912670509
0912692561
0913367516
0913367974
0913589616
0913814881
0913866024
0913866083
0913866164
091392377X
0914171569
0914728679
0915132664
0915144158
0915308835
0915396068
0915793482
0915801604
0915811006
0915943921
091629160X
0916441237
0916441245
0916441822
0916766462
0916787087
0919213391
0919345182
0919626483
092007944X
0920079555
0920236162
0920236243
092023691X
0920668364
0920668372
0920775845
0920897495
0921149921
0921368836
0921870639
0921870825
0922066426
0922729611
0929093070
0929141091
092927959X
092927993X
0929587782
0929608178
0929608259
092963408X
092971217X
0929923901
0930289234
0930289595
0930330285
0930436040
0930625765
0930948068
0931122457
0931580781
0931948053
0932592147
0932870619
0933377207
0933724004
0933849621
0934034222
0934134464
0934323232
0934998191
093527829X
0935553436
0935796681
0936077131
0936839651
0936896787
0937295019
0937295132
0937295191
0937295221
0937295256
0937295337
0937295353
093729537X
0937295418
0937295477
0937295493
0937295817
0937539481
0937858994
0938151355
0938753614
0939149796
0939218208
0939286017
0940322684
0940450267
0940975262
0941017109
0941109003
0941270637
0941524841
0941533832
0941711048
0941711080
0942361598
0943026024
0943151090
0943151236
0943151244
0943151589
0943233364
0943233437
0943233828
0943409004
094349740X
0945260199
0945260210
094538341X
094539778X
0945564058
0945564449
0945903219
0945953070
0946626820
0946626944
0947189173
0947962646
0950867470
0952419319
0953096424
0953327523
0957881436
0960432035
0961343745
0961634480
0962147001
0962448206
0962513644
0962616230
096261629X
0962708070
0962819018
0962959111
0962959138
0963190903
0963270702
0963660942
0963660950
0964060515
0964109964
0964445603
0964561131
0964666405
0965098478
0965307794
0965307816
0965419835
0965608646
0965834514
0965881156
0965922804
0965975401
0966036611
0966317211
0966410076
0966621336
0966760409
0966961706
0967036232
0967063108
096722490X
0967378508
0967673712
0967673747
0967673755
0967673763
0967725518
0967822106
0967822114
0967822181
096782219X
0969000103
0969990464
0970335520
0970622600
0970844204
0970936036
0971004218
0971181802
0971242518
0971457603
0971457646
0971766711
0971865906
0971880107
097203448X
0972393617
097250379X
0972524576
0972807705
0972825606
0974379352
0974442003
0974458902
1400000408
1400000459
1400002877
1400030374
1400030382
140003065X
1400030927
1400031346
1400031354
1400031362
1400031699
140003180X
1400032016
1400032644
1400032652
1400032717
1400033349
140003339X
1400033543
1400034779
1400034817
1400034957
1400041457
1400042070
1400045088
1400047242
1400047609
140004782X
1400047838
1400047854
1400047862
1400047943
1400048095
1400049628
1400060052
1400060400
1400060427
1400060737
1400061520
1400077826
1401300952
1401301193
1401307817
1401351964
1401351999
1401600190
1402708610
1404100016
1405200618
1410755185
1411603222
1412006414
1412019982
1413901441
1417609532
1550224964
1550390767
1550416219
1550417827
1550502700
1550502719
1550502727
155054652X
1550548913
1550744151
1550744399
1550810510
155105096X
155105180X
1551090848
1551110598
1551112205
1551113678
155143167X
1551431904
1551432005
1551432684
1551520621
1551520982
1551562847
1551642069
1551660105
1551660202
1551660431
1551660482
1551660504
1551660520
1551660598
1551660695
1551660717
1551660733
1551660989
1551661535
1551661551
155166173X
1551661764
1551662604
1551662779
1551662833
155166285X
155166299X
1551663015
1551663066
1551664143
1551664275
1551664305
1551664313
1551664496
1551664917
1551664941
1551665166
1551665239
1551665344
1551665395
155166545X
1551665549
1551665727
1551665921
1551665948
1551666081
1551666103
1551666170
1551666219
155166626X
1551666316
155166660X
1551666634
1551666650
1551666669
1551666685
155166674X
1551666847
1551666901
1551667169
1551667215
1551667339
1551667371
155166738X
1551667401
1551667428
1551667436
1551667479
1551667487
1551667509
1551667533
1551667827
1551667894
1551667940
1551667959
1551667967
1551668017
1551668041
1551668076
1551668084
1551668122
1551668130
1551668173
1551668181
1551668246
1551668254
1551668300
1551668327
1551668351
1551668378
1551668394
1551668416
1551668556
1551668602
1551668696
1551668726
1551668785
1551668807
1551668831
1551668858
1551668866
1551668912
1551668920
1551668947
1551668955
1551668963
155166898X
1551668998
1551669129
1551669137
1551669153
1551669242
1551669307
1551669323
1551669374
1551669390
1551669455
1551669498
1551669501
155166951X
1551922444
1552090094
1552090418
1552630048
1552633047
1552780023
1552780767
1552780856
1552782964
1552975762
1555135269
1555137377
1555531369
155553354X
1555540139
1555611540
1555612296
1555612318
1555660479
1555781020
1555833543
1555833640
1555833993
1555834841
1555834930
1555835279
1555836038
1555836577
1555838111
1555841856
1555912400
1555971504
1555971695
1555973809
1556524412
1556590555
1556590741
1556591985
1556610009
155661022X
155661084X
1556610963
1556611471
1556611528
1556611986
1556612354
1556612850
1556612885
1556612923
1556612966
155661327X
1556613296
1556613318
1556613326
1556613334
1556613342
1556613628
1556613709
1556613849
1556613903
1556613938
1556613946
1556614241
1556614411
1556614594
1556615019
1556615051
155661506X
1556615078
1556615086
1556615094
1556615108
1556615116
1556615337
1556615493
1556615531
155661554X
1556615558
1556615566
1556615574
1556615582
1556616120
1556616252
1556616627
1556616732
1556616740
1556616759
1556616767
1556617054
1556617062
1556617070
1556617089
155661747X
1556618123
1556618395
1556618409
155661862X
1556618646
1556618662
1556618786
1556704119
1556709374
1557040885
1557041318
1557091927
1557236739
1557238294
1557481059
1557481520
1557481733
1557481881
1557482454
1557482608
1557482640
1557483159
1557486026
155748659X
1557486603
1557486700
1557487049
1557487294
1557487987
1557488916
1557489335
1557505535
1557508275
1557730121
1557733090
1557737185
1557737525
1557783500
1557830436
1557882177
1558020756
1558020780
155817060X
1558171800
1558172785
1558172831
155817558X
1558176160
1558176535
1558176594
1558177515
1558198601
1558215549
1558215743
1558321276
1558493344
1558503099
155850687X
1558508066
1558532161
1558533729
1558533834
1558534210
1558535527
1558584099
1558585362
1558586113
1558591001
1558680616
155868400X
1558704566
155874262X
1558743316
1558743391
1558743669
1558743790
1558744150
1558744681
1558745157
1558745432
1558745475
1558745726
1558746099
1558746153
1558746161
1558746226
1558746374
1558746463
1558746587
1558746692
1558747060
155874715X
155874732X
1558747346
1558747613
1558748008
1558748040
1558748156
1558748334
1558749209
1558749330
155874942X
1558749616
1558749705
1558803726
1558820302
155885133X
1558851984
1559029838
1559029870
1559029897
1559210869
1559212470
1559360739
1559361522
1559500409
1559501049
1559586710
1559701927
1559703830
1559703989
1559705841
1559721723
1559722029
1559723009
1559724463
1560004517
1560101865
1560235136
1560252480
1560252529
1560252758
1560255021
1560449179
1560545151
1560760478
1560760672
1560761172
1560763191
156076323x
1560763396
156076340X
1560765577
1560765682
1560765941
1560766271
1560766409
1560766859
1560768258
156076855X
1560768983
1560974109
1560974273
156097432X
1561291935
1561310220
1561380229
156138058X
1561384593
1561386022
1561386138
1561387452
1561440930
1561561428
1561563072
1561564567
1561564818
1561564834
1561564842
1561633291
156171156X
1561712760
156173411X
1561790206
1561790729
1561791369
1561791431
1561792586
1561793469
1561793477
1561793485
1561793493
1561794155
1561794643
1561794813
1561794848
1561794856
156179547X
1561795666
1561795976
1561795984
1561795992
156179600X
1561797111
1561797189
1561797197
1561797200
1561797219
1561797308
1561797316
1561797324
1561797332
1561840092
1561840807
1561895113
1562055593
1562199455
1562432338
1562450549
1562470043
1562470752
1562470795
1562472291
1562472305
1562474812
1562474820
1562474855
1562475150
1562475177
1562475193
1562475304
1562475878
1562475894
1562476661
1562476750
1562477528
1562477579
1562477587
1562477595
1562477625
1562477633
1562477641
156247765X
1562477668
1562477722
1562477846
1562477943
1562478478
1562800868
1562821385
156282144X
1562822047
1562822470
1562822489
1562822500
1562823779
1562825038
1562825232
1562828657
1562828843
156292074X
1562921444
1562921495
1562928104
1563152894
1563246015
156341029X
1563411121
1563521024
1563890119
156389016X
1563891492
1563891875
156389369X
1563894491
156389470X
1563895013
1563895684
1563896273
1563896613
1563897229
1563897474
1563897490
1563897962
1563899388
1563899809
1563970368
1563970783
156397102X
1563975149
1564021971
1564022552
1564023028
1564023060
1564023346
1564025446
1564025888
1564028593
1564141543
1564580881
1564581772
1564583201
1564588904
1564762440
1564762645
1564781674
1564782395
1564783286
1565041755
1565048016
1565048024
1565048032
1565048075
1565048091
1565048199
1565048253
1565048261
156504827X
1565048350
1565048490
1565070054
1565070461
1565071298
1565079205
156510837X
1565120027
1565120353
156512104X
1565121333
1565121562
1565121694
1565122038
1565122178
1565122208
1565122968
1565123158
1565123875
1565124057
1565481542
1565540387
1565548760
1565634187
1565650697
1565651014
1565657020
1565657926
1565843436
1565890256
1565924924
156608055X
1566190916
1566190932
1566190940
1566191432
1566191734
1566192951
1566193052
1566193060
1566193087
156619315X
1566193230
1566194415
1566194466
1566194881
1566195500
1566195675
1566195918
1566197155
1566197589
1566199697
1566199700
1566635586
1566890578
1566891396
1567140548
1567140564
1567180868
1567181120
156718149X
1567181635
1567181651
1567181686
1567181783
1567181821
1567183557
1567183603
1567183719
156718393X
1567184138
1567184243
1567184421
1567184464
1567184650
1567184693
1567184812
1567185096
1567185126
1567185304
1567186254
1567186599
1567187188
1567187196
1567187250
1567187269
1567187285
1567187293
1567187463
1567187919
1567188257
1567189016
1567189407
1567189504
1567189644
1567189652
1567310079
1567310877
1567311539
1567312292
1567312497
1567312667
1567313736
1567314619
1567511740
1567615155
1567616062
1567660975
1567921892
1567998453
1568383657
1568580533
1568581866
1568581939
156858217X
1568652054
1568657803
1568658079
1568842406
1568849168
1568849443
1569245134
1569245738
1569310203
1569310491
1569311382
1569311803
1569311897
1569312036
1569312532
1569312621
1569312648
156931294X
1569312982
1569313202
1569313415
1569313644
1569314063
1569314071
1569314284
1569314330
156931439X
1569314519
1569314748
1569315523
1569316406
1569316422
1569316473
1569316961
156931702X
1569317143
156931778X
1569317917
1569318247
156931828X
1569318697
1569319006
1569319014
1569319049
1569319189
1569319340
156931943X
1569319464
1569319472
156931957X
1569319618
1569319944
1569470170
1569470545
1569470839
1569471096
1569471339
1569471533
1569471770
1569472475
156955076X
1569711291
1569712999
1569713308
1569713715
1569714428
1569714649
1569715297
1569716102
1569716692
1569716765
1569716846
156971858X
1569753210
1569871175
1569871213
156987204X
1570087237
157008842X
1570360251
1570360421
1570360669
1570540403
1570540535
1570540810
1570541345
1570541876
1570547939
1570622183
1570627193
1570629048
1570629706
1570640165
1570642710
1570642818
1570642826
157064389X
1570644039
1570647658
1570670196
1570670447
1570711550
1570711593
1570717257
1570719586
1570750629
157082018X
1570827281
1570828644
1571316043
1571892044
1572241934
1572242132
1572492392
157297009X
1572970251
1572970669
1572971142
1572971150
1572971290
1572971304
1572971487
1572971533
1572971630
1572971800
1572972173
1572972432
1572972475
1572973234
1572973315
1572973331
1573060402
1573181218
1573220027
1573220132
1573220175
1573220485
1573220604
1573220779
1573220876
1573221112
157322121X
1573221384
1573221562
1573221643
1573221775
157322197X
157322202X
1573222143
1573222259
1573222321
1573222348
1573222518
1573222739
1573223328
1573225126
1573225517
1573225789
1573225827
1573226122
1573226521
1573226599
1573227331
1573227749
1573227978
1573228214
1573228583
1573228737
1573228745
1573229083
1573229091
157322930X
1573229326
1573229334
1573229385
1573229571
1573229628
1573229865
1573229881
1573240036
1573241288
1573456640
1573590053
1573927953
1573928275
1574270907
1574882163
1575210878
1575211564
1575213664
1575420058
1575420600
157566027X
1575660504
1575660571
1575661195
1575661381
1575661861
1575662140
1575662728
157566318X
1575664070
1575664305
1575664461
1575664585
1575665352
1575665379
1575666073
1575666251
1575666618
1575666987
1575667061
1575668017
1575791390
1576570940
1576730360
1576732304
1576732398
1576734749
1576736423
1576736466
1576737039
1576737330
1576737357
1576737462
1576737535
1576737721
1576738159
1576738175
1576738191
1576738469
1576738906
1576739279
1576739511
1576739740
1576830004
1576832996
1576833275
1576834786
1576834808
1577311523
1577312112
1577481453
1577487117
1577487281
1577488121
157748813X
1577488148
1577488156
1577488164
1577488172
1577488180
1577489713
1577489756
1577591062
1577656792
1577656822
1577658000
157765806X
1577658183
1577780728
1577940105
1577940113
1577940261
1577940407
1578050642
1578261090
1578560322
1578560330
1578560888
1578561132
1578561256
1578562317
157856395X
1578565375
1578590450
157859135X
1578632064
1578632730
1578660602
157912061X
1579122280
1579122787
1579122795
157912335X
1579123368
1579540368
1579541364
1579543413
1579546463
1579549292
1579550088
1579620329
1580050158
1580050352
1580050751
1580083242
1580084648
1580625665
1580628362
1580630286
1580631029
1580910998
1581172206
1581342357
1581345607
1581346085
1581960085
1582291284
1582291551
1582340544
158234082X
158234146X
1582341567
1582342261
1582342512
1582344043
1582344167
1582347794
1582348103
1582348162
1582348952
1582400008
1582401721
1582402264
1582430675
1582431884
1582432090
1582432252
1582432260
1582432317
1582432678
1582460507
1582614687
1582700354
1582900493
158297005X
1582971021
1582971439
1582971471
1583141456
1583142134
1583144269
1583224890
1583225366
1583340971
158348826X
1583670955
1583755454
1584830492
1584850329
1584850337
1584850345
1584850361
1584850388
1584850841
1584851988
1584852038
1584855185
1584855193
1585420069
1585420700
1585420999
1585670707
1585670898
1585671827
158567253X
1585672564
1585675040
1585745162
1586091859
1586104330
1586400037
158648012X
1586481983
1586601121
1586601407
1586603965
1586603973
1586604899
1586605054
1586605062
1586605097
1586605224
1586607146
158660757X
1586607987
1586608002
1586608010
1586609629
1586609637
1586609726
1586632108
1586633112
158663528X
158663609X
1586636146
1586648500
1586648616
1586648624
1586648713
1586648721
1586648853
158664887X
1586648950
1586648969
1586649000
1587157020
158743055X
1587611155
1588370054
1588380823
1588461025
1588720284
1588810070
1588991962
1588992942
1589199707
1589253507
1589801288
1589820568
159017061X
1590300475
1590520173
1590520432
1590520777
1590521277
1590521471
1590710010
1591160502
1591160545
1591160669
1591160677
1591160766
1591160774
1591160944
1591160995
1591161258
1591161274
1591161789
1591161878
1591161932
1591162149
1591164354
1591290562
1591291607
1591450748
1591820014
1591820022
1591820065
1591820073
1591820162
1591820189
1591820200
1591820219
1591820286
1591820316
1591820324
1591820332
1591820545
1591820588
1591820596
1591820634
1591820642
1591820715
159182107X
1591821088
1591821169
1591821347
159182141X
1591821533
1591821541
1591821568
1591821800
1591821819
1591821878
1591821908
1591821916
1591821924
1591822068
1591822076
1591822084
1591822092
1591822149
1591822157
1591822246
1591822254
159182236X
1591822408
1591822416
1591822424
1591822572
1591822580
1591822971
159182298X
1591823005
159182303X
1591823145
1591823269
1591823277
1591823285
1591823293
1591823307
1591823315
1591823323
1591823331
159182334X
1591823358
1591823366
1591823374
1591823382
1591823390
1591823455
1591823544
1591823633
1591823641
1591823668
1591823676
1591823692
1591823773
1591823781
159182379X
1591823803
1591823862
1591823897
1591823935
1591823951
159182396X
1591823978
1591824095
1591824141
159182415X
1591824729
1591825369
1591826039
1591826047
1591826969
1591827191
1591828716
1591828783
159184021X
1592000681
1592121659
1592280382
159264046X
1592865089
1592868002
1593070527
1593071183
159308000X
1593080050
1593080158
1593080212
1593080220
1593080255
1593080271
1593080352
1593080425
1593080476
1593080573
1593080581
1593080638
1593080697
1593080778
1593080786
1593140126
1593280076
1594200106
1594670463
1740594479
1740595939
1741040809
1840184957
1840221135
1840223014
1840224029
1840232463
1840237430
1840460598
1840672447
1841150770
1841151939
1841215457
184149058X
1841490873
1841721522
1841950947
1841952974
1841953288
184195425X
1842120182
1842125850
1842550535
1842552015
1842552414
1842552678
1843094363
1843100371
1843170116
184391008X
1843910462
1844261085
1844262553
1850152225
1850152446
1850159572
1851523812
1852270926
1852305614
1852423838
185242401X
1852426411
1852426861
1852427108
1852427140
1852428139
1852428287
1852838175
1853024716
1853049409
1853260002
1853260010
1853260045
1853260053
1853260061
1853260096
1853260126
1853260134
1853260142
1853260150
1853260169
1853260177
1853260193
1853260207
185326024X
1853260258
1853260274
1853260290
1853260312
1853260320
1853260355
1853260363
1853260401
185326041X
1853260436
1853260444
1853260452
1853260479
1853260525
1853260568
1853260584
1853260606
1853260622
1853260630
185326069X
1853260703
1853260797
1853260800
185326086X
1853260908
1853260916
1853260959
1853260967
1853260975
1853260991
1853261009
1853261025
1853261041
1853261092
1853261122
1853261149
1853261165
1853261203
1853261270
1853261297
1853261327
1853261335
1853261483
185326153X
1853261580
1853261599
1853261866
1853262005
1853262102
1853262218
1853262226
1853262269
1853262390
1853262404
1853262439
1853262544
1853262552
1853262587
1853262714
1853262803
1853262919
1853264199
1853264334
1853264830
1853265071
1853267295
1853267333
1853267430
1853267805
185326895X
1853268968
1853406856
1853686700
1853712817
1853752495
1853753378
1853915297
1854108719
1854307592
1854581627
1854582747
1854592114
1854791850
1854794450
1854795422
1854795996
1854796984
1854797263
1854879332
1855380269
1855380765
1855381125
1855383446
1855856093
1855856905
1855857588
1856264602
185697538X
1856978052
185697829X
1856978753
1856978826
1856978842
1856979407
1856979660
185697975X
1857022424
1857025024
1857028775
1857151399
1857239865
1857239881
1857541022
1857584112
1857584139
1857801091
1857820355
185782041X
1857823907
1857932471
1857985583
1857987489
1857989805
1858280982
1858288940
1858338549
1858684544
1858684870
1858813964
185881636X
1858817218
185967111X
1859674615
1859744362
1860461670
1860462588
1860463312
1860464181
186046808X
1860491022
1860492592
1860493491
1860645887
1861080409
1861590466
1861874790
1861976127
1862040125
1862040257
1862040419
1862041075
1862043523
1862045682
1862046085
1862047626
186207464X
1862300151
1862911827
1863303448
1863738584
1863739319
186448117X
1864483849
1864484098
186450062X
1864502029
1864502886
1864502894
1864503696
1865042277
1865042323
1865081825
1865082783
186508347X
1865084530
186508641X
1869504917
1873982380
1874061890
1874166188
1874509638
1874700621
1875559620
187565772X
1875989218
1876175702
1876451025
1876689420
1877161616
1878067125
1878067966
1878093312
1878093398
1878093401
1878239155
1878239910
1878257307
187825751X
1878257536
1878257749
1878346407
1878346490
1878346512
1878424483
187858071X
1878605003
1878624423
1878685589
1878990349
1879384493
1879531224
1879682109
1879682621
187991509X
1880089386
1880188481
1880238055
1880284405
1880413523
1880418568
1880656728
1881098184
188184708X
1881944190
1882413180
1882606027
1882704010
1882723007
1883013429
1883318467
1883319188
1883523257
1883642329
188364254X
1883672767
1883697867
1884628028
1885171080
1885173997
1885211198
1885222998
1885478690
1885492359
1885564112
1885767404
1885865309
1885983212
1886330026
1886427089
1886652007
1886910022
1886910146
1886910553
1887166386
1887166440
1887178740
1887178945
1887279652
1887279806
1887354018
1887368256
1887896325
1888047054
1888054557
1888363509
1888451181
1888777877
1888914378
189081749X
1890957488
189162024X
1891830090
189205101X
1892051176
1892065444
1892213001
1892213087
1892213362
1892213419
1892213435
1892213486
1892213516
1892213524
1892213591
1892213605
1892213648
1892213664
1892213680
1892213729
1892213745
1892213753
1892213761
189221377X
1892213788
1892213796
1892213850
1892213982
1892597004
1892714086
1892941546
1893162052
1893224201
189322466X
1893699234
1893732126
1893956237
1893956253
1894031261
1894877047
1895387884
1896332153
189635615X
189659770X
1896860982
1896951252
1897959206
1898125333
1899598014
1899712240
1899762094
1899791779
190125044X
1901680258
1901881555
1902259025
190260265X
1903047013
1903402263
1903434521
1903436087
1903517044
1903980046
1903980305
1929001037
1929090307
1929749007
1929998309
1929998368
1929998996
1930051220
1930709323
1931484546
1931497125
1931513309
1931514038
1931514046
1931514054
1931514151
193151416X
1931514178
1931514186
1931514410
1931514461
1931514488
1931514496
1931514542
1931514550
1931514569
1931514577
1931514585
1931514607
1931514623
193151464X
1931514658
1931514712
1931514720
1931514739
1931514747
1931514755
1931514763
1931514771
193151478X
1931514798
1931514801
1931514917
1931514925
1931514933
1931514941
193151495X
1931514968
1931514984
1931543283
1931543380
193156146X
1932100040
1932234063
1932480099
193248020X
1932700005
2080700235
2080707590
2080710044
2290210315
287714125X
2877141535
2877141969
2877143198
2877143201
3257211945
3257230451
3407781989
3423085711
3423203668
3423703954
3442357225
3442723183
3453150147
3453177053
3453177746
3453210719
3464371506
3473521094
3473581771
3492229417
3499207990
3499225964
3499228033
3518381768
3548359574
3548603203
3596122279
3596802628
3775713328
3785532032
3789106976
3791314599
3829029780
3895080977
4770019653
477002018X
4770027338
4770028555
4889960473
8171677347
8251800811
840124224X
8401376599
8401427517
8401466350
8401473748
8401474523
8401474736
840149186X
8401492041
840804088X
8420427845
8420435244
8420447714
8420447773
8420448753
8420478407
8420481017
8420646113
8420646253
8420646717
8421618024
8423307557
8423309584
8423334805
8423970787
8423974049
8423988511
8423990311
8423990524
8427200153
8427285205
8427931379
8427933592
8429434321
8429443312
8431625015
8432215007
8432215147
8433920308
8434812878
8434822563
8434860058
843509975X
8439508174
843970304X
8439708963
8440655398
8440668694
8440668716
8440668724
8440685270
8466300171
846630116X
8466301259
8466302042
8466302263
8466302409
8466303022
8466304592
846630679X
8466309624
8466310681
8466609563
8471669226
8478886540
8478886567
8481301493
848328006X
848403030X
8484502112
8484503151
8484505197
8486597161
8495354446
8495501015
8495501090
8495501104
8495501112
8495501759
8571640599
8772470658
8817666998
9230035807
9500820196
9504905447
9505810423
9561316951
9676105775
9676107956
9676107972
9676113425
9676113433
9676113441
9676114626
9681500555
9681501225
9681902548
9681904958
9681905229
9684112017
9724119378
9726390001
9839154125
9971490242
9972847012
