0099446782
0440206154
0907062008
0000000000
0000094072
0001660128
0001713345
0001900277
0002172755
0002228033
0002241471
0002245019
0002246244
0002259001
0002557029
0004102169
0004586298
0004703898
0004707710
0006165516
0006165591
0006166512
0006167926
0006170064
0006171680
0006172768
0006173543
000617468X
0006267904
0006329101
0006367763
0006378870
0006470351
0006476007
000647618X
0006477143
000647859X
0006479286
0006479367
0006479499
0006479650
000647988X
0006480217
0006480365
0006481566
0006482120
0006483704
0006483801
0006485855
0006490018
0006493580
0006496598
0006510183
0006510345
000651040X
000651118X
0006511376
0006512046
0006512135
0006513204
0006513557
0006513980
000651412X
0006514391
0006531903
0006543545
0006547834
0006550681
0006551815
0006552412
0006626874
0006716636
0006716644
0006716660
0006716679
0006716687
0006717659
0006722253
0006728537
0006728677
0006730515
0006743242
0006749291
0006751121
0006751229
0006753973
0006754023
0006754252
0006754279
0006754783
0006755186
0006910645
0006913822
0006915132
0006915647
0006918697
0006925200
0006925995
0006928110
0006928137
0006939449
0006944035
0007101937
0007106130
0007109075
0007113080
0007120664
000712113X
0007123809
0007123817
0007123825
0007123833
0007124007
0007127286
000712970X
0007129718
0007129726
0007130317
0007146353
0007149123
0007149220
0007149603
0007156103
0007661525
0020238401
002040400X
0020409206
0020442408
0020449313
0020868308
0021804850
0023607807
0024096229
0024115118
0025182005
0026258102
0026365588
0026866528
0026890356
0026892219
0027000303
002862226X
0028642635
0030031842
0030045622
0030145023
0030145139
0030181011
0030200784
0030520037
0030624363
0030635519
0030748828
003098632X
0039272044
0048231398
0048231541
0048232300
0048233404
0060008296
0060011939
0060080841
0060083425
0060096195
0060132620
0060151056
0060175532
0060191872
0060278250
0060391103
0060393823
0060525681
0060575557
0060591706
0060591838
0060594330
0060639024
0060668296
0060804955
0060805188
0060805463
006080694X
0060807695
0060809027
0060913185
0060915757
0060921145
0060922532
0060926317
0060926430
0060926864
0060928336
0060929510
006093008X
0060930128
0060932759
0060934719
0060935464
0060936231
0060936355
0060937866
0060951273
0060951281
0060951303
0060951311
0060951605
0060955775
0060970790
0060971088
0061000035
0061000957
0061002070
0061008893
0061009059
0061020400
0061030635
0061054151
0061060356
0061060933
0061061468
0061065854
0061065919
0061073628
0061092541
0061097640
0062511408
0062513362
0062520059
006312095X
0064400484
0064404250
0064406962
0064407691
0064409104
0064470229
0064471837
0072317345
0072411406
0072559144
0078812461
0091059801
0091768500
0091768772
009179353X
0091816653
0091827574
0091831628
0091832667
0091833396
0091836727
0091837170
0091839564
0091839572
0091839653
0091840775
0091867770
0091870070
0091870291
0091872626
0091874777
0091881544
0091884713
009188800X
0091895820
0099066300
0099134012
0099143615
0099154102
0099159503
0099164523
0099178206
0099179512
0099182718
0099183218
0099184427
0099191903
0099196514
0099199505
009922321X
0099225727
0099235005
0099251523
0099251922
0099255030
0099255189
0099256126
0099263815
0099264366
0099265303
0099266059
0099266245
0099266997
0099267543
0099277131
0099278367
0099279274
0099279282
0099281716
0099282410
0099283360
0099283697
0099284383
0099284812
009928491X
0099285258
0099285320
0099285924
0099286068
0099286424
0099287692
0099287862
0099287935
0099288028
0099288451
0099288478
0099288524
0099288672
0099288893
0099289954
0099294710
0099301679
0099314118
0099314614
0099315203
0099320819
0099340909
0099349906
0099359502
009936221X
0099365006
0099387913
0099388308
0099394316
0099400006
0099402521
0099408627
0099409283
009940978X
0099409968
0099410184
0099410303
0099410362
0099410370
0099410397
0099410435
009941077X
0099410869
0099411199
0099414759
0099414821
0099415054
0099415186
0099415720
0099416158
0099416379
0099416859
0099416883
0099419785
0099420007
0099421267
0099422042
009942410X
0099427230
0099428342
0099428490
0099428512
0099429799
009943184X
0099433125
0099433311
0099433621
0099435012
009943511X
0099435683
0099438569
0099439743
0099443007
0099445425
0099445484
0099455692
0099456761
0099458128
0099458144
0099461099
0099462281
0099462443
0099465981
0099466279
0099469626
0099470101
0099485419
0099486601
0099496100
0099503204
0099512009
009951320X
0099552817
0099554003
0099555514
0099556316
0099588110
0099591111
0099596601
0099600714
0099600919
009960101X
0099603713
0099638711
0099638819
0099641615
0099675404
009970630X
0099720310
0099727404
0099727412
0099738813
0099740915
009974371X
0099747200
0099754819
0099755017
0099774909
0099794616
0099800209
0099800403
0099830000
0099845008
0099866005
0099877104
0099887002
0099908409
0099911701
0099929600
0099935007
0099935708
009996290X
0099992000
0116703261
0130408956
0130452963
0130558559
0132837064
0133043878
013385857X
013413964X
0134689674
0135412935
0139841709
01400.40994
0140007466
0140008217
0140009728
0140011528
0140012133
0140012486
0140013997
0140016821
0140017852
0140018964
0140019138
0140019863
0140019995
014002347X
0140024018
0140025405
0140026363
0140026568
0140031189
0140031928
0140039589
0140046569
0140051619
014005183X
0140057242
0140057463
0140059105
0140059598
0140060286
0140062106
0140063331
0140063838
0140064818
0140067280
0140072527
0140073175
0140074082
0140077413
0140080252
0140086269
0140087184
0140087206
0140089713
0140089756
01401.77396
0140101101
014010111X
0140102183
0140104658
0140108106
0140109595
0140115455
0140118047
0140118365
0140118608
0140118993
0140124640
0140126716
0140130888
0140133941
0140143882
0140145931
0140154027
0140159673
0140168885
014017186X
0140181555
0140182349
0140186395
0140205284
0140228349
0140232311
0140237496
014023750X
0140240098
0140241167
0140250549
0140252924
0140256024
0140256113
0140258574
0140258590
0140260498
0140263179
0140263896
0140271287
0140271805
0140274057
0140274103
0140274316
0140275649
0140276335
0140276793
0140278737
0140278761
0140280685
0140280960
0140281533
0140283501
0140287019
0140290737
0140293507
014029726X
0140299904
0140302050
0140303626
0140306943
0140310754
0140315977
0140317309
0140318143
0140318356
0140319077
0140321497
0140321829
014032397X
0140324623
0140340009
0140341773
0140343717
0140344764
0140346260
0140347968
0140348522
0140349472
0140350004
0140360344
0140361472
0140363254
0140363424
0140365702
014036689X
0140367454
0140368965
0140369104
0140369252
0140371540
0140371567
0140372334
0140376380
0140377336
0140379444
0140379851
0140380191
0140380353
0140386262
0140386270
0140386637
0140387994
0140390464
0140390480
014040001X
0140430032
0140430113
0140430121
0140430229
0140430474
0140430725
0140434003
0140434151
0140441573
0140441654
0140442979
014044369X
014048.1346
0140501738
0140510133
0140511687
0140523693
0140580255
0140620117
014062015X
0140620168
0140620184
0140620303
0140620338
0140620451
014062046X
0140620486
0140620540
0140620583
0140620788
0140620958
0140621008
0140621091
0140621199
0140621229
0140621415
0140621679
0140621725
0140621733
0140621741
0140621806
0140621903
0140622055
0140622071
0140622152
0140622217
0140622535
0140622780
0140807039
0140814361
0140861041
0140863222
0140863281
0140865519
0140868895
0141000848
0141001240
0141002603
014100648X
0141006870
014100892X
0141010843
0141010878
0141011904
0141011947
0141012641
0141015624
0141182474
0141182539
0141182636
0141182709
0141300477
0141302828
0141304871
0141304898
0141305061
0141305576
0141309431
0141309911
0141311282
0141311916
0141312122
0141314818
0141315482
0141439319
0142001384
0142004286
0142301655
0143001566
0146000064
0146000145
0146000587
0146001621
0146001958
0146003128
0151006849
0152000860
0152002405
0153117346
0153471573
0153536411
0155770810
0155826069
0156013924
0156013983
0156027321
0156551381
0156628635
0156899825
0159011353
017602087X
0192750526
0192770969
0192781170
0192815466
0192818147
0192818155
0192829602
0192835181
0194216373
0194219321
0194228169
019423035X
0194230759
0194312828
0194335607
0195016459
0195016521
0195027183
0195052161
0195854004
0198320221
0201118637
020177125X
0205086802
0207149127
0207157758
0207167303
0207175098
0207178941
0207189331
0207191158
0207197792
0207197911
0224041185
0224043439
0224061089
0224061267
0224064916
0224073087
0224606352
0226469409
0233969020
0233983198
0241140935
0246137339
0252013964
0256036608
0256156034
0261102214
0261102354
0261102370
0261102737
0261103253
0261103547
0261103628
0261660748
026166378X
0261664190
0261664271
0261666614
0263718808
0263734943
0263738604
0263743047
0263746607
0263757951
0263760480
0263768147
0263768996
0263826988
0271684097
0276000803
0276428153
0283063300
0285631039
0292760280
0300084293
0306804948
0307001261
0307010+880
0307010708
030702377X
0307029395
0307055396
0307059820
0307101614
0307112039
0307119556
0307127095
0307128539
0307140148
0307159906
0307165477
0307168549
0307199088
0307213064
0307215148
0307215210
0307215229
0307216209
0307222519
0307248038
0307261050
030727635X
0307602230
030760263X
0307617149
0310226554
0310257123
0310269318
0310270421
0310275121
0310277825
0310318025
0310466628
0310903823
0310906520
0310916534
0310926653
0310980755
0312021739
0312152639
0312193068
0312206291
0312216130
0312243022
0312253737
0312265840
0312265867
0312270453
0312421435
031242258X
0312482051
0312498705
0312850956
0312855486
0312857063
0312868294
0312874278
0312890044
0312892217
0312909748
0312915438
0312924607
0312964986
0312971303
0312972849
0312976275
0312983271
0312987013
0314473572
0316058432
0316115452
0316142417
0316143464
0316170720
0316180661
0316184195
0316289124
0316351679
0316488399
0316517305
0316569321
0316603287
0316606847
0316613231
0316648582
0316693251
0316710571
0316726036
0316734357
0316769495
0316777218
0316777730
0316806870
0316809063
0316850799
0316880159
0316880620
0316906271
0316952664
0329132679
0330020293
0330021354
0330028715
0330029657
0330107372
0330201700
0330233904
0330236474
0330240587
0330241184
0330241443
0330243829
0330244914
0330247093
0330247735
0330247999
0330248367
033025278X
0330253077
0330255991
0330256904
0330258648
0330261878
0330263064
0330264001
033026463X
0330266020
0330266624
0330266667
0330269186
0330274864
033028620X
0330287001
0330291475
0330296302
0330300059
0330301624
0330301721
0330309579
0330310402
0330310453
0330311859
0330313746
0330315846
0330315854
0330317202
0330319922
0330321528
0330328565
0330331663
0330333402
0330340255
0330344153
0330345044
0330345249
0330346342
0330348906
0330351834
0330352512
0330360744
033036085X
0330362100
0330362704
0330362925
0330363719
0330364383
033036734X
0330367358
0330373447
0330392840
0330397257
0330397761
0330397796
0330397915
0330398083
0330400967
0330412965
0330415441
033041836X
0330480081
0330482475
0330485385
0330486144
033048625X
0330489658
0330490982
0330500023
0333097610
0333185153
0333247795
0333358503
0333533925
0333533984
0333595394
0333602250
0333638409
0333710525
0333741676
0333761170
0333779606
0340020326
0340042486
034012508X
034012847X
0340193212
0340250690
0340276274
0340276630
0340277335
0340329629
0340337923
0340369078
034040860X
0340425636
0340496851
0340499087
034054886X
0340568895
0340569166
0340577118
034059022X
0340592435
0340595507
0340606517
0340608595
0340620811
0340621877
034062471X
0340628367
0340629681
0340634448
0340636092
0340640146
0340640871
0340654112
0340654287
0340672765
0340681470
034068223X
034068464X
0340685964
0340703490
0340713208
0340716002
0340718161
0340728981
034073339X
034073356X
0340738995
034074880X
0340765364
0340767405
0340769181
0340769203
0340818573
034082008X
0340820306
0340824425
0340825766
0340825987
0340843497
0340855274
0340872233
0345235150
0345235169
0345240324
034525290X
0345256557
0345257596
0345260406
0345272552
0345273516
0345278461
0345281527
0345282647
0345282892
0345284267
0345286480
0345286863
0345288866
0345290240
0345293711
0345294823
0345294912
0345295463
034529601X
0345296591
0345296982
0345297504
0345298365
0345300912
0345304225
0345305795
0345314476
0345316479
0345317769
0345318102
0345320204
0345325818
0345332989
0345334841
0345335082
0345335287
0345336984
0345339738
0345349040
0345380371
0345384369
0345391756
0345400062
0345402383
0345439325
0345442989
0345459393
0345465636
0345465644
0349101779
0349102155
0349103232
0349103313
0349106673
034910672X
0349112770
0349114773
0349114900
034911675X
0349117047
0349131627
035230409X
0373020295
0373024525
0373027222
0373028849
0373033834
0373046073
0373055587
037305775X
0373070853
0373071248
0373071736
0373071957
0373073232
0373074646
0373074654
0373074794
0373075294
0373075324
0373085567
0373092407
0373093128
037309440X
0373094868
0373094949
0373095333
037309535X
037309843X
0373112777
0373115970
0373153295
0373153309
0373160674
037316971X
0373172400
0373174365
0373218397
0373218958
0373221304
0373222696
0373222882
0373240228
0373240880
0373251092
0373252153
0373253168
0373256442
0373257295
0373259638
0373270089
0373286937
0373303092
0373303343
0373303351
037330336X
0373303378
0373303408
0373303416
0373312008
0373320132
037344124X
0373471513
0373484232
0373610734
0373610777
0373611803
0373611897
0373614462
037362719X
0373630336
0373631278
0373631286
0373631308
037370013X
0373700164
0373700180
0373702213
0373702418
0373706413
0373707657
0373762623
0373790309
0373810156
037382260X
0373898487
0374423296
0374435251
0374465363
0374480095
0374518173
0374518688
0374519994
0374524521
0374525641
0374525749
0375416218
0375505652
0375701478
0375705457
0375763376
0375828796
0380000458
0380000830
0380003120
0380003783
0380005816
038000609X
0380007959
0380008718
0380009560
0380016451
0380017458
0380018160
038001842X
0380430185
0380473658
0380484218
0380510944
0380607077
0380641623
0380701006
0380701715
0380701766
0380703440
0380704765
0380705354
0380708272
0380708469
0380709570
0380709902
0380709937
0380711516
0380711982
0380712520
0380718235
0380721643
0380751712
0380752107
0380752875
0380756250
0380758016
0380758490
0380762250
0380763117
0380763591
038076413X
0380767368
0380767627
0380770601
0380773988
0380779749
0380779854
0380785358
0380786230
0380794284
038079487X
0380797526
0380798484
0380804557
0380805685
0380812525
0380817691
0380818191
0380841940
038086777X
0380868849
0380872218
0380877759
0380893002
0380896117
0380896850
0380898551
0380976552
0382069978
0385007728
0385020171
0385075138
0385090013
038514251X
0385182228
0385258224
0385270399
0385288581
0385293542
0385299079
0385410441
0385423977
0385496494
0385513224
0385601255
0385601883
0385602642
0385603401
0385605110
0385605331
0385607369
038572084X
0385721234
0385721633
0393091252
0393307921
0393900711
0393961451
0393973042
0394220455
0394223519
0394223802
0394280210
0394280741
0394281225
0394281780
0394281829
0394412710
0394468074
0394512006
0394522907
0394545826
0394556178
039455695X
0394573579
0394701496
0394704665
0394712595
0394714202
0394736303
0394815610
0394821998
0394832493
039484078X
0394845501
0394859561
0394861558
039489118X
0394926269
0395081831
0395257301
0395258251
0395272211
0395283493
0395305462
0395432138
039548930X
0395582962
0395669588
0395670519
0395700701
0395931800
0395958474
0396070043
0397011032
039911727X
0399128492
0399141359
0399147284
0399506438
0399518509
0413562905
0413589307
0413603601
0413650103
0416072208
0416101607
0416102220
0416469604
0416551009
041662300X
0416866204
0417010605
0425034038
0425041913
0425044440
0425045439
0425051811
0425052222
0425052478
0425058425
0425058603
042505862X
0425059502
0425061701
0425064115
0425064638
0425067572
0425076717
0425083861
0425085295
0425086852
0425086860
0425095584
0425095908
0425097609
0425101452
0425104044
0425104060
0425108449
0425115585
0425115801
042511774X
0425118703
0425121631
0425122611
0425128164
0425129004
0425142485
0425143686
0425144429
0425147622
0425150143
0425153975
0425173755
0425178765
0426105834
0426116909
0426117034
0426198603
0426200497
0426200543
0426201388
0426201507
0426203534
0426204018
0426204026
0434003484
043400538X
043400779X
0434009105
0434009199
0435123106
0435272128
0435272365
0435272640
0436203928
0436204169
0436205823
0439010691
0439011582
0439012961
0439013070
0439064872
0439082455
0439095085
0439108381
0439113105
0439115469
0439128455
0439130735
043913224X
0439135036
0439135087
0439136369
0439137373
0439139600
0439148030
0439161169
0439178819
0439188539
0439199735
0439206472
0439207304
0439215986
0439221889
0439223377
0439231531
0439236533
0439236584
0439239214
0439240271
0439244196
0439253225
0439270618
0439285127
0439288568
0439295017
0439297710
0439298032
0439305691
0439316308
0439316316
0439326451
0439329019
0439339952
0439341205
0439343607
043934445X
0439356008
043935675X
043936213X
043936213x
0439366771
0439375428
0439382386
0439405483
043942089X
0439424690
0439425093
0439436559
0439441439
043945462X
0439458056
0439460816
043949687X
0439551234
0439557046
0439559553
0439573882
0439576415
0439576520
0439577527
0439977479
0439978645
0439981638
0439992419
0440008379
0440092876
0440102944
0440103665
0440104327
0440108454
0440109353
0440111935
0440112184
0440115159
0440117585
0440119766
0440120497
0440122090
0440128609
0440129664
0440129818
0440129907
0440147360
044015314X
044015538X
0440156637
0440158605
0440159008
0440159695
0440162297
044016754X
0440170982
0440171172
044017158X
044017399X
0440178649
0440178924
0440192072
0440204739
0440206154
0440208653
0440210917
0440216915
0440218071
0440221595
044022604X
044023610X
0440236703
0440295653
0440295726
044029584X
0440295858
0440296072
0440384974
0440401585
0440403278
0440407028
0440415160
0440416655
0440435072
0440436834
0440442508
0440442648
0440474655
0440479002
0440529298
0440550939
044080177X
0440802059
0440802091
0440840104
0440840880
0440843367
0440843561
0440844681
0440846358
0440847338
0440847982
0440862795
0440862809
0440863112
0440863341
044086366X
0440900425
0440900468
0440910587
044091082X
0440920833
0440945151
0440961327
0440980801
044098324X`
0441003257
0441004229
0441006116
0441007570
0441007961
0441008615
0441029205
0441068812
0441180744
0441217729
0441218504
0441240712
0441240941
0441294677
044132231X
0441322379
0441338518
044155282X
0441555217
0441586139
044164449X
0441693237
0441783058
0441805914
0441854435
0441873618
0441940005
0445006226
044508376X
0445409215
0446222194
0446300292
0446300675
0446300853
0446302686
0446305618
0446306428
044630784X
0446314668
0446322490
0446322563
0446324388
0446327182
0446329835
0446341436
0446343455
0446353485
0446354678005
0446356018
0446356573
0446357251
0446359408
0446360074
0446363251
0446389722
0446400351
0446512583
0446512877
0446515051
0446518344
0446520802
0446599611
0446601241
0446604658
0446605484
0446606383
0446610399
0446610550
0446611867
0446613266
0446613436
0446615145
0446667900
0446670251
0446672211
0446672289
0446673544
0446674249
0446674575
0446678651
0446690511
0446691798
0446692638
0446718505
0446799211
0446814377
0446824631
0446829773
0446848433
0446890499
0446892041
0446896268
0446912816
0446914770
0446924687
0448022516
0448095068
0448095076
0448095092
0448095122
0448095246
0448095319
0448095416
0448095459
0448126346
0448180502
0448405016
0449003787
0449005658
0449006778
0449123812
044912617X
0449130045
0449133419
0449136140
0449139026
0449139077
0449143457
0449144402
0449200019
0449201430
0449203425
0449203433
0449205037
0449206971
0449218929
0449220001
0449223604
0449228878
0449230198
0449231984
0449232034
0449232212
0449232859
0449233642
0449234924
0449236102
0449236315
0449238083
0449239330
0449240193
0449240401
0449240576
0449242161
0449243338
0449243672
0449300277
0449701328
0449702936
0450003523
0450027120
0450040186
0450042685
0450049701
0450053474
0450057941
0450488357
0450494756
0450531201
0450537374
0450547434
045057458X
045057735X
0451078187
0451081641
0451087488
0451091639
0451094417
0451110293
0451110773
0451115457
0451115473
0451118189
0451120035
0451120531
0451122453
0451122941
0451125746
0451132378
0451136039
0451140354
0451141482
0451143302
0451146913
0451147367
0451149513
0451150252
0451152506
0451154924
0451158717
0451159829
0451162145
0451163095
0451166302
0451167708
0451167716
0451168089
0451168364
0451172221
0451173082
0451178971
0451180054
0451182677
0451182952
0451183134
0451195124
0451197275
0451197399
0451198131
0451202376
0451204530
0451206657
0451400216
0451400720
0451402472
0451410378
0451450256
0451450736
0451450787
0451451120
0451451457
0451451481
0451451783
0451456203
0451457056
0451525086
0451526082
0451526562
0451526759
0451527666
0451623762
0451627555
0452263492
0452268192
0452273056
0452275849
0452278899
0452278902
0452280621
0452283930
0452284724
0460008374
0460117645
0460879235
0460905589
0465070663
0471035327
0473083817
0486212688
0486228029
0491012209
0500014809
0500200394
0500200580
0500271593
050059001X
0505512386
0505515253
0505515563
0505516101
0505516292
0515035084
0515035831
0515056561
0515059080
0515059447
0515078670
0515084891
0515087254
051508994X
0515090379
0515094641
0515095125
0515098426
0515123498
0517029618
0517101386
0517122707
0517189585
0517362422
051752810X
0517536242
0517885042
0520024788
0521095034
0521485622
0521634970
052166618X
0521943388
0523006365
0523006403
0523008473
0523009151
0523009933
052340395X
0523405014
0523405421
052341112X
052341658X
0523417489
0523424515
0525169954
0525243704
0525459243
0528913662
0534031773
053460871X
0538124415
0550101063
0550207481
0552088803
0552091219
0552096377
0552098965
0552102776
0552104272
0552104558
0552118176
0552123676
0552124753
0552124761
0552127248
0552127280
0552128481
0552131059
0552131067
0552131075
0552133264
0552134600
0552134619
0552134627
0552134635
0552134643
0552134651
0552134783
0552136832
0552137030
0552138339
0552139262
0552140287
0552140295
0552140384
055214052X
0552141178
0552141313
0552141437
0552141615
0552142026
0552142085
0552142247
0552142352
0552142379
0552143545
0552144959
0552145424
0552145971
055214598X
0552146048
0552146080
0552146099
0552146145
0552146153
0552146161
0552146641
0552146684
0552147680
0552148199
0552148407
0552148504
0552148776
0552148822
0552148997
0552149519
0552150215
0552150827
0552524530
055252526X
0552525863
0552525952
0552526150
0552526495
0552527408
0552527459
0552527521
0552529680
055254521X
0552545465
0552546283
0552546321
0552546933
0552547166
0552547336
0552547492
055254793X
0552771015
0552771821
0552991406
0552993360
0552994103
0552996009
0552996459
055299734X
0552998052
0552998176
0552998192
0552998303
0552998516
0552998729
0552998877
0552998885
0552999571
0552999652
0553023004
0553028669
0553055011
0553055046
0553055089
0553055747
0553055763
0553055771
0553055844
0553055852
0553055879
0553055909
0553055917
0553055925
055305595X
0553055968
0553055976
0553057960
0553108425
0553112422
0553113313
055311820X
0553121456
0553124676
0553124773
0553125001
0553125931
0553130366
0553130986
0553132857
0553133136
0553138014
0553138286
055313972X
0553142747
0553143751
0553147730
0553148915
055314894x
0553149148
0553151746
055315656X
0553156640
0553159631
0553171348
0553171542
0553176641
0553178938
0553197932
0553198211
0553201344
055320338X
0553206575
0553206621
0553209604
0553210033
0553210793
0553211641
0553211757
0553225227
0553225774
055322588X
0553227092
0553230360
055323420X
0553234684
0553237330
0553239252
0553239716
0553240463
0553240633
0553242962
0553243055
0553245015
0553246070
0553246178
0553247530
0553247948
0553250884
0553251643
0553252313
0553253050
0553253514
0553253549
0553254049
0553255975
0553256866
0553259571
0553260960
0553261797
0553263021
0553263226
055326463X
0553266063
0553267450
0553267493
0553268120
0553270060
0553270958
0553274503
0553276328
0553276743
0553276867
0553277391
0553278223
0553278630
0553280724
0553282123
0553284266
055329024X
0553290258
0553290916
055329170X
0553291890
0553292587
0553292641
0553293850
055334983X
0553400681
0553401637
0553406639
0553408054
0553408232
0553442457
0553442619
0553443151
0553452991
0553470698
0553480286
0553480537
0553485911
0553492411
0553504894
0553504924
055350519X
0553505890
0553542834
0553550314
0553560735
0553568795
0553572393
0553583670
0553801430
0553812173
0553812939
0553813021
0553813277
0553814494
0553815229
056336260X
0563362839
0563461217
0564094129
0571056865
0571058086
0571081789
0571084834
0571087442
0571097103
0571117880
0571135390
0571145574
0571154913
0571191290
0571191479
0571193889
0571203019
0571205410
057120631X
0571216536
057121844X
0573690103
057369088X
0575013931
0575040696
057504070X
0575040726
0575041625
0575056355
0575061030
0575063483
0575073624
0575075546
0575400188
0575401125
0582084784
0582275237
0582402298
0582416957
0582417740
0582417775
0582434475
0582461464
0582494036
0582523184
0582527112
0582528259
0582528909
058253531X
0582810728
0582869927
0583121225
0583136087
0583300324
0583300596
0583300693
0583307841
0583308023
0584311591
0586044345
058604681X
0586049347
0586058281
0586061347
0586064176
0586064567
0586065857
0586066888
0586068961
0586071407
0586072527
0586073760
0586087133
0586200894
0586200967
0586203729
0586203796
0586204822
0586204830
0586204849
0586204857
0586207414
0586207872
0586208887
0586209492
0586210695
0586211020
0586211896
0586211977
0586213333
0586213813
0586217835
0590023608
0590030523
0590031236
0590031325
0590031783
0590032259
0590035584
0590047116
0590053698
0590066935
0590087843
0590098497
0590098535
0590102702
0590108395
0590108417
0590110039
0590111523
0590111647
0590111906
0590113143
0590113194
0590115294
059012384X
0590129015
0590130986
0590132059
0590132733
0590133705
0590134191
0590139215
059013972X
059014958X
0590162438
0590163671
0590183729
0590192566
0590196456
0590197967
0590203495
0590206591
0590213040
0590222791
0590223569
0590251600
0590252275
0590252380
0590254758
0590254774
0590254782
0590254790
0590254804
0590257889
0590266047
0590291297
0590298356
0590309064
0590312642
0590313312
0590315668
0590315781
0590321277
0590321366
0590322036
059032389X
0590324306
0590326295
0590326376
059033204X
0590332678
0590334026
0590337629
0590361007
059037043X
0590373617
0590400789
0590404482
0590405314
0590407716
0590408771
0590410067
0590410474
0590411209
0590412035
0590412515
0590414356
0590415158
0590416405
0590424300
059043439X
0590434683
0590435418
0590435671
0590436368
0590436902
0590437194
0590437216
0590438069
0590438204
0590438999
0590442287
0590442570
0590446517
0590447637
0590448188
0590449664
0590450530
059045160X
0590453157
0590454277
0590459570
0590460757
0590463578
0590464523
0590466852
059047264X
0590477420
059048141X
0590487035
0590489399
0590494511
0590510754
0590511890
0590519220
0590521012
0590538241
0590550020
0590550594
0590552791
059055428X
0590554387
0590555847
059055624X
0590558463
0590559125
0590568752
0590619675
0590629786
0590639137
0590664875
0590664883
0590682156
059068230X
0590690132
0590697781
059070642X
0590709178
0590711733
0590716131
0590718371
0590721917
0590736442
0590740326
0590763717
0590865986
0590877518
059087912X
0590887653
0590907174
0590937766
0590939793
0590939882
0590939920
059095976X
0590972081
0590972103
0590972146
0590975986
059098182X
0590997343
0593021223
0593037820
0593044142
0593044258
0593044533
0593048059
0595271618
0596001088
0600200167
0600203387
0600204731
0600363163
060056682X
0600566854
0600570967
0600570975
0600582035
0600583058
0600606317
0603032664
0603032745
0603032893
0603032931
0603032966
0603553338
0613003225
0613061551
0613282728
0618108149
0618170340
0631979603
064750572X
0660185369
0664325580
0670040584
0670041475
067078222X
0670790974
0670816264
0670821969
0670851876
0670856347
0670866717
0670874817
0670883328
0670886475
067091133X
0670913448
0670914592
0671001841BC
0671004808
0671008668
0671011367
0671016776
0671018086
0671022229
0671023616
0671024906
0671026070
0671027387
0671037528
0671039512
0671086286
0671204181
067121487X
0671241990
0671309242
067140072X
0671416359
0671419919
0671420860
0671430653
0671430742
0671431412
0671440276
067144378X
0671444832
0671447173
067144963X
0671451820
0671454102
0671454358
0671459627
0671464205
0671466801
0671466887
0671469622
0671469835
0671474065
0671495704
0671499505
0671502336
0671506331
0671507915
0671509756
0671526812
0671532278
067153291X
0671533789
0671534076
0671535471
0671535498
0671535676
0671536389
067153792X
0671542745
0671546341
0671557378
0671570625
0671577042
067158037X
0671600729
0671633457
0671634100
0671638173
067163951X
0671640585
0671642561
067164257X
0671648772
0671657607
0671672711
0671673866
0671676350
0671680684
0671693786
0671697951
0671698842
0671701231
0671701258
0671704613
067170463X
0671704664
0671720759
0671721569
0671722751
0671726919
0671729489
0671729918
0671736795
0671737783
0671739948
0671741136
0671741454
0671743902
0671765973
0671773410
0671774670
0671775367
0671781707
0671781812
0671788124
0671788477
0671793535
0671795236
0671807498
0671819712
0671821792
0671822101
0671824813
0671825143
0671827480
0671827871
0671828029
0671831593
0671832298
0671832611
0671834096
0671836366
0671851802
0671854674
0671868713
0671874861
0671874969
0671884468
0671884492
0671896717
067189787X
0671897888
067339879X
0673801012
0674903714
0676971288
067697158X
0676972284
0676972578
0676972829
0676972853
0676973256
0676973345
0676973612
0676973779
0676973949
0676974805
0676975372
0676976107
0679030441
0679030468
0679140255
0679310614
0679310991
0679311157
0679311300
0679311688
0679311718
0679312420
0679420231
0679422102
0679438327
0679438335
0679438378
0679450742
0679458174
0679601325
0679724575
0679777377
0679781587
0679876596
0679889159
0679889167
0679894330
0681606975
0681607114
0681889101
068199052X
0683079212
0684139049
0684143127
0684171619
0684809303
0684818949
068483068X
0684833204
0684833395
0684834936
0684859335
0684860201
0684870819
068506106X
0685239330
0688059147
0688163653
0689300069
068971260X
0689714335
0689804466
0689818769BC
0689826966
0689827067
0690134509
0690270275
0691020264
0694056251
0694516821
069540167X
0696000415
0696006707
0696017288
0696019892
0696183005
0697018083
0698107047
0698116844
0701160888
070222118X
0702225584
070223236X
0704300001
0704311461
0704311658
0704326485
0704333392
0704338238
0706351797
0706413237
0708813445
0708818889
0708821014
0708825362
0708842410
0708843379
0708843506
0708852408
0708860737
0708881483
0708882102
0708961274
0708980848
0709701292
0710501412
0710502265
0710506430
0710506996
0710507518
0711944261
0711998892
0712602143
0712602682
0712621865
0712623582
0712655735
0712657487
0712673172
0712674993
0712677100
0712679278
0712694625
0713632879
0713633204
0713642556
0714828149
0716613921
0717284735
0717284972
0717287564
0717287963
0718003586
0718137620
0719030870
0720715296
0721408672
0721409881
0721423418
072143584X
0721442714
0721443087
0721443435
0721443451
0721703410
0722105673
0722143206
0722181272
0722184514
0722506627
0722533365
0723205930
0723215537
0727807501
0727842234
0731810309
0732264472
0732267897
0732274826
0732277329
0732710561
0732908663
0732910293
0732910978
0732911168
0732911419
0733312349
0733500064
0733502377`
0733502849
0733504116
0733509010
0733515711
0733537057
0733541321
0733604676
0733612261
0733613063
0733613497
0733613985
0733615120
0733616399
0733800424
0733802028
0736600949
0736603964
0736605029
0736625828
0738701270
073880701X
0739400533
0739407503
0739411543
0739414070
0739424343
0740729314
0741402823
0741414074
0743204239
0743229339
0743230051
0743233468
074325547X
074340050X
0743410505
0743412028
0743414993
0743428951
0743436210
0743449371
0743449711
0743457781
0743467167
074346723X
0743484185
0743486226
0743506308
0743525841
0744593670
0745313337
0746014279
0746019734
0746025521
0746052790
0747208778
0747209146
0747220573
0747231486
0747234825
0747237263
0747242127
0747248087
0747255342
0747256152
0747257884
0747257892
0747257949
0747258325
0747259216
0747259224
0747260281
0747261296
0747262039
0747267294
0747268932
0747271704
0747403902
0747404704
0747405689
0747407835
0747509670
0747524467
0747532745
0747538484
0747542155
074754624X
0747546290
0747550093
0747550999
0747551006
0747553408
0747555680
0747556164
0747556903
074755837X
074756003X
0747566534
0747569401
0747569479
074866145X
0749300515
0749300531
0749301341
0749301384
0749302127
0749302291
0749303182
074930510X
0749306084
0749306742
0749308524
074931012X
0749311207
0749313528
0749313978
0749316837
0749319305
0749320214
074932032X
0749320591
0749322330
0749323434
0749323485
0749324740
0749336129
0749336501
0749385359
0749391308
0749391774
0749395508
0749395699
0749395850
0749395990
0749396067
0749396547
0749397357
0749397365
074939739X
0749397543
0749397675
0749397713
0749397837
0749398086
0749398434
0749398574
0749399627
0749502495
0749700831
0749701013
0749701374
0749702109
0749703121
0749703334
0749719257
0749719745
0749726687
0749726733
074972711X
0749728280
0749729082
0749733330
0749738359
0749746114
0749805145
0749930055
0751333980
0751371122
0751506672
075150727X
0751508942
0751509337
0751517755
0751525499
0751527378
0751529680
0751531545
0752202847
075240265X
0752423010
0752506846
0752508369
0752509276
075250942X
0752509470
0752515462
0752515667
0752515713
0752515764
0752515829
0752516140
0752516736
0752517724
0752517759
0752517775
0752517910
0752517929
0752517953
0752535129
075255302X
0752557106
0752563149
0752576895
0752577786
0752586726
075258927X
0752803476
0752803727
0752809482
0752814265
0752834223
075283715X
0752837508
0752837648
0752838717
0752842897
0752842986
0752844040
0752844083
0752848666
0752849417
0752857487
0752857681
0753100193
0753703084
0753704218
0753706563
075380039X
0753811065
075411189X
0755301897
0756401100
0760701067
0760712018
0760712263
0760720002
0760720177
0760720428
076072105X
0760723303
0760723931
076072539X
0760745560
0760748934
0760750963
0760755213
0762188596
076450486X
0765109409
0765191121
0765340747
0765342987
0765343436
0765345048
0765347539
0766606007
0767904184
0767917243
0768321646
0768900506
0769612067
0770003397
0770101968
0770104835
0770104932
0770106331
0770109098
0770422055
0770422578
0770422632
0770423019
0770423345
0770425518
0770427464
0770428207
0770428290
0770428495
0770428517
0770428819
0770428827
0770429033
0770429092
0770429556
0770509460
0770700241
0771008074
0771008171
0771008198
077100821X
0771010834
0771034636
0771034687
0771034717
0771041039
077105422X
0771066937
0771068611
077107462X
0771074700
0771074719
077108580X
0771098189
0771098758
0771099851
077109986X
0771099894
0771570201
0771590229
077368039X
0773731881
077375458X
0781409756
0783890834
0785211578
0785273603
0785280308
0785300538
0785355006
0785911227
0785914838
0786000619
078601427X
078670585X
0786707925
0786808012
0786813032
0786813857
078684468X
0786845899
0786864133
0786885572
0786901276
0786901381
078690514X
078690514x
0786906987
0786907878
0786911867
0786913657
0786914394
0786915501
0786916052
0786916354
0786916818
0786918071
0786918179
0789254484
0789401762
0789411474
0789411520
078941452X
0789416743
0789435128
0789466473
0792706765
0793500176
0793800722
0793800943
0800700651
0800707702
0800753569
0801492823
0801975891
0801978246
0802069347
0802133290
0802150241
0803742894
080374806X
080400322X
0804101116
0804102309
0804463433
0804811547
0805208690
0805951105
0806520949
0806521287
0806625783
0806947683
0806953969
0806968540
0806982276
0806984457
0807032530
0807060504543
080707103X
0807204684
0807281530
0808577697
0809247798
0809415372
0809448416
0809464837
0810372193
0810398494
0810919621
081120068X
0811415465
0811727572
0811804577
0811824829
0811826007
0811836924
0812031261
0812095367
0812500172
0812500296
0812505042
0812509234
0812509641
0812511816
0812512456
0812521269
0812522397
0812524268
0812530322
0812531256
0812535928
0812539265
0812545419
0812545427
0812548051
0812548094
0812548221
0812550285
0812550730
0812550757
0812551478
0812551486
0812551494
0812553896
0812557042
0812558138
081256541X
0812568141
0812570812
0812570820
0812574737
081257639X
0812880609
0813908744
0814909078
081603849X
0816708010
0816708541
0816710384
0816714606
0816731934
0816732434
081673710X
0816737215
0816742766
0816749531
081677014X
0819310247
0819310441
0820004030
0821712594
0821715917
0821716220
0821716700
0821717197
0821719246
0821721666
0821722131
0821722239
0821725254
0821726528
0821731130
0821731173
0821732730
0821733354
0821734989
0821735136
0821743155
0821754394
0821755897
0821765450
0821765604
0821773682
0822000466
0822437724
0825617790
0828009775
0830709967
0830724893
0831713631
0834118556
0834300753
0834300761
0834300788
0834300796
083430080X
0834300818
0834300826
0834300834
0834300842
0834300850
0834300869
0834300877
0834300893
0836220676
0836228804
0837817714
0837818389
0840712634
0840795955
084230214X
084230522X
0842307176
0842313362
084232576X
0842329285
0842332251
0842343288
0842345566
084235462X
0842360719
0843103663
0843141808
084392196X
0843922753
0843923199
0843931248
0843947888
0843950463
0844239062
0844295582
0849900972
0849930715
0849931711
0849932637
0849938945
084993897X
0850302889
0850308240
085030895X
0851315208
0852235194
0852442009
0854491104
0854965939
0856401927
0860070913
0860073718
0860079163
0860079481
0860202909
0860207242
0860653641
0860681297
0860688666
0861047451
0861120604
0861123530
0861631226
0861631471
0861636090
0861636112
0861639162
0861881605
0862019192
0862416027
0862880203
0863161286
0863278310
0863473997
0863475019
0863697607
0864115059
0864388772
0864423551
0864423632
0864613326
0865450579
0865475571
0866116788
0866119108
0866119574
0866225870
0866550763
0867130768
0867210796
0868060658
0868180483
0868634255
0869142488
087000123X
0870650076
0870865056
0870865110
087100240X
087113375X
0871401517
0871401525
087197195X
0872165272
0872168255
0872169294
0872169324
0872262278
0872394069
0872497658
0872860213
0872860744
0872860884
0872862097
087406290X
0874063396
0874064201
087406421X
0874065372
0874065917
0874068339
0874068541
0874068967
0874313759
0874552591
0874771412
0874801281
0875020607
0875296394
0875346308
0875346316
0875346324
0875421989
0875423248
087579159X
0876093152
0876665229
0876855966
0877018928
087779913X
0877846391
0879320559
0879737964
0879752386
0879755008
0879803584
0879817216
0879972734
0879976861
0880381744
0880382678
0880387734
0880702257
0880704756
0880793228
0880880996
0881622400
0881881171
0881889849
0882077120
0882141015
0882704214
0882705474
0883441047
0883470365
0883470799
0883650215
0883686740
0884042081
0884413179
0884894894
0886193540
0886770912
0886772397
0886773741
0886773849
0886774039
0886774500
0886775957
0886777313
0886777801
0886778166
0886878470
0886878721
0886900921
0888948093
0888991487
0890510571
0890810613
0890815038
0890818592
0890818827
0890836078
0890836671
0890837503
089083900X
0891073000
0891074074
0891074171
0891092994
0891093702
0891095578
0891095802
0891096124
0891760296
0891872728
0891904891
0892131187
0892440384
089256265X
0892742062
0892745908
0892748656
0892810165
0892873833
0893010707
0893753491
0893754064
0893754579
0893756954
0893758205
0893758671
0894340182
0894710737
0894718207
089471838X
0894801406
0894867598
0895770601
0895773384
0895870754
0895886634
0895949091
0896086283
0897298705
0897301455
0898798507
0899091679
0900751169
0902920111
0906336252
0906710618
0908643411
0910034532
0910293066
0912776404
0913347000
0913592471
0913677116
0915009005
0915396149
0915473135
0915560186
0915921057
0916890333
0917012933
0917143469
0919493181
0919888313
0921912757
0923568050
0924771496
0929009177
0929631366
0930892593
0932215211
0933532407
0933585071
093371713X
0933944047
0937295078
0937295167
0937422037
0937609358
0938078321
0938256343
0938753630
0938819887
0940687240
094202401X
0943084628
094323509X
0943403340
0945320531
0946014027
0946621438
094718399X
094845668X
0949206318
0949245224
0952921502
0952951703
0953805646
0953842118
0954037103
0954179803
0954187539
0957921802
0958005702
0959028501
0961866349
0962412260
096268743X
0962687499
0962964506
0963144839
096315320X
0963205412
0963219413
0964018500
0964348500
0964631601
0964929600
0964967804
0965012085
0965063348
0965064255
0965072444
096515310X
0965307751
0965307883
0965396215
0965550117
0965636585
0965749150
0965843920
0965866807
0965866874
0966161300
0966294513
0966371534
096664591X
0966782410
0966784847
0966813006
0967025907
0967231434
0967507103
0967577101
0968217532
0969806469
0969806493
0970500408
0971005982
0971358400
0971438021
0971976600
0972469400
0974381403
1400001625
1400032156
1400033330
1400047927
1400100089
1401025544
1401088945
1402505272
1402703287
1403349622
1404309691
140431654X
1404336540
140500519X
1410743748
1410755568
1414025696
1550133942
1550545779
155054960X
1550821733
1551250004
1551563452
1551923378
155192370X
155192398X
1551924781
1551925702
1551926679
1551990490
1552041751
1552674142
1552781429
1555135420
1555137105
155723020X
1557232377
1557233632
1557482764
1557484554
1557731926
1557732108
155773416X
1558020012
1558021256
1558021833
1558171657
1558173625
155817446X
1558174516
1558184023
1558506454
1558532331
1558533389
1558686401
1558701060
1558744630
1558746625
1559360615
1560634588
1560761504
1560763329
1560765291
1560766794
1560768851
1561441279
1561442933
1561443123
1561563544
1561565938
1561736015
1561894508
1562124560
1562199064
1562199110
1562920138
1562925768
1562947346
1563335352
1564135071
1564135136
1564141225
1564310310
1564965171
1565048040
1565048059
1565048083
1565113306
1565122399
1565970217
1565970225
1566190533
1566195519
1566195527
1566197627
1566197686
1566199646
1566404398
1567187218
1567311199
1567312993
1567400388
1568300522
1568522568
156857083X
156931070X
1569312125
1569312273
1569315388
156931568X
1569317011
1569319332
1569319359
1569319367
1569319480
1569319499
1569319502
156931960X
1569319626
1569319634
1569602131
1569602158
1569714215
1569802068
1569873348
1569873526
1569874093
1570066183
1570087660
1570087865
1570089914
1570250782
1571890998
1571891021
157189182X
1572700408
1572701285
1573440140
1573510084
1573927481
1575000490
1575090627
1575792109
157593907X
1576570983
1577233603
1577234189
1577340981
1577487869
1577782038
1577941195
1579121365
1579122663
1580082424
1581650086
1581690029
1583488111
1586602780
1586607162
1586637533
1586648756
158715580X
1590071212
1590889754
1591160626
1591160634
1591160642
1591160650
1591161290
1591161304
1591164656
1591820057
1591820146
1591820154
1591820170
1591820197
1591820308
1591820340
159182060X
1591821037
1591821339
1591822998
1591826055
1591826845
1591960983
1592400876
1593071639
1594574073
1740511514
1740511662
1740517687
1740518594
1740518969
1740591968
1740661109
1761773860
184022438X
184072269X
1841001384
1841151629
1841152692
1841152897
1841153958
1841492604
1841540285
1841642541
184164255X
1841932094
1841952834
1841954144
1842326481
184309178X
1844030016
1844132072
1844133680
1850150281
1850150567
1850157669
1850522316
1851525440
1852383615
1852741031
1852791683
1852910623
1853260037
1853261386
1853270318
1853404594
1853405183
1853405590
1853405809
1853406813
1853451312
1853687022
185371545X
1853719579
1853811262
1854061135
185471208X
1854712772
1854712853
1854717073
1854717685
185479678X
185487344X
1854873520
1854875302
1854877097
1855014823
1856192180
1856263975
1856975312
1857025938
1857027302
1857231260
1857231872
1857231910
1857232046
1857233603
1857233778
1857236076
1857237218
1857238583
1857239849
1857251385
1857541014
1857933362
1857983386
1857985508
1857987853
1857989279
1857989546
1857989791
1857990889
185799227X
1857992911
1857996097
1857998650
1858135125
1858135222
1858135370
1858137160
1858137330
1858139937
1858300169
1858307252
1858681863
1858685648
1858815304
185902176X
1859581986
1859605508
1859849296
1859992676
1860469450
186049692X
186049756X
1860497926
1860498701
1860498833
1860499260
1860499562
1860499600
1860499627
1860541054
1861591578
1862053375
1862082308
186208260X
1862300526
1863022309
1863093478
1863252061
1863252088
1863301127
1863305424
1863306331
1863307443
1863307591
1863733957
1863860355
1863861238
1863865845
1863866639
1863889914
1863889930
1864482265
1864486848
1864488352
1864489316
1865037605
1865045926
186508025X
1865082570
1865084654
1865089362
1865151920
1865153168
186515492X
1865156035
1865156043
1869415574
186943269X
1869432835
1869433637
186958595X
1869587669
1869928180
1870870514
1871676215
1875875271
1875989706
1876139013
187617546X
1876590181
1877135283
1877135399
1877135763
1877178721
187765213X
1878046551
1878346504
1880188791
1880985268
1881089797
1881137635
1881493024
1881527573
1883013305
1883820278
1884739091
1885427794
1886910588
1887038019
1888604107
1888869143
1889439312
1891153412
1891153471
1892137038
1892213168
1895555434
1895555590
1895555647
1895714915
1895836174
1898435235
189939835X
1899884211
1900097249
1900327546
1901072150
190188130X
1902035011
1903271126
1903434777
1904684033
1904908004
1920798277
1929695187
1930206402
1931514593
1931514976
193213381X
1932234438
1981349391
2.02.000585.9
2.02.009475.4
2.266.11441.7
2.266.12931.7
2010139801
2010172159
2010172248
2010190777
2010196848
2010209230
2012097987
2013214707
2013216483
2013217854
2013218958
2013219830
2013919794
2013920938
2020062399
2020114267
2020181614
2020236702
2020239264
2020239272
2020247437
2020251590
2020253801
202025462X
2020257815
2020259214
2020308282
2020345676
2020385805
2020490668
202051112.6
202051760.4
2020525712
2020526069
2020550768
2020551306
2020551330
2020564777
2020579391
2020653818
2033013316
2035877393
2036524117
2038710317
2038716633
2038717001
2040160590
2040281606
2070213951
2070299732
2070300463
2070301028
2070301036
2070312968
2070321320
2070325164
2070329135
2070332160
2070333469
207033435X
2070334538
2070334961
2070360024
2070360075
2070360105
2070360180
2070360210
2070360377
2070360423
2070360644
2070360733
2070360784
2070360806
2070360830
2070361179
2070362108
2070362256
2070362361
2070362388
207036240X
2070362426
2070362647
2070363430
2070364232
2070365425
2070365441
2070366073
2070366081
2070366863
2070367010
2070367231
2070367401
207036741X
2070367428
2070367800
2070367983
207036805X
2070368165
207036822X
2070368343
2070368726
2070368785
2070368793
2070368939
2070369595
2070369609
2070370011
2070370437
2070371441
2070372960
2070373622
2070373657
2070373703
2070373738
2070374874
2070375161
2070376222
2070377024
2070378403
2070378411
2070379159
2070380416
207038165X
2070383326
2070384853
2070385884
2070388905
2070389200
2070392597
2070392643
2070393585
2070393631
2070393712
2070393828
2070394867
2070400603
2070401871
2070403009
2070403262
2070403688
2070403696
2070404056
2070404498
2070404587
2070405311
2070407608
2070408272
2070408450
2070408507
207040935X
2070409848
2070412393
207041311X
207041339X
2070413586
2070413837
2070414612
2070415686
2070415872
2070415880
2070416801
2070417050
2070417379
2070417948
2070419657
2070419878
2070420736
2070421678
2070422003
2070422496
2070423174
2070423182
2070423212
2070424561
2070424758
2070424928
2070425533
2070425800
207042670x
2070428656
2070428710
2070492494
2070506754
2070513289
2070513335
2070513637
2070514374
2070515184
2070515788
2070515796
2070518426
2070524302
2070524558
2070528189
2070529290
2070541274
2070541290
2070541304
207054138X
207054351X
2070543587
2070545938
207055161X
2070551636
2070552543
2070556859
2070567842
2070583333
2070583600
207070761X
2070746763
2070753557
2070756319
2070757625
2070758354
2070767582
2080680692
2080681214
2080685449
2080700480
2080701770
2080703005
208070317X
208070446x
2080704605
2080706683
2080710095
2080710648
2080720376
2081642557
2081643618
2092703196
2092703366
2130451039
2130530508
2175345017
2203001038
2203001208
220311892X
2203135727
2203155043
2207228290
2207229726
2207249492
2207249786
2207251071
2207303519
2207305554
2207500438
2207505367
2210754283
2211037119
2211041221
2211056423
2211067948
2213594031
2213613486
2221081293
2221093747
2221099257
2226021183
2226034536
2226052577
2226059032
2226059644
2226061185
2226064605
222607533X
2226078339
2226085238
2226086366
2226086943
2226088199
2226090231
2226093311
2226094458
2226115269
2226116680
2226134034
2226141839
2227738308
2228702900
2228897310
2234015634
2234054036
2234054303
2246548810
2246567610
224663461X
2253001295
2253001414
2253002887
2253002933
2253003107
2253003220
2253004227
2253004243
2253004278
2253004332
2253004367
2253004499
2253004545
2253004685
2253004758
2253004898
2253005037
2253005274
2253005398
2253006203
2253006459
225300670X
2253006750
2253006920
2253007102
2253007153
2253007900
2253008486
2253008877
2253009636
2253010219
2253010413
2253010480
2253011010
2253012351
2253015024
2253015598
2253017191
2253021539
2253022918
2253023337
2253023906
2253029343
2253029491
225303052X
2253031194
2253033138
225303570X
225303598X
225303732X
2253037966
2253044903
2253045047
2253045888
2253046086
2253047422
2253048623
2253049069
2253049417
2253051349
2253052302
2253054747
2253056146
2253056812
2253057835
2253057843
2253059536
2253060224
2253062308
2253063339
2253064092
2253066931
2253071803
2253072257
225307263X
225307618X
2253076384
2253076694
2253098302
2253135895
2253138320
225313922X
2253139459
2253139467
2253139599
2253140589
2253140872
2253141437
2253141704
2253141976
2253143308
2253143626
2253144835
2253144894
2253145068
2253145602
2253146889
2253147109
2253147729
2253147923
225314794X
2253148008
2253148091
2253148245
2253148504
2253149101
2253149268
2253149292
2253149772
2253150150
2253150185
2253150223
2253150711
2253150908
2253151017
2253151378
2253151734
2253152846
2253152889
2253153427
2253153982
2253154229
2253154393
2253154814
2253155039
225316058X
2253160725
2253160784
2253170453
2253170577
225317114X
2253171573
225317176X
2253171786
225317226X
2253172669
2253933279
2253933546
2264002190
2264003790
2264008539
2264010991
2264016124
226401654X
226401699X
2264017805
2264021098
2264023953
2264024674
2264024844
2264027134
2264027347
2264027681
2264029951
2264031158
2264032642
2264035005
2264035552
2264037725
2265017302
2265074144
2266000314
2266000489
2266002422
2266002635
226600378X
2266004670
2266009931
2266022504
2266023020
2266023039
2266023136
2266025651
2266025791
2266026534
2266027263
2266029614
2266033093
2266034839
2266046497
2266046500
2266046519
2266047426
2266047442
2266047450
226605435X
2266061348
2266061755
2266068709
2266071173
2266072870
2266073354
2266082515
2266082604
2266082663
2266082701
2266082744
2266082752
2266082760
2266082981
2266083260
2266083309
2266084372
2266090216
2266092014
226609212X
2266093320
2266098047
2266098101
2266099701
2266100130
2266101617
2266102621
2266102710
2266103024
2266104535
2266104853
2266107437
2266110098
2266110780
2266111116
226611140X
2266120166
2266121022
226612269X
2266123181
2266124374
2266124870
2266125354
2266125532
2266126520
2266127896
2266128531
2266131516
2266132377
2266132385
2266132393
2266132415
2266132822
2267011255
2267013045
226701453X
2268045757
2277116092
2277119091
2277123471
2277123730
2277210226
2277210498
2277212253
2277213780
2277215473
2277223255
2277223271
2277224898
227722958X
2277233617
2277235679
2277237337
2277260029
2277300020
2277300128
2277300187
2277301167
2277301388
2277301515
2277301892
2277301981
2277302031
2277302139
2277302147
2277302686
2277330019
2277332909
2280034980
2280078384
2280164868
2290024902
2290044369
2290044636
2290045764
2290045799
2290046159
2290046493
2290047740
2290047953
2290049522
2290049530
2290050105
229012950X
2290147419
2290215627
229030039X
2290301388
2290301531
2290301868
2290303054
2290303372
2290303607
229030493X
2290305553
2290306126
2290306703
2290307769
2290308285
2290308439
229030865X
2290309494
2290309923
2290310131
2290311782
2290312096
2290312169
2290312924
2290312959
2290313076
2290313238
2290313734
2290313882
2290313904
2290314110
2290314137
2290314234
2290314633
229031465X
2290314706
2290314765
229031479X
2290314943
2290315478
2290315591
2290316024
2290316547
2290316792
2290317829
2290319759
2290319872
2290320447
2290320722
2290320749
2290321125
2290321443
2290321524
2290324442
2290328480
2290330000
2290331570
2290334758
2290335339
2290335347
2290336815
2700223454
2700224264
2700225821
270212819X
2702400965
2702408710
2702410049
2702411347
2702413390
2702414680
2702422225
2702423272
2702423590
2702429319
2702430554
2702431100
2707301485
270730669X
2708706187
2709626055
2710300257
2710326280
2711414299
2714438199
271522107X
2715223528
271670824X
272021406X
2721004522
2723418537
2723419045
2723419096
272341910X
2723419118
2723420507
2723420922
2723421724
2723421872
2723421880
2723422984
2723422992
272342300X
2723423018
272342510X
2723425118
2723425126
2723427617
2723427870
2723427986
2724207599
272425970X
2724277287
2724292634
2738112188
2738113974
2742700153
2742713395
2742718001
2742727175
2742736867
2742738150
2742738207
2742739351
274274763X
2743410779
2743431814
2743432055
2743602236
2743609222
2743609621
2743612649
2744104000
2744136239
2744146234
2744151122
2747002373
2760951375
2762540380
2762584299
2762584361
2764601875
2800627565
2803434660
2804013987
2840557851
2841146200
2841160297
2841861716
2841861961
2841873927
284205301X
2842054741
2842055179
2842056140
2842193415
2842193849
2842612892
2842614720
2842630521
2842772032
2843040612
2844050441
2845654839
2845920962
2845950020
2850250481
2858151350
2858151555
2858151938
2858153051
2859840265
2862609110
2864244721
2867141648
2867142067
2867142210
2868693342
2869304560
2869304870
2869305583
2869307780
2871294011
2871421072
2876786478
2876952181
2877060500
2877060519
2877141594
2877142930
2877300943
2877302202
2877302326
2877302962
2877304892
2877305759
2877306720
2878803426
2883531714
2890210731
2890211452
2890211703
2890212009
2890212203
2890212440
2890212459
2890377695
2890525740
2891119789
2892951704
2894281293
2894297904
2894305370
2904227229
2907217844
2911036603
2911058259
2912496071
2913402011
2913867081
2914210000
2921403145
2921603462
2922424014
2922424138
2922868001
2_7103_0025_7
3000074910
3011005818
3036911154
3100265173
3100800486
3122617501
3122618303
3122618400
3123512304
3123512312
3123512401
3123520803
3125217156
312577540X
3125781108
3125914604
3125914701
3125962803
3150000017
3150000122
3150000130
3150000734
3150000831
3150000858
3150000912
3150001137
3150002303
3150006597
3150034590
3150066174
3150074703
3150081297
3150090237
3150091519
3150092183
3150092329
3150094445
3150099420
3150400368
320384303X
3203843064
3216302873
3224113189
3250600253
3250600555
3257060173
3257061269
3257062621
3257063032
3257200552
3257201184
325720308X
325720311X
3257203527
3257204825
3257208626
3257215436
3257216718
3257219458
325722575X
3257226640
3257227590
3257227809
3257228007
3257228120
3257228155
325722818x
3257228600
3257229534
3257229739
3257229909
3257230478
3257231008
3257231016
3257231180
3257232527
3257232551
3257232608
3257232780
3257233019
3257233051
3257233116
3257233396
3257233663
3257233884
3257700067
325770044X
3257700482
325770125X
3293201911
331200814X
3312008360
331400317X
3314006284
3314007124
3328001263
3332005987
3351012047
3351025122
3351029608
3352004935
3357007053
3357007150
3358015947
3363006896
3379015180
3401002562
3401016806
340101708X
3401018280
3401020986
3401021575
340102194X
340102261X
3401025279
3401025422
3401026011
340102616X
340102700X
3401041134
3401044923
3401047000
3401047132
3401048325
3401051180
3402034247
3404100263
3404104811
3404105311
3404109287
3404111982
3404113888
3404114787
340411566X
3404116755
3404118251
3404118278
3404118960
3404122321
3404122690
3404124278
3404125312
3404125851
3404126718
340412801X
340412815X
340412846X
3404129423
3404129490
3404130081
3404132483
340413348X
3404135695
3404138066
3404139178
3404139518
3404139720
3404139879
3404139895
3404142942
3404143094
3404143221
3404143361
340414337X
3404143434
3404143485
3404143493
3404143612
3404144503
3404144856
3404145410
3404146549
3404146824
3404147472
340414810X
3404148231
3404148371
3404148657
3404148665
3404148800
3404148843
3404161467
3404162412
3404202635
3404202716
3404202775
3404202880
340420476X
3404231805
3404232143
3404241452
3404241509
3404252861
3404257049
3404260309
340426035X
340461335X
3404614887
3404920333
3405151678
3406392504
3407753128
3407780230
3407780397
340778063X
3407780818
3407781288
3407781326
3407781350
3407782306
3407783116
3407783353
3407784570
3407785682
3407787073
3407787189
3407787375
3407787510
3407787588
3407787731
3407787979
340778807X
3407788169
3407788533
3407788738
3407788886
3407797354
3407805330
3407808275
3407808836
3414117002
341488481X
3423002565
3423008717
3423009152
342302609X
3423032383
3423051701
3423070129
3423071516
3423072342
3423072393
3423072571
3423073179
3423073632
342307387X
3423074809
3423078006
3423078669
3423078790
3423079274
3423083522
3423083549
3423085282
3423085592
3423085940
3423093692
342310516X
3423105410
3423105747
3423110066
3423112972
3423113057
3423117370
3423118709
342311973X
3423120096
3423121343
3423124806
3423124830
3423125152
342312525X
3423125314
342312542X
3423126949
3423127112
3423127961
3423128763
3423129646
3423129980
3423130024
342313075X
3423131055
3423131292
3423200316
3423201509
3423202025
3423202033
3423202068
3423202327
3423202408
3423202777
3423202971
3423203226
3423203722
3423204206
3423205202
342320575X
3423206616
3423243171
3423250879
3423308451
3423620005
3423620196
3423620285
3423620293
3423620331
3423620447
3423620773
3423621052
3423700114
3423700947
342370103X
3423701439
3423701447
3423701897
3423702176
3423702206
3423702214
3423702656
3423702834
3423702850
3423702958
3423703032
3423703040
342370330X
3423703369
3423703571
3423703598
3423703644
3423703849
3423703911
3423704063
3423704438
3423704594
3423704675
3423704705
3423706279
3423706619
3423706716
3423706783
3423707100
3423707291
342370747X
3423707828
3423780061
3423780266
3423780592
3423780940
3423781297
3423781572
3423781890
3423795026
3425033921
3425066463
3425067257
3426029553
3426030950
3426080648
3426189216
3426194058
3426195186
3426195593
3426290111
3426602369
3426604612
3426604973
3426610361
3426611473
3426612704
3426614782
3426615304
3426615320
3426615355
3426616904
3426616998
3426617153
3426617269
3426617307
3426618230
3426618559
3426619148
3426619466
3426619849
3426620480
3426620596
3426620863
3426621371
3426621584
3426622203
3426623102
3426624664
3426640090
3426650681
3426660121
3426660776
3426661004
3426671298
3426730561
3426776014
3426870215
3430120918
3430129583
3436005924
3436013099
3436018155
3439820521
3439900274
3439900282
3440055604
3440059316
3440063046
3440065987
3440066738
3440072770
3440075206
3440077675
3442000645
3442002303
3442008158
3442030730
3442034191
3442035171
3442040280
3442051533
3442054761
3442059356
3442076986
3442080657
3442091411
3442092981
3442093627
3442098424
3442101638
3442123852
3442124875
3442127270
3442132096
3442133211
3442139112
3442161177
3442237378
3442245923
3442246741
3442249767
3442301033
3442306973
3442309026
3442309646
3442350662
344235109X
3442352436
3442353564
3442353939
3442354943
3442355907
344235658X
3442359414
3442413265
3442413338
3442414989
3442415993
3442416256
3442416523
3442416566
3442416582
3442420210
3442420423
3442420970
3442421829
3442422027
3442422035
3442424402
344242447X
3442424623
3442429439
3442429552
3442429609
3442429846
3442430496
3442430534
3442431875
344243260X
344243372X
3442433940
3442434009
3442435528
3442435587
3442435951
3442436060
3442436168
3442437016
3442437172
3442437407
3442437717
3442439736
3442440173
3442440777
3442441080
3442441641
3442442354
3442442389
3442443865
344244408X
3442444179
3442444330
3442445140
3442445299
3442445434
3442446244
3442446325
3442446570
3442446708
3442446759
3442447038
3442447046
3442447100
3442447380
3442447488
3442447712
3442448182
3442448662
344244974X
3442450020
3442450179
3442450322
3442450608
3442450721
3442451353
3442451450
3442451671
3442451833
3442452031
3442452627
3442452643
3442452996
3442453003
3442453283
3442453305
3442454255
344245459X
3442454794
3442455413
3442455707
3442540658
344254081X
3442541425
344254159X
3442541662
3442541751
344254193X
3442545188
3442545420
3442720001
3442720036
344272189X
3442722063
3442723078
3442723833
3442724309
3442725348
344272659X
3442726921
3442727383
3442727731
3442727952
3442728339
3442730503
3442760003
3442760267
3442760291
3446177108
3446178694
3446188800
3446197478
3446200452
3446201181
3446201882
3446202692
3446202722
3446203427
3446203443
3451040867
3451076039
3451269317
3453003683
3453005317
3453007867
3453020537
3453025016
3453025032
3453025040
3453025423
345302608X
3453026144
3453032896
3453034120
3453034902
3453037081
3453038894
3453045874
3453048806
3453050290
345305136X
3453056701
3453056884
3453059336
3453059344
3453061152
3453061187
345306139X
3453063023
3453063716
3453071638
3453072057
3453073932
345307565X
3453075781
345307601X
3453082001
3453082311
3453084829
3453088433
345309204X
3453093038
3453099737
3453108574
3453115481
3453116267
3453116542
3453122348
3453123271
3453123298
3453123840
3453123859
3453124294
3453124464
3453124499
3453124545
3453124987
3453126521
3453126777
3453126912
3453127013
3453127323
3453130510
3453131150
3453136411
345313656X
3453137574
3453146050
3453146069
3453146956
3453146972
3453147235
3453147596
3453149793
3453150295
3453152565
3453153804
3453159926
3453160185
3453160827
3453160924
3453161394
3453162218
3453162897
3453164121
3453164210
3453168798
3453168895
3453171500
3453171535
3453171551
3453171632
3453172124
3453172841
3453177487
3453178742
3453180895
3453184408
3453185676
3453186958
3453187830
3453188055
3453189345
3453189442
3453189477
3453189949
3453190041
3453196015
3453196767
3453198840
3453198875
3453199006
3453199170
345319926X
3453209893
3453212045
3453212215
345321255X
3453212967
3453213378
3453213424
3453213432
3453213793
3453861124
3453861663
3453863593
3453863712
3453864263
3453864271
3453864409
3453866797
3453868315
3453869648
345386980X
345387319X
3453875583
3455013570
3455040306
3458318410
3458336311
3458337253
346202261X
3462024612
3462026801
346202731X
3462028189
3462028537
3462029592
3462030469
3462030507
3462032208
3462032283
3462032445
3462033263
3462033360
3464310515
3471772510
3473351849
3473351911
347335192X
3473352365
3473387088
3473387142
3473389757
3473390364
3473470651
3473518336
3473519197
3473520063
347352025X
3473520403
3473520551
3473520594
3473521280
3473521582
3473530190
3473530298
3473541087
3473541974
3473541990
3473580015
3473580074
3473580082
3473580112
3473580147
3473580155
3473580171
3473580228
3473580236
3473580279
3473580309
3473580325
3473581038
3473581097
3473581534
3473581720
3473581801
3485003158
3485004537
3492003540
3492040683
3492045170
3492046142
3492116167
3492203140
3492203582
3492219993
349222539X
3492225535
349222573X
3492226256
3492227074
3492228240
3492229352
3492230490
3492230571
3492230857
3492232140
3492233600
3492233635
3492234429
3492237118
3492237770
3492238696
349223903X
3492260233
3492260624
3492270573
3492275184
3498035037
3498063529
3499100045
3499100509
3499101319
3499101505
349910170X
3499109891
349911027X
3499110660
3499118076
3499121581
3499121808
3499122006
3499124904
349912548X
3499134411
349913442X
3499134608
349913599X
3499137941
3499138492
3499138565
3499139200
3499139332
349913991X
3499143925
349914557X
3499147084
3499150611
349915191X
349915398X
3499154501
3499154781
3499155338
3499201712
3499203596
3499204665
3499205874
3499206471
3499207036
3499209535
3499212498
3499222507
3499222728
3499222736
3499224615
3499224623
3499225557
349922576X
3499226375
3499226685
3499227762
3499228165
3499228300
3499228440
3499230305
3499231026
3499231328
3499231581
3499231603
3499231670
3499232871
3499233347
3499233959
349923405X
3499235358
3499260271
3499261227
3499262967
3499263009
349926403X
3499264285
3499332051
3499400103
3499428660
3499432641
3499432951
3502101353
3502111006
3502144109
3502186804
3502504482
3502506515
3502506809
3502508097
3502509212
3502511020
350251156X
3502512590
3502513333
3502518661
350251884X
3502518998
3505000264
350501205X
3505036684
3505042145
3505043990
3505046205
3505047163
3505071773
350507585x
3505079324
3505081817
3505082651
3505083933
3505083941
3505091235
3505091383
3505092118
3505092126
3505095680
3505098108
3505099066
3505099295
350510017X
3505100196
3505100595
3505100994
3505101907
3505105325
3505105414
3505109940
3505112836
3505113387
3505118591
3518019309
3518067087
3518100319
3518100734
3518101137
3518188089
3518365010
3518365525
351836605X
3518367749
3518367773
3518368001
3518368540
3518370995
3518372742
3518376519
3518383426
3518383620
351838693X
3518388762
3518388916
3518394495
3518394916
3518396315
3518398709
3518398962
3518407279
3522119401
3522128001
3522168372
3522169557
3522170261
3522170903
3522171810
352217240X
352217254X
352217268X
352217402X
3522174283
3522701003
3530300616
353600752X
3546003470
3548101879
3548101976
3548203981
3548208975
354822492X
3548231608
3548232558
3548235646
3548235654
3548236065
3548245897
3548247083
3548248489
3548250122
3548251285
3548252192
3548252656
3548255310
3548255531
3548255582
3548256007
3548256171
354825621X
3548256279
3548256600
354830169X
3548304087
3548342337
3548352588
354835985X
3548362206
354836229X
3548363806
3548363938
354860028X
3548600808
3548680542
3550071434
3551015066
3551015104
3551015171
355135152X
3551371059
355155157X
3551551677
3551551685
3551551693
3551551936
3551552525
3551552665
3551580812
3551580820
3552049886
3552052054
3570121941
3570122964
357012388X
357012701X
3570200000
357020040X
357020149X
3570201538
3570202127
3570203352
3570203360
3570203638
3570203980
3570204170
3570204324
3570204642
3570205231
3570205320
357020538X
3570205401
3570205622
3570205851
3570205932
3570205967
3570206009
3570206017
3570206181
3570206572
3570206971
3570207099
3570207102
357020720X
3570207528
3570208079
3570208117
3570208141
3570209008
3570210324
3570211886
3570213331
3570240223
357026002X
3570260127
3570260216
357026078X
357026081X
3570261085
3570261166
3570270009
3570300730
3570500209
357201171X
3576131086
3577307250
3596108675
3596109841
3596110815
3596113776
3596121841
3596124417
3596126894
3596127483
3596128668
3596129206
3596130387
359613045X
3596130735
3596133319
3596137306
3596139422
3596139848
3596140455
3596140463
359614163X
3596144671
3596147514
3596148340
3596148820
3596149878
3596150981
3596151821
359615281X
3596156955
3596156963
3596200199
3596200261
3596214629
3596215226
3596219817
3596220807
3596222206
3596224284
3596228689
3596247500
3596267447
3596270227
3596282012
3596282225
3596292646
3596294290
359650158X
3596505151
359650533X
359650547X
3596505941
3596506859
3596800129
3596800609
3596801931
3596802024
3596802334
3596803055
3596803225
3596803365
3608910387
360893412X
360893541X
3608935428
3608935436
3608935444
3608951490
3608952128
3612265830
3612275127
3625203499
3627001036
3630620388
3635601276
3701704600
3704320196
3720523187
3746611571
3746614007
3746614201
3746615518
3746616905
3746617219
3746617987
3746618363
3746618894
3746619157
3746619173
3746619424
3746652618
3746655153
3746655552
3760747205
3760754201
3760754589
3760762379
3763246614
376325059X
3764501146
3766837192
3770153987
3770402782
3770422554
3772516580
3774227225
3774259186
3774600899
3776704675
3778737546
378170341X
3781751317
3784415997
3785523408
378552515X
378552580X
378552708X
3785527195
3785527454
3785529058
3785531222
3785532210
3785533063
378553308X
3785533349
3785533357
3785535694
3785538448
3785538960
3785540159
3785540329
378554040X
3785542291
3785544200
3785702272
3785721528
3788606630
3788629207
3789106917
3789115541
378911989X
3789120626
3789129402
3789129410
3789131202
3789142077
3789142085
3789144177
3789161403
3791504576
3791504657
3791519603
3791530151
3791530259
3791530321
3791535544
3791535560
3792000261
3794129962
3794134141
3794521153
3795113997
3799501061
3800022702
3800023385
3800026163
3800026589
3800029871
3800040360
3800070103
3802527178
3802527356
3802527623
3802527739
3802532198
3802532651
380430141X
3805206739
3805207115
3806201498
3806822875
3806844577
3809402559
3810501409
3810508985
381052042X
3811806475
3814401077
3814401115
3814403932
3814421159
3814423143
3814423151
3814425073
3815011809
3815018110
3815018552
3816690580
3821812605
3821815213
3821818271
3821835257
3822502510
3822813982
3822819794
3822855243
3822860867
3822861391
3822861464
3822881643
3828959520
3828969992
3828972748
3828975569
3829003307
3829068263
382908319X
3829701748
383330071X
383371056X
3850011089
3850495299
3854524420
386042131X
3860475533
3860700022
3861503891
3870700866
387158035X
387181461X
3880221014
3884770004
3886798216
3886807843
3891063938
3892480036
3893314555
3893434011
3894055154
3894250763
3894252804
3895082848
3895088234
3895841439
3895849596
3895849618
3896043099
3897051451
3898112934
3900956014
3900956022
3900956081
3905008238
3924491909
3929017237
3930671239
3932069099
3932211006
3932784863
3934460003
3934460062
3934614191
3935569025
3936018022
4091011896
4190869775
4712063011522
4712063012611
4770006950
4770025947
4834008800
5012657712316
5040009437
5126659847
5410005368
5415008233
5415012672
541501294X
5415014195
5415445145
5553857651
5601640090335
5701203271
5790003303
5797900068
5798901823
579890184X
5807101219
5857750229
5870660025
5886871144
7099903993
7111115929
7208050031
7500064772/H`
7500739206
7500829574
7502820469/Z
7505715909
7506318881
7532730158
7537823421
7541520713/Q.
7544223442
754430017X
7560011756
7561327293
7562316783
7777777777
7800733661
7801477308
7806313117
7810366785
8014366020338
8020711457
8022010340
8022010545
8022011215
8022011371
8071151432
8071187569
8071850454
8072578618
8085213648
808539572X
8088897882
8088897947
8088939372
8090196071
8096752545
8172234988
8187671173
8202159040
8247802368
8252501478
8252517374
8304046172
8307023645
8308029094
8310077343
8321608345
8324003266
8371208030
8371298587
8372203601
837220439X
8372274975
8372553300
8372554897
8372557675
8373226028
8385079068
8385276238
8385468137
8385661026
8386268190
838661188X
8387021873
8387376108
8387463604
8387498467
8389291045
84.2657243X
8401242304
8401305306
840132162X
8401323924
8401327865
8401328217
8401328810
8401328942
8401329027
8401329132
8401329205
8401329647
840133165X
8401335191
8401340152
8401341507
8401371783
8401418844
8401422256
8401422590
8401422663
840142268X
8401423023
8401461170
8401461944
8401462231
8401469600
840147034X
8401474663
8401474671
840147468X
8401474744
840147941X
8401479444
8401490014
8401491029
8401491843
8401491975
8401492408
8401494125
840149527X
8401499127
8401620317
8401813123
8402013813
840205076X
8402056660
8402067107
8402067115
8402079768
8402081754
840208284X
8402083757
8402085822
8402086543
840309289X
8403092903
8403093004
8403602545
8408020382
840802051X
8408022083
8408022547
8408022938
8408024485
8408025465
8408030159
8408031856
8408031996
8408037404
8408038338
8408038745
8408039369
8408042467
8408043285
8408043641
8408044842
8408045075
8408047957
8408048082
8408052152
8420400181
8420401331
8420401552
8420428701
8420428884
8420429872
8420430943
8420441708
8420441929
8420444642
8420444707
842044491X
8420444936
8420444995
8420447595
8420447889
8420447927
8420447943
8420448435
8420449156
8420450006
8420450588
8420455202
842045530X
8420455474
8420457213
8420457477
8420457868
842046435X
8420465577
8420466034
8420480797
8420481025
8420481378
8420484121
842060125X
842060500X
8420610275
8420611085
8420611387
8420611948
8420613487
8420616168
8420616893
8420617229
8420617415
8420621633
8420633119
8420633275
842063333X
8420633399
8420633518
8420633941
8420634093
8420634158
8420634727
8420635553
8420636258
8420636282
8420636401
8420636665
8420636967
8420638005
8420638129
8420638218
842063882X
8420638900
8420639540
8420639834
8420641227
8420646148
8420646199
8420646237
8420646318
8420646326
8420646407
842064689X
8420654116
8420672211
8420672599
8420700150
8420700223
8420700304
8420725897
8420725927
8420725935
8420733083
8420734160
8420738069
8420738093
8420739480
8420739510
8420744794
8420751049
8420767077
8420767255
8420777668
8420777684
8420782904
8420789895
8420790079
8420790796
842079239X
842097501X
8421404032
842160970X
8421611828
8421612093
8421614703
8421614770
8421615386
8421615424
8421615734
8421618199
8421618245
8421622749
8421628577
8421631853
8421631926
8421631942
8421636294
8421813455
8421823930
842260518X
8422606178
8422606615
8422610221
8422612275
8422614685
8422618265
8422620294
8422620782
8422621452
8422621789
8422627949
8422628066
8422630168
8422631946
8422643758
8422644398
842264892X
8422650150
8422655500
8422658984
8422667657
8422672731
8422672979
8422679876
8422683644
8422683881
8422685221
8422686112
8422686473
8422687739
8422689960
8422689987
8422690853
8422693445
8422695367
8422697351
8422698250
8422698269
8422698277
8422698293
8422698307
8422698315
8422698323
842269834X
8422698366
8422698374
8422698382
8422698404
8423307328
8423309142
8423309177
8423309223
8423309835
8423310353
8423312712
8423313638
8423320502
8423329437
8423329941
8423331962
8423332683
8423333140
8423333175
8423334260
8423625559
8423626806
8423640140
8423643247
8423648990
8423651118
842365155X
8423655156
8423655164
8423662152
8423911411
8423918106
8423918122
8423918351
8423920011
8423962946
8423963403
8423970647
842397233X
8423973263
8423974006
8423976645
8423988724
8423988821
8423994996
842399581X
8423995879
842399662X
8423998657
8424114507
8424130111
8424131789
8424131878
8424179196
8424673336
8424675010
8424681045
842468611X
8424686446
8424687159
8425327059
8425333296
8425336880
842542092X
8425509815
842610164X
8426105599
8426105726
8426108083
8426109071
8426114644
842611556X
8426116256
8426119174
8426121365
8426313191
8426314325
8426316387
8426321720
842632455X
8426327346
8426327370
8426330436
8426341918
8426343031
8426411487
8426430279
8426434029
8426495230
8427002424
8427025513
842702679X
8427028121
8427124902
8427201265
8427202679
8427202741
8427202881
8427207042
8427285094
8427285248
8427906471
8427908040
8427933800
8428601135
8429434852
8429449256
8429710329
8429713948
8429714936
8429717757
8429721460
8429729550
8429731156
842974178X
8429742379
8429744266
842974679X
8429749411
8429750010
8430571027
843057106X
8430578447
8430594558
8430604162
8431001437
8431509767
8431635746
8431637218
8431641401
8431702451
8432021105
8432021148
8432021504
8432040398
8432053589
8432053945
8432055697
8432065617
8432065625
8432068179
8432072567
8432122068
8432205311
8432206008
8432207829
8432210897
8432210900
8432216062
8432220035
8432221600
8432221651
8432221775
8432221783
8432221910
8432222690
8432226017
8432230073
8432230308
8432240036
8432295051
843390650X
8433910868
8433911775
8433914553
8433914766
8433920588
8433920847
8433925180
8433961578
8433966111
8433966634
8433968513
8433968963
8433968998
8433969021
8433969633
8433970119
8434411091
8434580314
8434580330
8434585995
8434808188
8434808706
8434808986
8434809028
8434809923
8434810018
8434811375
8434811634
8434811677
8434815397
843481613X
843482082X
8434821508
8434824612
8434832003
8434840391
8434846861
8434847434
8434850915
843485094X
8434851865
8434852497
8434852861
8434853264
8434855143
8434856719
8434861836
8434862123
8434866196
8434871688
8434873028
8434873613
8434877821
8434877856
8434878496
8434881330
8434886472
8434886863
8435000095
8435001458
8435015521
843506.5103
8437502268
8437600685
8437600723
8437600898
8437600928
8437601142
8437601193
8437601797
8437602130
8437602572
8437604117
8437604575
843760494X
8437605121
8437605229
8437605679
8437606608
8437606780
8437607000
8437609666
843761371X
8437614147
8437614767
8437615607
8437618053
8439210450
8439509138
8439582471
8439587309
8439596006
8439598459
8439694474
8439702469
8439702906
8439704135
8439704852
8439707444
8439708653
8439709188
8439709498
8440202180
8440203373
8440203519
8440203535
8440203543
8440203926
8440204051
8440204159
8440205481
8440205678
8440205716
8440205724
8440205945
8440206283
8440206879
8440207700
8440207719
8440209177
8440210655
8440612850
8440616368
8440629559
8440630794
8440637128
8440639910
8440643586
8440648367
8440652410
8440655010
8440658699
8440658923
844066169X
8440666608
844066785X
8440667884
8440668139
8440668708
8440670729
8440672136
8440672322
8440672330
8440672659
8440673078
8440673086
8440673337
8440675445
8440676670
8440676700
8440677529
8440677774
8440679319
844068844X
8440690363
8440691955
8440697945
8441000034
8441317208
8441402981
844140352X
8441406286
8441407487
8441501742
8445070339
8445070371
8445070703
844507119X
8445071394
8445071408
8445071416
8445071769
8445071777
8445071793
8445071955
8445072331
8445073451
8445073559
8445073966
8445074059
8445074334
844550018X
8447307336
8447308839
8447312089
8447313603
8447314375
8447315134
8447315193
8447315215
844732141X
8447322270
8447322734
844733161X
8447333760
8447333795
8447903400
8448030621
8448032136
8448032683
8448034023
8448301919
8448700015
8448700058
8448700597
8448802861
8448902378
8448907086
8449308534
8449503027
8450023238
8450591481
8459900614
8460408272
8460536327
8460734293
8466107312
8466300236
8466300279
8466301402
846630228X
846630259X
846630276X
846630326X
8466304630
8466304991
8466305033
8466305041
8466306234
8466307125
8466309004
8466309233
8466309578
8466310533
8466310827
8466606335
8466608753
846661043X
8466610499
8466610685
8466612815
8467001275
8467003383
8467004509
8467013249
8467014105
8467201266
8467201487
8467201509
846720639X
8467206403
8467501952
8470021184
8470021346
8470176811
8470390244
8470390260
8470391127
8470410083
8470805274
8470950444
8471483394
8471516039
847154136.X
8471663457
8471666731
8471690411
8471782936
8471785420
8472026442
8472230082
8472232158
8472236552
847223682X
8472236994
8472237966
8472239381
8472239721
8472504751
8472792390
8473800370
847386199X
8473863542
8473931076
8474101298
8474101417
8474103983
8474104769
8474104963
8474233747
8474763363
8474891019
8475023169
8475058965
8475073697
8475078427
8475079814
8475100481
8475159036
8475251471
8475290019
847529040X
8475290442
8475291228
8475294901
8475296432
847529653X
8475296998
8475303757
8475612415
8475670016
8475681948
8475683258
8475742661
8475843077
8475960294
8475961460
847596172X
8475961762
8475968392
847600060X
8476120001
8476299885
8476347510
8476405561
8476407548
8476510462
847651252X
8476517815
8476603134
8476716753
8476722214
8476722761
8476726228
8476726589
8476726627
847672909X
8476729286
8476729979
8476803583
8476803613
8476803850
8476813708
8476813864
8476813937
8477204055
8477205094
8477207399
8477221057
8477270082
8477357862
8477358303
8477391912
8477720088
8477731829
8477731950
8478091106
8478093362
8478131078
8478243313
8478243895
8478266054
8478332502
8478442510
8478443223
8478443320
8478443487
8478443746
8478443827
8478444211
8478446117
8478447105
8478447229
847880322X
8478808620
8478809155
8478821791
8478841938
8478881557
8478882472
8478883126
8478884459
8478884831
8478884955
847888498X
8478885196
8478885218
8478885463
847888601X
8478886451
8478886508
8478887423
8478888330
8478888845
8478950257
8478950842
8479017694
8479018070
8479018682
8479270039
8479270233
8479274182
8479600977
8479693223
8479792523
8480940093
8481091758
8481163279
8481300683
8481301191
8481301248
8481301264
8481301310
8481301647
8481301795
8481302198
8481302449
8481302635
8481302899
8481303631
8481303704
8481305235
848130560X
8481362085
8481362417
8481362638
8481363502
8481982075
8482112236
848216015X
848218024X
8482230336
8482395467
8482396676
8482561898
8482643479
8482644483
8482860046
8482861328
8482863126
8482863495
8482864858
8482867482
8482880365
8482881361
8482883550
8482885065
848300268X
8483005123
8483006529
8483009595
8483009803
8483024705
8483027941
848302831X
8483028794
8483064707
8483069504
8483101610
8483101955
8483105365
8483105373
8483106159
8483106574
8483140004
8483255898
8483256541
8483314592
8483319101
8483319616
8483319675
8484032078
8484034453
848403447X
8484034534
8484037592
8484110036
8484330478
8484332039
8484411036
8484411664
8484411877
8484470857
8484470970
8484470989
8484482782
8484500012
8484500152
8484500349
8484500489
8484500519
8484500640
8484500934
8484501302
8484501450
8484501965
8484502074
8484502864
8484504328
8484504336
8484504638
8484505014
8484505294
8484506630
8484507912
8484508633
8484602508
8484603326
8485211111
8485337255
8485337492
8485455061
848545507X
8485471679
8485609980
8485781155
8485820673
8486542480
8486675480
8486766672
848688313x
8487484484
8487484492
8487484506
8487484549
8487507301
8487507735
8487507808
8488303483
8488337094
8488413432
8488413750
8488730179
8488791518
8489080941
848966921X
8489669309
8489669325
8489669449
8489669457
8489669465
8489669597
848966983X
8489691878
8489715408
848971584X
8489979235
8493152064
8493225061
8493252816
849326542X
8493337951
8495002175
8495007657
8495177072
8495311046
849535473X
8495407280
8495501007
8495501252
849550152X
8495501627
8495501651
849550166X
8495583127
8495589648
8495589834
8495594161
8495601133
8495618109
8495618494
8495618605
8495700271
8495712415
8495752026
849575231X
8495787555
8495971216
8495971763
849597181X
8495971860
8495980215
8495980525
8495980568
8496075591
8496088014
8496142035
8496180050
8496231054
8496246086
8496246167
8496246175
8496246221
8496246434
8496246582
8496246809
8497350588
8497460723
8497461088
8497461495
8497461517
8497590767
8497591259
8497592433
8497592778
8497592905
849759293X
8497593588
8497593944
8497594258
8497595017
8497595696
8497596390
8497597656
8497630432
8497642805
8497830326
849783058X
8497830601
8497890116
849793251X
8497933095
8497933184
85.326.18456
8500007974
8500009101
8500009713
8500010428
8500013230
8500116951
8500412399
8500801190
8501012076
8501014877
8501019437
8501035289
8501041300
8501046019
8501060445
8501067113
8501915505
8508029748
8508040016
8508040830
8508046030
8508046642
8508052170
8508052928
8508052995
8508054319
8508055587
8508057512
8508065183
8508067712
8516008177
8520501826
8521902069
8521902247
8525002402
8525005037
8525010995
8525033464
8526003070
8526003364
8526205412
8526219278
8526238426
8531102340
8532215300
8532216579
8532501028
8532506240
853251166X
8533607563
8533615167
8571234582
8571640696
8571644756
8571644950
8571648395
8571649375
8571649944
8572325638
8573022396
8573022876
8573024771
8573211415
8574023477
8575810138
858542821X
8585466960
8585490268
858587984X
8586821071
8587122061
8587791052
8639300267
8674360645
8681283405
8700550612
8714194910
8721014213
8759500034
8779010784
8804258608
8804279737
8804294078
880430281X
8804319844
8804320559
8804321008
8804323671
880432581X
8804342838
8804347368
8804359277
8804361204
8804372192
8804375914
8804390298
8804394714
880439594X
8804396105
8804396156
8804397527
880439904X
8804401222
8804403012
8804405090
8804406828
8804413476
8804413557
8804413662
8804416513
8804427590
8804433434
8804433515
8804435526
8804436182
880444438X
8804446285
8804446870
8804454849
8804454865
880445878X
8804465905
8804465913
8804466863
8804467053
8804467061
8804468769
8804469102
8804469722
8804479094
8804483369
8804483385
8804486074
8804486856
8804487682
8804489472
8804491574
880449817X
8804503912
8804504110
8804507543
8804515465
8804516844
8804521686
8804522232
880452944X
880505402X
8805058998
8806117858
8806118293
8806129376
8806135309
8806136658
8806141139
8806143042
8806145088
880616368X
8806166484
8806296604
8806330683
8806581562
8807014092
8807014955
8807016354
8807701375
8807809907
880781031X
8807810549
8807810794
8807811022
8807811073
8807811421
8807811936
880781210X
8807812436
8807812576
8807812940
8807813823
8807814080
880781434X
8807814986
8807815206
880781532X
8807815761
8807817187
8807821184
8807821427
8807920026
8807920441
8809011996
8809023099
8809206126
8809209303
881136230X
8811661129
8811671159
8811685486
8817106119
8817106259
8817113972
8817115207
8817115827
8817131628
8817150193
8817150479
8817153567
8817169455
8817170070
8817664243
8817851493
8817860751
881787017X
8820017865
882002117X
8820024381
8820026945
8820114690
882211311X
882470476X
8824704891
8828600144
8830408875
8830419788
8831521950
8831760122
8834403088
8834702050
8834705963
8834707907
8835940168
8835951062
8838435081
8838435197
883843607X
8838436568
8838454108
883845518X
8838455422
8838455473
8838910170
8841514116
8841802170
8842483079
884248315X
8842483575
8842483583
8842483605
884248363X
8842483648
8842522929
8842611026
8842611042
8842806978
8843802356
8845121550
8845123294
8845171140
8845217329
8845222101
8845247465
8845410072
8845423050
884590184X
8845901858
8845907120
8845907341
8845911209
8845914305
8845916103
8846200012
8846200349
8846200659
8846200683
8846610202
8849403577B
8850200579
8850203152
8870310248
8870684989
8870689247
887091089X
8871003535
8871003543
8871004140
887100602X
8871009134
8871060008
8871223470
8871527704
8871921518
8872031745
8872261872
8876413790
8876843205
8876844791
8876924094
8876924604
8877469455
8877469838
8877706066
8877824875
887782512X
8878182397
8878182427
8878188212
8878190381
8878193100
8878199915
8878244570
8878244716
8879261096
8879261541
8879830163
8879831410
8879831526
8879832204
8879832492
8879835688
8879835858
8879836102
8879836900
8879839624
8880891766
8880893971
888089787X
8881111594
8881124254
8881243962
8881801507
8881834863
8881836890
8881837293
8881930625
888274129X
8882741486
8882743691
8882743942
8882744493
8882891496
8882892204
8882896714
8883641361
8884511607
8884513413
8885414672
8886845081
8887750017
8887881197
8887936641
8983140674
898314369X
9001555926
9020276867
9020426052
9021466937
9022530450
9022990494
9024219523
9024504295
9024526663
9024537533
9024539242
9024545595
9024546354
902541494X
9026910525
9027439028
902820833X
9038914393
9041300139
9045007436
9050006043
9057680254
9062130585
9062139019
9066920785
9070506041
907065699X
9074336329
9074336639
9074336825
9080447536
9117920418
9119514913
911951591X
9127098818
9129493374
9132131089
9132322658
9146200177
9153421388
9170210667
917024619X
9171339752
9172421150
9172632917
9174487892
9176425630
9176436470
9176438694
9176438910
9177076257
9231017012
9312796000807
9323456296737
950028359X
9500285339
9500417561
9500418606
950042410X
9500512343
9500703203
9500715309
950072040X
9500720418
9500720426
9500722771
950072359X
9500723832
9500801663
9500814005
950081417X
9500815214
950151546X
9501520021
9504906087
950491036X
950511446X
9505116721
9505156642
9505470010
9506144656
9506410860
950731332X
950742895X
9507530193
9507682074
9509009059
9510000868
9510056456
9510057576
9510099716
951013449X
9510134554
9510140112
9510156035
9510170100
9510170682
9510180823
9510195030
9510204900
9510222313
9510223603
9510225347
9510245968
9510253251
9510260738
9510279307
9510282855
9511022598
9511080350
951108285X
9511095943
9511114891
951112496X
9511135333
951114426X
9511145320
9511149628
9511158678
9511163558
9511168932
9511172115
9511173758
9511176730
951119108X
9512026015
9512307707
9512336928
9512340496
9512342421
9513089460
951310902X
9515786657
951578963X
9516118534
9518732485
9524590395
9524591065
9524591693
9524710668
9525194639
952547402X
9529582048
9532200096
9536293056
9561111918
9561209136
9561301660
9561308770
9561311739
9561601109
9562392082
9579809593
9580464154
9580464162
9580600031
958704049X
9590802494
9590804160
9590804535
9597030551
9597124017
9597135167
9600333491
9600401241
9600403082
9600509883
9601402721
9601406360
9602083271
9602363894
9602740507
9602936908
9607021436
9607021622
9607919270
9633524245
9643060969
9643125777
9644481321
9645643724
9645757029
9646117171
964611718X
9646578969
9646635385
9647033117
9649282793
964_7049_05_6
9653610481
9653611283
9676101494
9676101710
9676101915
9676104817
9676104825
9676108952
9676108995
9676109002
9676109630
967610986X
9676111619
9676111627
9676111635
9676112259
9676112275
9676112305
967611300X
967611345X
9676113468
9676114588
9676114618
9676115975
9676115983
9676115991
9676517704
9679522814
9679662225
9679785920
9679987167
9681312473
9681330722
9681500563
9681500830
968150108X
9681602072
9681902068
9681903900
9682989302
9684529287
9684940912
9685368503
9687723106
9700510123
970051336X
970651452X
9707100567
9709161512
9710805207
9710834363
9710862847
9712712125
9715115314
9715690890
9718340181
971899467X
9719019166
9719175672
9719175680
9719201894
9719214872
9720051019
9720067306
9721009512
9721026697
9721029742
9721030988
9721042366
9721043257
972104511X
972104721X
972104749X
9721048151
9721049638
9722000020
9722008048
9722014323
9722016202
9722016210
9722018841
9722019384
9722020609
9722023373
9722024493
9722026011
9722100386
9722100459
9722100726
9722102923
9722105248
9722105485
972210568X
9722105922
9722107763
9722108328
9722109030
9722109316
9722111159
972211137X
9722111450
9722112201
9722112384
9722113542
9722113747
972211493X
9722116118
9722216333
9722217186
9722218786
9722312251
9722315544
9722316575
9722317210
9722319019
9722319345
9722319914
9722321927
9722322125
9722322702
9722324993
9722325337
9722325698
9722326015
972232635X
9722326937
9722327135
9722328212
9722329359
9722330446
9722411438
9722502514
9722511149
9722511653
9722511971
9722512293
9722513524
9722900994
9722902059
9722902636
9722902911
9722903381
9722903497
9722904043
9722904469
9722904973
9722905406
9722906259
9723108453
9723701782
9723702363
9723702487
9723703718
9723706563
9723815869
9724109879
9724111911
9724111989
9724116913
9724118487
9724120007
9724120724
9724127036
9724131319
9724131637
9724135373
9724135756
9724204154
9724208761
9724216683
9724219968
9724222500
9724225623
9724225690
9724227030
9724227847
972422919X
9724302768
9724303160
9724303209
9724303837
9724403068
9724405664
9724407764
9724408647
972460957X
9724609731
9724615197
9724615332
9724701131
9724722678
9724726347
9725002830
9725300432
9725400674
9725642767
9725643887
9725645227
9725970306
9726080045
9726080088
9726100682
9726101247
9726101824
9726102065
9726106141
9726111390
9726111404
9726112257
9726112648
9726113199
9726115582
9726116007
9726116074
9726116279
9726116902
972611702X
9726118247
9726274591
9726490561
9726622751
972662410X
9726624185
972662441X
9726624797
9726624835
9726624851
9726624878
972662536X
9726625785
9726626064
9726626250
9726627257
972670037X
9726700396
9726802466
9726950872
9726951666
9726952514
9726954835
9726994322
9727071937
9727085261
9727086578
972708673X
9727110843
9727112137
9727114059
9727114377
9727114539
9727114962
9727123198
9727221041
9727593690
9727595545
9727595553
9727713629
9727716180
9727716334
9727721583
9727722458
9727722466
9727920462
9727980880
9728082436
9728165145
9728202032
9728393644
9728423160
9728436408
9728436440
9728529589
9728541007
9728541260
9728576021
9728579225
9728579675
9728632592
9728751249
972877401X
9728838034
9729360065
9729360111
9729360154
9729478198
9729750734
9729801320
9729911908
9732001526
9732005521
9732500700
9732502568
9732503823
973340182X
9733404098
973380116X
973500450X
9735731150
9735763958
9735763982
9735763990
9735833026
973601097X
9736083861
9736530884
9736833364
9736838927
9738171326
9738171334
9739032052
9739104045
9739182623
9739217184
9739225012
9739293638
9739293646
9739293654
9739319092
9739453406
9739494129
9739494501
9739502407
9739507972
9739507980
9739523013
9739531008
9739541089
9739559484
9739601103
9739601154
9739611567
9739717535
9739797245
9739815952
973981638X
9739867219
9739878571
9739973736
9748237389
9750803833
9750805968
975080628X
9751009332
9754030308
9755701753
9755702067
9757991236
9758212583
9758420771
9768175087
9770104987002
9770390107900
9780140327243
9780141311425
9780207197314
9780590962735
9780602264079
9780896086685
9780999436745
9781400032648
9781562477547
9781895636291
9782070368075
9782070368167
9782070375165
9782070392605
9782226053886
9782226116680
9782226133892
9782246633815
9782253006169
9782253149101
9782277211976
9782290314951
9782449040
9782702478479
9783453199316
9783492227575
9783499144028
9787506309745
9788408025023
9788420447865
9788423648993
9788423651108
9788434846852
9788475965949
9788484505075
9788484601104
9788485820689
9788497598392
9788532219022
9788807814327
9788845906862
9789600404388
9789724120607
9789724129457
9792038744
9792204369
9796554488
9810032439
9810068565
981204132X
981204695X
981204731X
9812320164
981305607X
9813056398
9813056576
9814096679
9831040538
983124043X
9831240588
9831240626
9831240774
9831241096
9831241185
9831241495
9834037244
9836210989
9836220208
9836225277
9836226060
9836240853
9836250476
9836251804
9836252797
9836257691
9836257713
9836261575
9836265066
9836267522
9836272054
9836279695
9838120200
9838120332
9838120634
983852381X
9838933848
9838933945
9838934143
9838934178
9838934445
983893447X
9839177028
9839216120
9839216708
983942243X
9839541323
9839804154
9839956205
9871106181
9871138016
9871138024
9871138148
9876543210
9879017056
987906500X
9879280350
9958101416
9963617166
9963617379
9972402207
9986003059
9986195152
9986437164
9986536189
9986575370
9986945682
9997405307
9999000350738
N0440219078
N0553282980
N3704320196
O8408040294
O8474238757
O8495712555
3502103682
00000000
00000000000
000123361
0002158673
0006363062
00064409422
000644714620
000655068
000672296
000712728
00099551101
000_222_777
0012245121223
001942303250
002044250
002817982
002862869
0034472272
003453549310
0060195544
00644005650
006440336
006440630
00644110870
006443149
00644722640
0064473795
006754252
00766526
0084230911X
00876532
0099421813X
009978491
0131872032
0136666343
0140001979
014001751
01400307430
0140060266
014010362
0140126894
0140177394
014021649
014023750
01402545440
014032462
014032871
014036454
01403798501
014038572
014130689
014131088
0141328718
01420000981
015412151550
015558366150
01559027830
0156013893
018629111340
018759897060
019678974
0218140915
0219764110
0261107237
0263716048
026373918
02903081457
03.7156.7
0307127969
031296924
031297493
0312979811
031628495
031676948
033031582
033032952
033048205
0331561685
03395775396
0340393004
0340535236X
034058269
03408545960
0345256085195
0345265606
03452822256
034531386
034533762
0345345621
034535049
0345354658
03453844660
034543943
034544686
0349105414
0357325444
0373072077
0373155977
037325986745
037438706
0375480095
037570305
0375970060
0380000029
038001782
038042150
0380452782295
03805616X
038070827
038071152
038078431X
038079960
0383157878
0385077253
03853222160
038549081
038550120
03856053310
0391987430
039309251
0399219928
0400228859
040900468
0415525698
041688470
042517890
04251840
04252540
04316540
0432534220
0432566840
0435117383
0435121526
04372029
0439013914
043904399
043905871
043913957
043920688
04395075209
044000386
0440141168495
0440205492595
0440205875>>3
044020729
0440208823328
04402266860
044022840
044023722
044025701
044028513
044031488
04404398844
0440900189
0440943582>>2
0440967694..3
044100186
044100693
044126192X
0441484921195
044172351
044187133
04431056250
044609617
044631078
0446313106002
044660940
04489505X
044902684175
04497002766
0450041904
0451148033
045115575750
045152315
0452282428
0454576210
045L523369
046087135
046123460
0466365386
0484105940
04864Q4277
049130204
0509603868
0509674331
05148801400
051511640
05162443314
051749078
051854878
052594527
0533012606
0533211358
0533233661
0533274295
0533274503
0533289322
0535569910
055210827
05521520827
05530895285
0553127280
055315611
055315639295
0553248987>>2
0553260690
055327753
055327824X>>3
055328041350
0553283695
05532969981
055348531
0553486568
055358636
055381344
0576737098
0590061098
059010991
05901238785
059018749
059035342
059035420
059039720B
059041714
05904526601
0590467979
0590468194
059048141
059062808
059069216
05906991309
05909447110
059257013
06000602621
0600090383
060109207X
060256656
0605515752
061815082
064400077
06514251
06550053
0666320040
0670728139
067083047
067091133
06710045490
06710872672
06717031231
067174920
0671773510
0671784008
067181740
0671822209275
0671836082
067189859OBC
0671989264
0672722794
0676971411
0677829010
067973477
0679763671
067`027581
0681115311
0684878380684
0688167414
068817508
068971482
06898395530
06898489919
0694036251
069484267X
070972093
070989068704
071831006998
072253955
072310551
072320594
0734501537
074340078
0743407685
07472668
0747451006
074754624
074756342
075130728
07528438733
07636188292
07636241600
0771060545
078073006991
0785817089
0786862200
07868900002
0793345691220
0796961290
080078025
080410603
080410753
080411498B
0804160304
080532562
0811827413
081296633X
0812=5459580
0814115761
081671038
081672265
08217460202
0835504209
083616295
0836468730
084207827420
084226554970
084233570B
084320370360
08440223889
084772040550
084787108090
084896696350
084954891630
0879073234
0882516004
088396631
08844279
088891851
0891343580
08938802178
089577620
090968913
091967065
0921912090
0921912810
092272936
0929643063
093013108
0938819178225
0938819747495
0938819852495
0965030365
0965057430
0965088171
0965846868
0971687217
097203169
09741184206
098038072355
099178109
099771519
1,488/1,421)
10000000
1060902604
11238356
1132192X
1140087192
12123546500
121613/98
12307081075
1234561706
123456789
1234567890
136714463
139416034
14000077826
140034205
14093/86
154567609
15512450848
155166945X
1553269151
15577489564
1559746161
1560760682
156970209
15713994
1573353572
157731168
1582342119
1584855184
158852038
15911820537
15932800608
16490062
167160021
1689817851
174051448
1773456025231
178787469
18422550837
185501699
18553260436
186049899
1863812525
186386444
1871797299
188341069
188341077
188358/02
191819213
192093/03
192674/03
192675/03
192688881
19315114615
201001976
20132191498
202008731
20409233
2062004206200
2070334068
207036034
2070408079
207041573
210519752
2121234561
212317193
221075402
221104697
221104838
222602308
22530152730
225313653
2257228120
226603679
226609095
22666128825
229032117
22922424103
231233213
23322332
23358980
2422614189
2431250854
2459066062
250039394
2521428054
25411452
257716203
2621410541
266373394
2723423016
272427340
284599570
288405000X
29222424049
29222424065
294755441
30/6646/1
3011070908
312220855
3144801295
32502064
3261586225
3325100670023
3350000101
338188771
34010202293
340413035X
3406670000
340778063
34077856822
3423100424
3423708260
3440047725/9S
3442304980
344242527
344242529
344243386
344254159
34501532095
345019792095
345023021095
345272544250
345466750
345833422
34667829791
347352051
349912565
3499262454
350253266X
35600350
3570212419
361015322
363643810
3728541260
373104235150
3763247108
3781034920
37855190363
378552781
378553305
38000431095
380252389
3809407536
3860475884
3880510394
38885472201
394536746
394712587
39483612X
39484372X
394843754
399501487
399900012
401025260
40393837
4091042828
4141148981
425040348
43214113237
438303362
439139597
44001866175
44005853125
4442237432
44901668125
44901797
44902888095
451AE7709
451E9828
4531072962
46140689
4631506673
4879018070
4891362204
4902010000495
52300227150
528822713
538158931
538601306X
5386015402
5386015429
545318678641
55307027125
55307280075
5530773100
55308590195
553571060
55381275
55496871548
5751311543
583124976
586037950
586043470
590254812
592707261
597669126
604794086
618733532
631951068
644151296
646471365
6651801004
670010596
670259365
671774492
67177588X095
684124971
689669127
689710690
700970024
7020043275/1
7021449456
703599936
709930799
7100900250
7100900350
7126767100
714162727
716005778
71908979
721757016
7301365408
7508289001
7671400395
7678300699
779028986
7800053865/10
7800054262/10
7800054330/10
7800055523/10
780671034009
7807300499
782307359
782702478394
793188808
8001625191331
801040183
80614479619
8091411637
814907180
8221033666
8321362495
834860058
8371105167
84000000001
8400000003
8400000009
840000001
8420225222
8421628710
842264924I
8422693393
842306315
842399485
842468013
8429741773
8432021658
8432298509
843396982
843990650X
8440203694
84402207115
844068485
844069569
844731207O
844890766
844950348
846413036
846630592
8473855731
8475680524
847589064
847596776X
8482806167
84830068477
8483006993X
8483101337
848339462
848339640
84864780801
8488791634
84890774371
84955010301
8495796854
85080070993
8511046019
851602141
8691103247
871787532
8732500328
8735730669
87500671
880611587
880781272
880902407
88409806609
8844004662
884590184
884620137
885471345
885940249
8873122933
887424132
887818876
888019092
8884140807
8885412522
8890877701
8971007815
897580363
9076410222
914787567
9241568482
93.30.07.39
9420634808
946708109X
95007240X
950510863
9511061562
951283832
9526020011
9562180232
9586391688
9602500128
964760345
9671722778
9721716914
9722011532
972201840
972201949
9722020770
9722316573
972331608
9723817598
9724120200
972412522
972430292
972575235
972711405
9728305444
973254331
9733700212
9736820082
9739533901
978187834607
9788478885258
98300320
983378676
9838934218
9839216490
9881022419
9961723575
:+12082659096
ASSORT00626
B00005BBW4
B00005RID3
B00005W5VY
B00005W8I7
B00005WAAC
B00005WOUD
B00005XB0U
B00005XD6L
B00005XDYT
B0000640CT
B00006H3BO
B00007L4MJ
B00009NDBF
B00009RGB8
B0000B1O9O
B0000BJMMZ
B0000BSH37
B00019U4II
B0001GMSV2
B0001PBXMS
B158991965
B338032003
B37.3692002
BCID074116156
C81/2003
DOESNOTHAVEON
EBTTLE0650N8S
ISBN059050590
L55L668866
L9287490LL
M79702002
MOHSINDADAADN
MaeveBinchy
NA13152001
NA14322001
NA14332001
NANCYDREW
O141313242
O440222656
O440495962
O441555292
O452281903
O590459880
O590603647
O96815005550
ZR903CX0003
\0432534220"